seed,dimension,family,trial,translation_error,relative_error,additive_control_shift
0,1,simplex,0,4.440892098500626e-16,4.440892098500626e-16,0.09860829500278356
0,1,simplex,1,3.3306690738754696e-16,2.498001805406602e-16,0.08591440396766536
0,1,simplex,2,8.881784197001252e-16,8.881784197001252e-16,4.710719678491532
0,1,simplex,3,0.0,8.881784197001252e-16,0.8101069964048762
0,1,simplex,4,0.0,0.0,0.13029108279721302
0,1,simplex,5,0.0,0.0,0.42178508975731344
0,1,simplex,6,4.440892098500626e-16,4.440892098500626e-16,0.762237961913458
0,1,simplex,7,0.0,8.881784197001252e-16,0.5396795669569272
0,1,simplex,8,4.440892098500626e-16,1.3322676295501878e-15,0.15513819303192644
0,1,simplex,9,2.220446049250313e-16,2.220446049250313e-16,2.7030493116570335
0,1,simplex,10,0.0,8.881784197001252e-16,0.6816661664321728
0,1,simplex,11,9.43689570931383e-16,1.0547118733938987e-15,2.7809813497693465
0,1,simplex,12,0.0,1.1102230246251565e-15,3.4444050324502395
0,1,simplex,13,1.7763568394002505e-15,1.7763568394002505e-15,2.0538464074294165
0,1,simplex,14,1.7763568394002505e-15,4.440892098500626e-16,0.7268622574402688
0,1,simplex,15,2.220446049250313e-16,5.551115123125783e-16,1.1872891786100332
0,1,simplex,16,8.881784197001252e-16,8.881784197001252e-16,0.004236208206308323
0,1,simplex,17,0.0,0.0,3.762305899977026
0,1,simplex,18,8.881784197001252e-16,1.1102230246251565e-16,2.0855141302259783
0,1,simplex,19,0.0,0.0,0.1542020166521647
0,1,random,0,0.0,0.0,0.34470434861921717
0,1,random,1,0.0,8.881784197001252e-16,1.0157509554369328
0,1,random,2,1.5543122344752192e-15,1.5543122344752192e-15,1.586468673791133
0,1,random,3,2.220446049250313e-16,1.1102230246251565e-16,1.0065855983227365
0,1,random,4,4.440892098500626e-16,0.0,0.3498929627789398
0,1,random,5,7.771561172376096e-16,4.440892098500626e-16,1.0467146553731075
0,1,random,6,4.440892098500626e-16,4.440892098500626e-16,0.6599405509828697
0,1,random,7,1.7763568394002505e-15,0.0,1.2469112033772358
0,1,random,8,1.1102230246251565e-16,1.1102230246251565e-16,0.6296172217177904
0,1,random,9,4.440892098500626e-16,4.440892098500626e-16,0.2329983173192378
0,1,random,10,1.3322676295501878e-15,0.0,0.52235448283887
0,1,random,11,1.7763568394002505e-15,1.7763568394002505e-15,2.7163171454478636
0,1,random,12,0.0,0.0,0.12814246492783
0,1,random,13,8.881784197001252e-16,1.3322676295501878e-15,2.571601944338167
0,1,random,14,8.881784197001252e-16,8.881784197001252e-16,0.2393862272376488
0,1,random,15,8.881784197001252e-16,8.881784197001252e-16,1.5117704942210075
0,1,random,16,8.881784197001252e-16,4.440892098500626e-16,0.4854681622535679
0,1,random,17,8.881784197001252e-16,4.440892098500626e-16,1.741039083532625
0,1,random,18,2.6645352591003757e-15,4.440892098500626e-16,0.14247333599394096
0,1,random,19,8.881784197001252e-16,0.0,3.059619002936353
0,2,simplex,0,2.220446049250313e-16,2.220446049250313e-16,0.35730034913374453
0,2,simplex,1,4.440892098500626e-16,0.0,0.5999641688486754
0,2,simplex,2,1.3322676295501878e-15,2.6645352591003757e-15,2.5590799801269757
0,2,simplex,3,1.7763568394002505e-15,0.0,0.041228442525657716
0,2,simplex,4,1.7763568394002505e-15,0.0,0.04382201895803206
0,2,simplex,5,0.0,0.0,1.078791530274195
0,2,simplex,6,8.881784197001252e-16,8.881784197001252e-16,4.030428313876072
0,2,simplex,7,1.7763568394002505e-15,1.7763568394002505e-15,1.8070134305219412
0,2,simplex,8,0.0,1.7763568394002505e-15,0.89263019195627
0,2,simplex,9,1.7763568394002505e-15,1.7763568394002505e-15,1.7472355161557225
0,2,simplex,10,4.440892098500626e-16,0.0,0.3761255321204846
0,2,simplex,11,1.7763568394002505e-15,0.0,1.6143092361857896
0,2,simplex,12,0.0,1.7763568394002505e-15,2.0847616402670077
0,2,simplex,13,8.881784197001252e-16,0.0,3.0271102128166767
0,2,simplex,14,4.440892098500626e-16,1.3322676295501878e-15,2.0684705962133556
0,2,simplex,15,0.0,8.881784197001252e-16,2.696982802837532
0,2,simplex,16,3.552713678800501e-15,1.7763568394002505e-15,1.540914387288609
0,2,simplex,17,8.881784197001252e-16,0.0,0.2845009616468346
0,2,simplex,18,3.552713678800501e-15,1.7763568394002505e-15,0.10124907997611388
0,2,simplex,19,8.881784197001252e-16,8.881784197001252e-16,0.02783876981321498
0,2,random,0,4.440892098500626e-16,1.3322676295501878e-15,0.19752366872176452
0,2,random,1,0.0,1.7763568394002505e-15,0.46617389505034623
0,2,random,2,1.7763568394002505e-15,0.0,4.5325511448455345
0,2,random,3,3.1086244689504383e-15,1.3322676295501878e-15,0.4667901515074533
0,2,random,4,1.7763568394002505e-15,8.881784197001252e-16,0.10315396892292483
0,2,random,5,8.881784197001252e-16,4.440892098500626e-16,0.13847393337600877
0,2,random,6,8.881784197001252e-16,0.0,0.8808327013148158
0,2,random,7,0.0,0.0,0.04520343227757451
0,2,random,8,3.552713678800501e-15,1.7763568394002505e-15,1.7330702981693484
0,2,random,9,3.552713678800501e-15,0.0,0.07568158711624307
0,2,random,10,3.552713678800501e-15,8.881784197001252e-16,2.720406161604984
0,2,random,11,8.881784197001252e-16,8.881784197001252e-16,0.9753960614082331
0,2,random,12,1.7763568394002505e-15,0.0,0.18606341522750824
0,2,random,13,0.0,8.881784197001252e-16,2.2840066568457544
0,2,random,14,1.7763568394002505e-15,0.0,1.7811473251701795
0,2,random,15,1.5543122344752192e-15,2.220446049250313e-16,1.495475611993701
0,2,random,16,3.552713678800501e-15,3.552713678800501e-15,1.2205892704072596
0,2,random,17,1.7763568394002505e-15,6.661338147750939e-16,2.344139812413424
0,2,random,18,0.0,0.0,1.1596189678970248
0,2,random,19,2.220446049250313e-15,4.440892098500626e-16,4.700427603221161
0,3,simplex,0,0.0,1.7763568394002505e-15,5.952513458426715
0,3,simplex,1,8.881784197001252e-16,6.661338147750939e-16,2.2125152464431146
0,3,simplex,2,3.552713678800501e-15,1.7763568394002505e-15,7.436862127717134
0,3,simplex,3,1.7763568394002505e-15,1.7763568394002505e-15,1.2464262614691393
0,3,simplex,4,4.884981308350689e-15,2.220446049250313e-15,2.979088057106857
0,3,simplex,5,1.7763568394002505e-15,3.552713678800501e-15,2.082654127869354
0,3,simplex,6,8.881784197001252e-16,8.881784197001252e-16,1.6728924822728608
0,3,simplex,7,0.0,1.7763568394002505e-15,0.9267683590750089
0,3,simplex,8,1.7763568394002505e-15,0.0,1.0930112193964128
0,3,simplex,9,3.552713678800501e-15,5.329070518200751e-15,1.2285865190801886
0,3,simplex,10,1.3322676295501878e-15,1.3322676295501878e-15,3.0622279374986405
0,3,simplex,11,2.6645352591003757e-15,3.552713678800501e-15,0.6980775287663601
0,3,simplex,12,0.0,0.0,5.499234252606875
0,3,simplex,13,6.661338147750939e-16,1.5543122344752192e-15,2.6536617873567856
0,3,simplex,14,0.0,0.0,6.443891655346317
0,3,simplex,15,1.3322676295501878e-15,2.220446049250313e-15,3.039184283094798
0,3,simplex,16,1.7763568394002505e-15,8.881784197001252e-16,0.4924779929269576
0,3,simplex,17,1.3322676295501878e-15,1.7763568394002505e-15,0.21636201501864605
0,3,simplex,18,8.881784197001252e-16,0.0,2.7336879017748466
0,3,simplex,19,0.0,1.7763568394002505e-15,2.1511872064801807
0,3,random,0,2.6645352591003757e-15,1.7763568394002505e-15,1.6813183400543998
0,3,random,1,8.881784197001252e-16,8.881784197001252e-16,2.5856769039504233
0,3,random,2,1.7763568394002505e-15,1.7763568394002505e-15,0.7862360274223903
0,3,random,3,0.0,4.440892098500626e-16,2.540456166862832
0,3,random,4,4.440892098500626e-16,8.881784197001252e-16,0.8972963310007884
0,3,random,5,8.881784197001252e-16,0.0,3.289582870135199
0,3,random,6,1.7763568394002505e-15,1.7763568394002505e-15,4.01224660629623
0,3,random,7,0.0,0.0,2.8841744554112125
0,3,random,8,2.6645352591003757e-15,0.0,2.652249024694008
0,3,random,9,1.7763568394002505e-15,1.7763568394002505e-15,4.14364702951465
0,3,random,10,1.7763568394002505e-15,1.7763568394002505e-15,2.724502801451848
0,3,random,11,3.1086244689504383e-15,4.884981308350689e-15,2.1746276014680177
0,3,random,12,4.440892098500626e-16,4.440892098500626e-16,2.5090074940987286
0,3,random,13,3.552713678800501e-15,1.7763568394002505e-15,0.27622927604727465
0,3,random,14,0.0,0.0,3.700304921431915
0,3,random,15,3.552713678800501e-15,3.552713678800501e-15,1.9125972716482593
0,3,random,16,1.7763568394002505e-15,3.552713678800501e-15,0.7633658945875155
0,3,random,17,8.881784197001252e-16,8.881784197001252e-16,0.3422192851668484
0,3,random,18,8.881784197001252e-16,0.0,0.5362387546724534
0,3,random,19,1.7763568394002505e-15,1.7763568394002505e-15,1.2246691385590687
0,4,simplex,0,1.7763568394002505e-15,8.881784197001252e-16,0.39084760222433346
0,4,simplex,1,2.220446049250313e-15,8.881784197001252e-16,2.182255170654443
0,4,simplex,2,0.0,1.7763568394002505e-15,0.1458983878558513
0,4,simplex,3,0.0,0.0,0.28839196146640234
0,4,simplex,4,3.552713678800501e-15,3.552713678800501e-15,2.683520030826692
0,4,simplex,5,2.6645352591003757e-15,8.881784197001252e-16,1.6978043084933319
0,4,simplex,6,3.552713678800501e-15,1.7763568394002505e-15,2.9047397149410727
0,4,simplex,7,0.0,2.6645352591003757e-15,0.14617684290761446
0,4,simplex,8,1.7763568394002505e-15,1.7763568394002505e-15,6.480037678736778
0,4,simplex,9,3.1086244689504383e-15,2.6645352591003757e-15,10.076816447288863
0,4,simplex,10,8.881784197001252e-16,4.440892098500626e-16,1.859138233905341
0,4,simplex,11,2.6645352591003757e-15,8.881784197001252e-16,5.989815644473509
0,4,simplex,12,1.7763568394002505e-15,8.881784197001252e-16,0.851704172107155
0,4,simplex,13,5.329070518200751e-15,3.552713678800501e-15,1.2424409414028332
0,4,simplex,14,5.329070518200751e-15,5.329070518200751e-15,0.05518014112890768
0,4,simplex,15,1.3322676295501878e-15,0.0,0.45204132610388825
0,4,simplex,16,1.7763568394002505e-15,8.881784197001252e-16,0.67546110299444
0,4,simplex,17,0.0,0.0,5.313887959595149
0,4,simplex,18,0.0,1.7763568394002505e-15,2.1388095950088015
0,4,simplex,19,1.7763568394002505e-15,0.0,4.608680459144999
0,4,random,0,1.7763568394002505e-15,0.0,2.641469213536652
0,4,random,1,0.0,0.0,0.6570842017152216
0,4,random,2,1.1102230246251565e-15,1.1102230246251565e-15,1.2458663833908794
0,4,random,3,1.7763568394002505e-15,1.3322676295501878e-15,3.280411983160061
0,4,random,4,0.0,1.7763568394002505e-15,1.6683084847559897
0,4,random,5,0.0,1.7763568394002505e-15,1.879632374404368
0,4,random,6,1.7763568394002505e-15,3.552713678800501e-15,2.543817055352662
0,4,random,7,0.0,4.440892098500626e-16,0.10120718804098772
0,4,random,8,1.7763568394002505e-15,0.0,2.7883151007866687
0,4,random,9,8.881784197001252e-16,1.5543122344752192e-15,0.17260151505558952
0,4,random,10,4.440892098500626e-15,1.7763568394002505e-15,0.2717880334976428
0,4,random,11,0.0,3.552713678800501e-15,0.27668080475502776
0,4,random,12,1.7763568394002505e-15,0.0,8.438900694520129
0,4,random,13,1.7763568394002505e-15,0.0,5.234281921093494
0,4,random,14,2.220446049250313e-15,0.0,0.34504530065921557
0,4,random,15,7.105427357601002e-15,7.105427357601002e-15,4.39054545722059
0,4,random,16,1.7763568394002505e-15,0.0,2.2629282974114204
0,4,random,17,0.0,0.0,0.8852701468987831
0,4,random,18,2.6645352591003757e-15,1.7763568394002505e-15,2.2211491116346025
0,4,random,19,2.6645352591003757e-15,1.7763568394002505e-15,0.43084851010453207
0,5,simplex,0,1.7763568394002505e-15,2.6645352591003757e-15,3.214815526053229
0,5,simplex,1,3.552713678800501e-15,7.105427357601002e-15,3.2379649773421164
0,5,simplex,2,8.881784197001252e-16,1.7763568394002505e-15,2.6116293485171127
0,5,simplex,3,8.881784197001252e-16,2.6645352591003757e-15,8.537053599904574
0,5,simplex,4,8.881784197001252e-16,0.0,2.32551897062163
0,5,simplex,5,3.552713678800501e-15,0.0,5.624576031086022
0,5,simplex,6,2.6645352591003757e-15,3.552713678800501e-15,1.0024626959654093
0,5,simplex,7,1.7763568394002505e-15,8.881784197001252e-16,0.3081611383113909
0,5,simplex,8,8.881784197001252e-16,8.881784197001252e-16,1.259857388779153
0,5,simplex,9,8.881784197001252e-16,8.881784197001252e-16,2.3875338251508538
0,5,simplex,10,4.440892098500626e-15,4.440892098500626e-15,0.4999367124381351
0,5,simplex,11,0.0,0.0,2.8127949885482266
0,5,simplex,12,1.7763568394002505e-15,1.7763568394002505e-15,3.8225923321118636
0,5,simplex,13,7.105427357601002e-15,1.7763568394002505e-15,7.689998178117868
0,5,simplex,14,5.329070518200751e-15,0.0,3.126411077250996
0,5,simplex,15,3.552713678800501e-15,5.329070518200751e-15,2.7301426044367467
0,5,simplex,16,1.7763568394002505e-15,3.552713678800501e-15,1.8831015339258705
0,5,simplex,17,2.220446049250313e-15,2.6645352591003757e-15,0.9730357194086849
0,5,simplex,18,1.7763568394002505e-15,1.7763568394002505e-15,1.563913174495724
0,5,simplex,19,0.0,5.329070518200751e-15,1.8319557215273718
0,5,random,0,2.6645352591003757e-15,4.440892098500626e-15,0.5954118416420329
0,5,random,1,7.105427357601002e-15,2.6645352591003757e-15,1.5626841807916065
0,5,random,2,0.0,8.881784197001252e-16,5.675157872847155
0,5,random,3,4.440892098500626e-16,0.0,6.501973044284714
0,5,random,4,0.0,1.7763568394002505e-15,1.9941423450407356
0,5,random,5,2.6645352591003757e-15,8.881784197001252e-16,1.7767789165844405
0,5,random,6,0.0,1.7763568394002505e-15,0.6700863235165855
0,5,random,7,3.552713678800501e-15,3.552713678800501e-15,0.010686566824773536
0,5,random,8,4.440892098500626e-16,4.440892098500626e-16,0.8604308935562486
0,5,random,9,8.881784197001252e-16,8.881784197001252e-16,1.0310380548156246
0,5,random,10,3.552713678800501e-15,1.7763568394002505e-15,0.46207289317005973
0,5,random,11,1.9984014443252818e-15,6.661338147750939e-16,0.5425006703448645
0,5,random,12,1.7763568394002505e-15,1.7763568394002505e-15,1.7097308603223098
0,5,random,13,1.7763568394002505e-15,3.552713678800501e-15,10.262880512553313
0,5,random,14,0.0,1.7763568394002505e-15,0.11990169596189304
0,5,random,15,5.329070518200751e-15,1.7763568394002505e-15,3.5413732015859054
0,5,random,16,3.552713678800501e-15,8.881784197001252e-16,0.3692414566501867
0,5,random,17,1.7763568394002505e-15,0.0,0.36945273083808416
0,5,random,18,3.552713678800501e-15,0.0,6.316967078152306
0,5,random,19,1.7763568394002505e-15,2.220446049250313e-15,0.47723565656168176
0,8,simplex,0,0.0,4.440892098500626e-15,4.760801788906235
0,8,simplex,1,3.552713678800501e-15,7.105427357601002e-15,3.8021530983463663
0,8,simplex,2,3.552713678800501e-15,1.7763568394002505e-15,3.328112895827971
0,8,simplex,3,1.7763568394002505e-15,0.0,3.50060315973208
0,8,simplex,4,1.7763568394002505e-15,1.7763568394002505e-15,3.5133520149617823
0,8,simplex,5,2.220446049250313e-15,1.7763568394002505e-15,3.3706394771538584
0,8,simplex,6,5.329070518200751e-15,0.0,0.9133383994999491
0,8,simplex,7,8.881784197001252e-16,2.6645352591003757e-15,5.408087946799668
0,8,simplex,8,8.881784197001252e-16,3.552713678800501e-15,4.65600895394342
0,8,simplex,9,7.105427357601002e-15,7.105427357601002e-15,3.4515191368150937
0,8,simplex,10,5.329070518200751e-15,5.329070518200751e-15,1.5503771256687173
0,8,simplex,11,2.220446049250313e-16,3.9968028886505635e-15,3.461296116104208
0,8,simplex,12,3.552713678800501e-15,0.0,5.293168303509987
0,8,simplex,13,1.7763568394002505e-15,5.329070518200751e-15,3.0880071209438213
0,8,simplex,14,8.881784197001252e-16,2.6645352591003757e-15,8.219320082947291
0,8,simplex,15,0.0,3.552713678800501e-15,5.550690890869063
0,8,simplex,16,3.552713678800501e-15,1.7763568394002505e-15,4.742211308981467
0,8,simplex,17,3.1086244689504383e-15,3.1086244689504383e-15,0.1032220800746444
0,8,simplex,18,0.0,2.6645352591003757e-15,3.294568405695898
0,8,simplex,19,3.552713678800501e-15,0.0,3.767538056879104
0,8,random,0,1.7763568394002505e-15,0.0,4.39771617899892
0,8,random,1,3.552713678800501e-15,3.552713678800501e-15,2.6943407191714357
0,8,random,2,5.329070518200751e-15,2.6645352591003757e-15,5.0098911609137815
0,8,random,3,8.881784197001252e-16,8.881784197001252e-16,1.7308519675263625
0,8,random,4,3.552713678800501e-15,0.0,0.6800100174300354
0,8,random,5,1.7763568394002505e-15,5.329070518200751e-15,1.3210872031044119
0,8,random,6,1.3322676295501878e-15,8.881784197001252e-16,0.4128466609748429
0,8,random,7,1.7763568394002505e-15,1.7763568394002505e-15,5.411278721477871
0,8,random,8,7.105427357601002e-15,1.7763568394002505e-15,2.3144890343111086
0,8,random,9,8.881784197001252e-15,6.661338147750939e-15,0.09129252443004532
0,8,random,10,7.105427357601002e-15,0.0,4.383002801502538
0,8,random,11,7.105427357601002e-15,2.6645352591003757e-15,4.004052700019258
0,8,random,12,5.329070518200751e-15,3.552713678800501e-15,1.0931389902623536
0,8,random,13,1.7763568394002505e-15,1.7763568394002505e-15,1.8431468382804184
0,8,random,14,1.7763568394002505e-15,8.881784197001252e-16,1.6998811793138628
0,8,random,15,3.552713678800501e-15,0.0,6.082410806210863
0,8,random,16,3.552713678800501e-15,3.552713678800501e-15,1.4418269515406905
0,8,random,17,7.105427357601002e-15,5.329070518200751e-15,0.1377693707727019
0,8,random,18,4.440892098500626e-16,1.3322676295501878e-15,1.6626038111339199
0,8,random,19,1.7763568394002505e-15,2.6645352591003757e-15,1.4704061818260001
1,1,simplex,0,0.0,0.0,0.6296810767721923
1,1,simplex,1,0.0,4.440892098500626e-16,1.0044101252391782
1,1,simplex,2,4.440892098500626e-16,4.440892098500626e-16,0.1684916504915428
1,1,simplex,3,1.3322676295501878e-15,1.7763568394002505e-15,0.6837940207995654
1,1,simplex,4,0.0,0.0,0.17101946427462877
1,1,simplex,5,4.440892098500626e-16,8.881784197001252e-16,0.9748919202505224
1,1,simplex,6,2.220446049250313e-16,4.440892098500626e-16,0.6313769205465745
1,1,simplex,7,1.5543122344752192e-15,8.881784197001252e-16,0.5940755533945623
1,1,simplex,8,5.551115123125783e-16,1.1102230246251565e-16,0.01491412772484857
1,1,simplex,9,6.661338147750939e-16,4.440892098500626e-16,0.009138067568635666
1,1,simplex,10,8.881784197001252e-16,8.881784197001252e-16,0.3191638955040883
1,1,simplex,11,4.440892098500626e-16,0.0,0.4277088167241674
1,1,simplex,12,4.440892098500626e-16,0.0,0.01342192219838445
1,1,simplex,13,2.220446049250313e-16,2.220446049250313e-16,1.0040692010555503
1,1,simplex,14,0.0,0.0,0.7193118736740551
1,1,simplex,15,8.881784197001252e-16,4.440892098500626e-16,0.6001182352556134
1,1,simplex,16,0.0,0.0,0.03659921519983067
1,1,simplex,17,2.220446049250313e-16,2.220446049250313e-16,0.4207718164171821
1,1,simplex,18,8.881784197001252e-16,0.0,0.042324576341897124
1,1,simplex,19,1.4432899320127035e-15,2.220446049250313e-16,0.09748105220925751
1,1,random,0,8.881784197001252e-16,4.440892098500626e-16,1.5798875188173565
1,1,random,1,2.220446049250313e-16,4.440892098500626e-16,0.6524159903699349
1,1,random,2,8.881784197001252e-16,1.3322676295501878e-15,0.26534352425416285
1,1,random,3,2.220446049250313e-16,0.0,0.36957495013038955
1,1,random,4,4.440892098500626e-16,8.881784197001252e-16,0.1196625361478727
1,1,random,5,1.9984014443252818e-15,8.881784197001252e-16,0.8996750385106385
1,1,random,6,8.881784197001252e-16,1.7763568394002505e-15,1.317419925129867
1,1,random,7,5.551115123125783e-16,5.551115123125783e-16,0.5097356544450369
1,1,random,8,0.0,4.440892098500626e-16,0.8307664647642756
1,1,random,9,4.440892098500626e-16,0.0,1.6626106173047148
1,1,random,10,0.0,0.0,0.6584300195288304
1,1,random,11,0.0,0.0,0.7494280417785752
1,1,random,12,4.440892098500626e-16,0.0,0.7965867120636272
1,1,random,13,0.0,0.0,0.9687403878510823
1,1,random,14,8.881784197001252e-16,8.881784197001252e-16,0.25173159128262945
1,1,random,15,8.881784197001252e-16,0.0,0.10065022723750694
1,1,random,16,2.220446049250313e-16,2.220446049250313e-16,1.152753014935005
1,1,random,17,1.3322676295501878e-15,4.440892098500626e-16,0.9099044166056878
1,1,random,18,1.3322676295501878e-15,1.3322676295501878e-15,1.9306068617291459
1,1,random,19,1.7763568394002505e-15,2.6645352591003757e-15,0.15675130588548036
1,2,simplex,0,3.552713678800501e-15,5.329070518200751e-15,5.117755452778157
1,2,simplex,1,0.0,8.881784197001252e-16,0.01986379117390058
1,2,simplex,2,8.881784197001252e-16,4.440892098500626e-16,1.2582111749346154
1,2,simplex,3,8.881784197001252e-16,8.881784197001252e-16,1.31645130923987
1,2,simplex,4,1.7763568394002505e-15,4.440892098500626e-16,5.764421406433264
1,2,simplex,5,8.881784197001252e-16,8.881784197001252e-16,7.3951122678656205
1,2,simplex,6,1.3322676295501878e-15,8.881784197001252e-16,2.7244085001710694
1,2,simplex,7,0.0,8.881784197001252e-16,0.41899898596989793
1,2,simplex,8,1.1102230246251565e-16,2.9976021664879227e-15,2.174251525201228
1,2,simplex,9,0.0,4.440892098500626e-16,2.378301602659274
1,2,simplex,10,0.0,1.7763568394002505e-15,2.7186082300323022
1,2,simplex,11,0.0,4.440892098500626e-16,2.002020751726217
1,2,simplex,12,4.440892098500626e-16,1.3322676295501878e-15,2.715520021274683
1,2,simplex,13,8.881784197001252e-16,0.0,1.3766522622525343
1,2,simplex,14,3.1086244689504383e-15,1.3322676295501878e-15,2.8607883556632228
1,2,simplex,15,1.7763568394002505e-15,0.0,2.859439440929229
1,2,simplex,16,2.6645352591003757e-15,1.7763568394002505e-15,0.2373002266769504
1,2,simplex,17,1.7763568394002505e-15,0.0,1.701122739925232
1,2,simplex,18,1.3322676295501878e-15,0.0,0.16001721611568698
1,2,simplex,19,0.0,2.220446049250313e-15,8.701477893784368
1,2,random,0,0.0,0.0,1.53574624335225
1,2,random,1,8.881784197001252e-16,1.3322676295501878e-15,4.837713097838359
1,2,random,2,4.440892098500626e-16,4.440892098500626e-16,1.5210920829116468
1,2,random,3,0.0,0.0,0.057584125578678425
1,2,random,4,0.0,0.0,1.9847929200802845
1,2,random,5,1.7763568394002505e-15,0.0,1.4146103955752931
1,2,random,6,1.7763568394002505e-15,3.552713678800501e-15,0.3136682424227608
1,2,random,7,1.7763568394002505e-15,2.220446049250313e-15,2.8464500048712225
1,2,random,8,8.881784197001252e-16,2.6645352591003757e-15,1.5805052765736676
1,2,random,9,8.881784197001252e-16,2.220446049250313e-15,1.206992995409074
1,2,random,10,2.6645352591003757e-15,0.0,6.053589817053549
1,2,random,11,0.0,1.7763568394002505e-15,0.3532371350374319
1,2,random,12,1.7763568394002505e-15,3.552713678800501e-15,0.4002548168969149
1,2,random,13,4.440892098500626e-16,4.440892098500626e-16,0.15961859131609657
1,2,random,14,0.0,1.7763568394002505e-15,4.796639095544547
1,2,random,15,0.0,3.552713678800501e-15,1.5800639159618441
1,2,random,16,8.881784197001252e-16,0.0,0.949071446928853
1,2,random,17,8.881784197001252e-16,0.0,5.380874035162048
1,2,random,18,4.440892098500626e-16,1.3322676295501878e-15,1.9036162062433348
1,2,random,19,8.881784197001252e-16,8.881784197001252e-16,5.921564476228854
1,3,simplex,0,1.7763568394002505e-15,1.7763568394002505e-15,0.7835305656472933
1,3,simplex,1,8.881784197001252e-16,1.7763568394002505e-15,0.3986014707410561
1,3,simplex,2,1.7763568394002505e-15,0.0,1.2978597135751677
1,3,simplex,3,1.7763568394002505e-15,4.440892098500626e-16,0.7755642460630376
1,3,simplex,4,0.0,4.440892098500626e-16,1.8911432579166814
1,3,simplex,5,1.7763568394002505e-15,1.7763568394002505e-15,2.543252786554646
1,3,simplex,6,2.6645352591003757e-15,0.0,0.7797386953803311
1,3,simplex,7,8.881784197001252e-16,0.0,2.5582191017173024
1,3,simplex,8,8.881784197001252e-16,8.881784197001252e-16,1.2501505798788415
1,3,simplex,9,1.7763568394002505e-15,2.6645352591003757e-15,0.01761648056498899
1,3,simplex,10,1.7763568394002505e-15,1.7763568394002505e-15,0.6379458647853404
1,3,simplex,11,1.7763568394002505e-15,1.7763568394002505e-15,0.4782630594076167
1,3,simplex,12,0.0,1.7763568394002505e-15,1.4465075129691236
1,3,simplex,13,2.6645352591003757e-15,0.0,3.1139460344114696
1,3,simplex,14,4.440892098500626e-16,3.552713678800501e-15,1.3330680648762616
1,3,simplex,15,1.1657341758564144e-15,2.0539125955565396e-15,3.7108282566056445
1,3,simplex,16,1.7763568394002505e-15,2.6645352591003757e-15,0.14200574981701308
1,3,simplex,17,3.552713678800501e-15,1.7763568394002505e-15,1.219108945677938
1,3,simplex,18,1.7763568394002505e-15,1.7763568394002505e-15,0.6487392009052115
1,3,simplex,19,1.7763568394002505e-15,1.7763568394002505e-15,1.733837852330275
1,3,random,0,4.440892098500626e-16,5.551115123125783e-16,4.3294653714330344
1,3,random,1,7.105427357601002e-15,0.0,2.9290983083048197
1,3,random,2,1.7763568394002505e-15,0.0,0.5466878312907397
1,3,random,3,0.0,4.440892098500626e-16,4.897331123717224
1,3,random,4,2.6645352591003757e-15,0.0,1.4163665090269362
1,3,random,5,3.552713678800501e-15,0.0,0.661288890203231
1,3,random,6,3.552713678800501e-15,0.0,3.7419839364451377
1,3,random,7,8.881784197001252e-16,2.6645352591003757e-15,4.172322341007913
1,3,random,8,2.6645352591003757e-15,8.881784197001252e-16,2.6212393627855057
1,3,random,9,2.6645352591003757e-15,2.6645352591003757e-15,0.878838156284715
1,3,random,10,0.0,3.552713678800501e-15,5.132082400619488
1,3,random,11,2.220446049250313e-16,2.220446049250313e-16,1.1996826328702532
1,3,random,12,1.7763568394002505e-15,1.7763568394002505e-15,1.2692141514676294
1,3,random,13,2.6645352591003757e-15,1.7763568394002505e-15,4.528103753625562
1,3,random,14,8.881784197001252e-16,1.7763568394002505e-15,0.3073128033935575
1,3,random,15,0.0,0.0,0.07134583958698748
1,3,random,16,1.3322676295501878e-15,4.440892098500626e-16,2.275137713596717
1,3,random,17,1.3322676295501878e-15,0.0,1.7665595330557764
1,3,random,18,8.881784197001252e-16,8.881784197001252e-16,1.988716232828601
1,3,random,19,4.440892098500626e-16,8.881784197001252e-16,0.6828141135953523
1,4,simplex,0,1.7763568394002505e-15,1.7763568394002505e-15,0.5002452372298691
1,4,simplex,1,3.552713678800501e-15,1.7763568394002505e-15,3.543599303928545
1,4,simplex,2,3.1086244689504383e-15,1.3322676295501878e-15,2.4663383522741285
1,4,simplex,3,5.329070518200751e-15,5.329070518200751e-15,1.212618075456895
1,4,simplex,4,1.7763568394002505e-15,1.7763568394002505e-15,0.001088631596260825
1,4,simplex,5,8.881784197001252e-16,3.552713678800501e-15,0.44772830127899965
1,4,simplex,6,2.6645352591003757e-15,8.881784197001252e-16,1.9541360054487882
1,4,simplex,7,8.881784197001252e-16,8.881784197001252e-16,1.1607077845571965
1,4,simplex,8,3.552713678800501e-15,0.0,0.8888564447006218
1,4,simplex,9,1.3322676295501878e-15,4.440892098500626e-16,3.2312305590406254
1,4,simplex,10,0.0,3.552713678800501e-15,0.530310852221362
1,4,simplex,11,3.552713678800501e-15,3.552713678800501e-15,3.5434353554202573
1,4,simplex,12,8.881784197001252e-16,2.220446049250313e-15,0.7240576296519459
1,4,simplex,13,1.9984014443252818e-15,1.3322676295501878e-15,3.432883369671341
1,4,simplex,14,0.0,4.440892098500626e-16,0.6577237951968868
1,4,simplex,15,0.0,0.0,2.3946830077761803
1,4,simplex,16,1.3322676295501878e-15,4.440892098500626e-16,1.2475294010855578
1,4,simplex,17,3.552713678800501e-15,7.105427357601002e-15,1.7406369838844569
1,4,simplex,18,1.7763568394002505e-15,1.7763568394002505e-15,5.237123012728748
1,4,simplex,19,8.881784197001252e-16,8.881784197001252e-16,0.7317050462159713
1,4,random,0,2.6645352591003757e-15,8.881784197001252e-16,0.7349297056107105
1,4,random,1,0.0,2.6645352591003757e-15,0.18447173744662848
1,4,random,2,8.881784197001252e-16,0.0,3.024755350690185
1,4,random,3,0.0,0.0,11.700635041108999
1,4,random,4,0.0,0.0,1.4397960970659014
1,4,random,5,1.3322676295501878e-15,8.881784197001252e-16,2.028842256974997
1,4,random,6,2.6645352591003757e-15,4.440892098500626e-15,0.24922856442376684
1,4,random,7,8.881784197001252e-16,2.6645352591003757e-15,1.5537929296795525
1,4,random,8,8.881784197001252e-16,8.881784197001252e-16,1.4815360294502895
1,4,random,9,1.7763568394002505e-15,1.7763568394002505e-15,1.17513090020973
1,4,random,10,0.0,1.7763568394002505e-15,2.6835787472305555
1,4,random,11,3.552713678800501e-15,0.0,0.2910064688274403
1,4,random,12,8.881784197001252e-16,8.881784197001252e-16,0.35150038465161515
1,4,random,13,1.7763568394002505e-15,1.7763568394002505e-15,2.7485975710647637
1,4,random,14,2.3314683517128287e-15,2.3314683517128287e-15,4.239471876834564
1,4,random,15,8.881784197001252e-16,1.7763568394002505e-15,2.6433412861473755
1,4,random,16,3.1086244689504383e-15,1.1102230246251565e-15,3.1974546942441933
1,4,random,17,5.329070518200751e-15,1.7763568394002505e-15,5.417638389961191
1,4,random,18,2.220446049250313e-15,3.3306690738754696e-15,0.8370912603787524
1,4,random,19,1.3322676295501878e-15,2.6645352591003757e-15,1.4230535463643008
1,5,simplex,0,3.552713678800501e-15,0.0,4.033876609391918
1,5,simplex,1,1.7763568394002505e-15,1.7763568394002505e-15,0.22921486586345452
1,5,simplex,2,2.6645352591003757e-15,2.6645352591003757e-15,5.275031843396025
1,5,simplex,3,1.7763568394002505e-15,0.0,0.495795627001538
1,5,simplex,4,1.7763568394002505e-15,0.0,4.309266078725692
1,5,simplex,5,2.6645352591003757e-15,1.7763568394002505e-15,2.1571447511563804
1,5,simplex,6,1.7763568394002505e-15,1.7763568394002505e-15,6.723606699513947
1,5,simplex,7,8.881784197001252e-16,8.881784197001252e-16,2.769077662401955
1,5,simplex,8,0.0,2.6645352591003757e-15,0.1695821705549534
1,5,simplex,9,2.4424906541753444e-15,2.886579864025407e-15,1.2858338590703084
1,5,simplex,10,4.440892098500626e-16,8.881784197001252e-16,0.07120652940738381
1,5,simplex,11,5.329070518200751e-15,1.7763568394002505e-15,0.8977692704142015
1,5,simplex,12,1.7763568394002505e-15,3.552713678800501e-15,2.7589755378925744
1,5,simplex,13,8.881784197001252e-16,4.440892098500626e-16,3.7313700981122153
1,5,simplex,14,3.552713678800501e-15,0.0,3.346965687902319
1,5,simplex,15,4.440892098500626e-15,0.0,0.2333781526787746
1,5,simplex,16,4.440892098500626e-15,1.7763568394002505e-15,2.293392903007497
1,5,simplex,17,7.105427357601002e-15,3.552713678800501e-15,2.340435156114829
1,5,simplex,18,3.552713678800501e-15,3.552713678800501e-15,3.810653533105473
1,5,simplex,19,2.6645352591003757e-15,1.3322676295501878e-15,2.1982347179810304
1,5,random,0,8.881784197001252e-16,8.881784197001252e-16,3.7235335326384487
1,5,random,1,8.881784197001252e-16,0.0,0.8146324120677875
1,5,random,2,2.6645352591003757e-15,1.7763568394002505e-15,8.355505547471878
1,5,random,3,2.220446049250313e-15,8.881784197001252e-16,3.166038233437284
1,5,random,4,6.217248937900877e-15,5.329070518200751e-15,0.8472430314013764
1,5,random,5,5.329070518200751e-15,3.552713678800501e-15,0.8156906567614257
1,5,random,6,0.0,1.7763568394002505e-15,0.4434294214866199
1,5,random,7,1.7763568394002505e-15,1.7763568394002505e-15,2.3892436357580635
1,5,random,8,3.552713678800501e-15,3.552713678800501e-15,3.0698572189660496
1,5,random,9,5.329070518200751e-15,0.0,3.700015010894546
1,5,random,10,1.3322676295501878e-15,2.6645352591003757e-15,0.22088043418291647
1,5,random,11,3.552713678800501e-15,3.552713678800501e-15,0.27539274709583594
1,5,random,12,2.6645352591003757e-15,3.552713678800501e-15,6.176215622415775
1,5,random,13,4.440892098500626e-15,2.6645352591003757e-15,1.9695338323703098
1,5,random,14,7.105427357601002e-15,0.0,5.243002602270188
1,5,random,15,3.552713678800501e-15,3.552713678800501e-15,1.0907668833154958
1,5,random,16,1.7763568394002505e-15,1.7763568394002505e-15,1.2847066087564656
1,5,random,17,8.881784197001252e-16,1.7763568394002505e-15,0.5287834457564173
1,5,random,18,8.881784197001252e-16,8.881784197001252e-16,0.6359036311900184
1,5,random,19,3.774758283725532e-15,6.661338147750939e-16,1.1106323599504293
1,8,simplex,0,1.7763568394002505e-15,8.881784197001252e-16,7.076832191467744
1,8,simplex,1,5.329070518200751e-15,3.552713678800501e-15,7.216931796751972
1,8,simplex,2,0.0,0.0,4.131700616343906
1,8,simplex,3,0.0,3.552713678800501e-15,1.7984835924991245
1,8,simplex,4,8.881784197001252e-15,5.329070518200751e-15,0.3357147265688525
1,8,simplex,5,0.0,3.552713678800501e-15,10.780758213421308
1,8,simplex,6,4.440892098500626e-16,1.7763568394002505e-15,1.14894690013449
1,8,simplex,7,3.552713678800501e-15,1.7763568394002505e-15,4.010746654755067
1,8,simplex,8,8.881784197001252e-16,1.7763568394002505e-15,4.008282137757774
1,8,simplex,9,3.552713678800501e-15,0.0,2.8420619199977466
1,8,simplex,10,3.552713678800501e-15,4.440892098500626e-15,0.8108335314961295
1,8,simplex,11,1.7763568394002505e-15,3.552713678800501e-15,8.550627083042745
1,8,simplex,12,1.0658141036401503e-14,8.881784197001252e-15,3.5933622353534673
1,8,simplex,13,3.552713678800501e-15,3.552713678800501e-15,2.747454753704453
1,8,simplex,14,3.552713678800501e-15,3.552713678800501e-15,3.639048767919334
1,8,simplex,15,2.4424906541753444e-15,2.4424906541753444e-15,1.5364791983972808
1,8,simplex,16,1.7763568394002505e-15,3.552713678800501e-15,0.4763916286740226
1,8,simplex,17,8.881784197001252e-15,5.329070518200751e-15,1.2157230958797243
1,8,simplex,18,1.7763568394002505e-15,4.440892098500626e-15,3.549232155984889
1,8,simplex,19,8.881784197001252e-16,2.6645352591003757e-15,2.524300332644046
1,8,random,0,1.3322676295501878e-15,1.3322676295501878e-15,0.9851484888662725
1,8,random,1,1.7763568394002505e-15,3.552713678800501e-15,0.15052783643503176
1,8,random,2,1.7763568394002505e-15,8.881784197001252e-16,5.1468411688937294
1,8,random,3,1.7763568394002505e-15,0.0,0.15845156841465524
1,8,random,4,3.552713678800501e-15,3.552713678800501e-15,0.36199037684403734
1,8,random,5,1.7763568394002505e-15,3.552713678800501e-15,8.189213577207425
1,8,random,6,1.7763568394002505e-15,1.7763568394002505e-15,6.6408722772093824
1,8,random,7,0.0,3.552713678800501e-15,6.7859750237397165
1,8,random,8,1.7763568394002505e-15,1.7763568394002505e-15,8.680789702007324
1,8,random,9,1.3322676295501878e-15,3.9968028886505635e-15,4.374516810135503
1,8,random,10,0.0,1.7763568394002505e-15,0.3560171616333747
1,8,random,11,2.6645352591003757e-15,8.881784197001252e-16,2.8300419739767904
1,8,random,12,3.552713678800501e-15,2.6645352591003757e-15,4.7040548219947595
1,8,random,13,3.552713678800501e-15,3.552713678800501e-15,1.0741349431245695
1,8,random,14,0.0,0.0,5.096136044077376
1,8,random,15,8.881784197001252e-16,1.7763568394002505e-15,7.9200608529088825
1,8,random,16,3.219646771412954e-15,1.4432899320127035e-15,3.1003046032147807
1,8,random,17,3.552713678800501e-15,0.0,5.497547217109556
1,8,random,18,1.7763568394002505e-15,1.7763568394002505e-15,2.6068924583104547
1,8,random,19,8.881784197001252e-15,1.0658141036401503e-14,7.22874577349414
2,1,simplex,0,0.0,0.0,0.6571112356956537
2,1,simplex,1,4.440892098500626e-16,0.0,0.5043223128003884
2,1,simplex,2,2.220446049250313e-16,0.0,0.046167528348944664
2,1,simplex,3,0.0,0.0,0.13722352428576734
2,1,simplex,4,4.440892098500626e-16,4.440892098500626e-16,0.7946095431289875
2,1,simplex,5,2.220446049250313e-16,8.881784197001252e-16,0.2821923761487799
2,1,simplex,6,1.7763568394002505e-15,2.6645352591003757e-15,0.5456098899274
2,1,simplex,7,8.881784197001252e-16,0.0,4.635549578606772
2,1,simplex,8,8.881784197001252e-16,8.881784197001252e-16,0.932448679261161
2,1,simplex,9,2.220446049250313e-16,0.0,0.6942054482460236
2,1,simplex,10,1.6653345369377348e-16,2.7755575615628914e-16,0.48763500367081836
2,1,simplex,11,6.661338147750939e-16,4.440892098500626e-16,0.30270167173484097
2,1,simplex,12,8.881784197001252e-16,1.7763568394002505e-15,0.07465324442606125
2,1,simplex,13,8.881784197001252e-16,1.3322676295501878e-15,0.26462093441327106
2,1,simplex,14,0.0,8.881784197001252e-16,4.04045286574177
2,1,simplex,15,0.0,4.440892098500626e-16,0.5943565883422419
2,1,simplex,16,8.881784197001252e-16,0.0,3.9450066371907146
2,1,simplex,17,8.881784197001252e-16,8.881784197001252e-16,0.5947604358143277
2,1,simplex,18,0.0,2.220446049250313e-16,1.9889885892182875
2,1,simplex,19,2.220446049250313e-16,2.220446049250313e-16,1.8322662661764157
2,1,random,0,4.440892098500626e-16,4.440892098500626e-16,2.569475279892968
2,1,random,1,4.440892098500626e-16,2.220446049250313e-16,0.3176125579638782
2,1,random,2,1.7763568394002505e-15,8.881784197001252e-16,0.04672737133982463
2,1,random,3,2.220446049250313e-16,2.220446049250313e-16,0.17485080962866562
2,1,random,4,6.661338147750939e-16,4.440892098500626e-16,0.16925198987643597
2,1,random,5,0.0,1.7763568394002505e-15,1.733280647505803
2,1,random,6,0.0,1.7763568394002505e-15,0.5827206152529714
2,1,random,7,2.220446049250313e-16,2.220446049250313e-16,1.5668917289456825
2,1,random,8,1.7763568394002505e-15,1.7763568394002505e-15,1.7089110393738967
2,1,random,9,0.0,0.0,0.822876180844279
2,1,random,10,4.440892098500626e-16,0.0,0.49413923981761165
2,1,random,11,8.881784197001252e-16,0.0,0.09928044995472707
2,1,random,12,0.0,4.440892098500626e-16,0.04129329193056108
2,1,random,13,1.7763568394002505e-15,8.881784197001252e-16,4.820910166016237
2,1,random,14,0.0,0.0,0.17563466469194822
2,1,random,15,0.0,4.440892098500626e-16,0.002767680091446234
2,1,random,16,0.0,0.0,1.105102876842798
2,1,random,17,8.881784197001252e-16,0.0,0.14725855687631295
2,1,random,18,2.220446049250313e-16,0.0,0.37419934457244075
2,1,random,19,0.0,8.881784197001252e-16,0.6134321276347752
2,2,simplex,0,1.7763568394002505e-15,3.552713678800501e-15,0.2686507008505643
2,2,simplex,1,8.881784197001252e-16,2.6645352591003757e-15,0.4171000230592661
2,2,simplex,2,0.0,1.7763568394002505e-15,4.799693227535595
2,2,simplex,3,1.3322676295501878e-15,1.3322676295501878e-15,0.685367191198786
2,2,simplex,4,0.0,0.0,0.504886063539594
2,2,simplex,5,0.0,3.552713678800501e-15,0.015766294699524508
2,2,simplex,6,1.3322676295501878e-15,1.3322676295501878e-15,0.690060882503797
2,2,simplex,7,6.661338147750939e-16,1.9984014443252818e-15,1.5956316525494394
2,2,simplex,8,1.7763568394002505e-15,0.0,1.649591241274715
2,2,simplex,9,1.7763568394002505e-15,0.0,0.9402923949222384
2,2,simplex,10,0.0,0.0,1.8625635377180938
2,2,simplex,11,1.7763568394002505e-15,1.7763568394002505e-15,1.3410824441979692
2,2,simplex,12,1.3322676295501878e-15,0.0,0.205509166316034
2,2,simplex,13,4.440892098500626e-16,2.220446049250313e-15,1.256166892176232
2,2,simplex,14,4.440892098500626e-16,2.220446049250313e-15,2.5091485550893537
2,2,simplex,15,0.0,0.0,2.0072383843912807
2,2,simplex,16,1.7763568394002505e-15,1.7763568394002505e-15,3.686619369083191
2,2,simplex,17,1.7763568394002505e-15,1.7763568394002505e-15,0.20775672506817244
2,2,simplex,18,2.6645352591003757e-15,1.3322676295501878e-15,2.5830179254565024
2,2,simplex,19,0.0,3.552713678800501e-15,1.0764819002443708
2,2,random,0,4.440892098500626e-16,2.220446049250313e-16,0.40336624893185835
2,2,random,1,1.7763568394002505e-15,0.0,3.425747043292237
2,2,random,2,0.0,0.0,0.9301123829188924
2,2,random,3,0.0,8.881784197001252e-16,1.659959681662265
2,2,random,4,0.0,3.552713678800501e-15,3.2328509409379507
2,2,random,5,1.3322676295501878e-15,4.440892098500626e-16,1.1625238247952225
2,2,random,6,3.1086244689504383e-15,1.3322676295501878e-15,3.842390944906409
2,2,random,7,8.881784197001252e-16,4.440892098500626e-16,1.090064221684834
2,2,random,8,1.7763568394002505e-15,8.881784197001252e-16,0.11416856209185866
2,2,random,9,1.5543122344752192e-15,2.220446049250313e-15,1.487863018922397
2,2,random,10,4.440892098500626e-16,1.7763568394002505e-15,0.31665084233352747
2,2,random,11,1.5543122344752192e-15,8.881784197001252e-16,1.3190764656468197
2,2,random,12,0.0,1.7763568394002505e-15,3.0703066379676827
2,2,random,13,1.7763568394002505e-15,1.7763568394002505e-15,2.1981981828780093
2,2,random,14,2.6645352591003757e-15,0.0,2.3441853543684914
2,2,random,15,1.7763568394002505e-15,1.7763568394002505e-15,0.6775026531255008
2,2,random,16,8.881784197001252e-16,8.881784197001252e-16,3.716082263789211
2,2,random,17,8.881784197001252e-16,2.6645352591003757e-15,0.08652917762888279
2,2,random,18,2.6645352591003757e-15,0.0,0.16058059209869846
2,2,random,19,2.220446049250313e-16,4.440892098500626e-16,0.5827127727885717
2,3,simplex,0,1.5543122344752192e-15,4.440892098500626e-16,1.4225037185723792
2,3,simplex,1,1.7763568394002505e-15,1.7763568394002505e-15,0.666469367571537
2,3,simplex,2,1.3322676295501878e-15,8.881784197001252e-16,1.7491513976891042
2,3,simplex,3,3.552713678800501e-15,8.881784197001252e-16,2.2202126809796283
2,3,simplex,4,3.552713678800501e-15,0.0,0.11949080612019003
2,3,simplex,5,3.552713678800501e-15,2.6645352591003757e-15,3.1513380701353366
2,3,simplex,6,8.881784197001252e-16,1.7763568394002505e-15,2.25197208828914
2,3,simplex,7,8.881784197001252e-16,1.1102230246251565e-15,0.8749683941097359
2,3,simplex,8,6.661338147750939e-16,1.5543122344752192e-15,1.3740780748999981
2,3,simplex,9,3.552713678800501e-15,3.552713678800501e-15,2.7335025819099528
2,3,simplex,10,8.881784197001252e-16,0.0,0.5883771619488627
2,3,simplex,11,3.552713678800501e-15,0.0,1.7667504446964095
2,3,simplex,12,3.552713678800501e-15,3.552713678800501e-15,4.013470351386971
2,3,simplex,13,1.7763568394002505e-15,2.6645352591003757e-15,1.766076291275894
2,3,simplex,14,8.881784197001252e-16,1.7763568394002505e-15,1.921732922547001
2,3,simplex,15,1.7763568394002505e-15,8.881784197001252e-16,0.6261106475665486
2,3,simplex,16,0.0,8.881784197001252e-16,2.3889329965207544
2,3,simplex,17,8.881784197001252e-16,8.881784197001252e-16,4.706486778694817
2,3,simplex,18,8.881784197001252e-16,2.6645352591003757e-15,2.253950668195607
2,3,simplex,19,2.220446049250313e-16,2.220446049250313e-15,0.9446036444753325
2,3,random,0,1.7763568394002505e-15,5.329070518200751e-15,1.1701291939771927
2,3,random,1,2.886579864025407e-15,3.3306690738754696e-15,2.679583544030397
2,3,random,2,8.881784197001252e-16,8.881784197001252e-16,4.6589898279275666
2,3,random,3,0.0,1.3322676295501878e-15,1.3888963060357362
2,3,random,4,4.440892098500626e-16,4.440892098500626e-16,0.2504778515092809
2,3,random,5,0.0,0.0,4.950306094171079
2,3,random,6,8.881784197001252e-16,1.7763568394002505e-15,2.074580623710631
2,3,random,7,1.7763568394002505e-15,0.0,2.761772191112959
2,3,random,8,3.1086244689504383e-15,2.220446049250313e-15,5.621065545180716
2,3,random,9,3.552713678800501e-15,0.0,0.2452986596625042
2,3,random,10,1.7763568394002505e-15,0.0,0.6580096224975236
2,3,random,11,1.7763568394002505e-15,1.7763568394002505e-15,1.0631166364317721
2,3,random,12,3.552713678800501e-15,1.7763568394002505e-15,5.674106285101633
2,3,random,13,2.6645352591003757e-15,1.7763568394002505e-15,1.6076630510366527
2,3,random,14,4.440892098500626e-16,8.881784197001252e-16,1.83075617641434
2,3,random,15,2.220446049250313e-15,3.9968028886505635e-15,1.9925060509451384
2,3,random,16,1.7763568394002505e-15,1.3322676295501878e-15,5.596610637452832
2,3,random,17,0.0,1.7763568394002505e-15,0.7581940595839214
2,3,random,18,0.0,0.0,0.5735382788107017
2,3,random,19,8.881784197001252e-16,1.7763568394002505e-15,0.1974513648065539
2,4,simplex,0,3.552713678800501e-15,1.7763568394002505e-15,0.9398239794457339
2,4,simplex,1,1.7763568394002505e-15,0.0,0.10755331657378164
2,4,simplex,2,0.0,1.7763568394002505e-15,1.735546231841763
2,4,simplex,3,0.0,3.552713678800501e-15,0.3683471112010466
2,4,simplex,4,0.0,1.7763568394002505e-15,1.3299409260641752
2,4,simplex,5,3.552713678800501e-15,3.552713678800501e-15,0.8194231620115247
2,4,simplex,6,8.881784197001252e-16,0.0,1.5975245129379516
2,4,simplex,7,8.881784197001252e-16,3.552713678800501e-15,4.124699900290217
2,4,simplex,8,1.3322676295501878e-15,1.1102230246251565e-15,4.682295727157708
2,4,simplex,9,3.552713678800501e-15,4.440892098500626e-15,0.05249988444155207
2,4,simplex,10,0.0,2.6645352591003757e-15,2.5058991137047144
2,4,simplex,11,1.3322676295501878e-15,1.3322676295501878e-15,1.8368179755923464
2,4,simplex,12,0.0,3.552713678800501e-15,3.6232565814825577
2,4,simplex,13,1.3322676295501878e-15,4.440892098500626e-16,1.4226154307970518
2,4,simplex,14,8.881784197001252e-16,8.881784197001252e-16,3.180304765972208
2,4,simplex,15,8.881784197001252e-16,8.881784197001252e-16,1.0364705867301183
2,4,simplex,16,3.552713678800501e-15,0.0,5.182044835375578
2,4,simplex,17,0.0,1.7763568394002505e-15,3.078733342000426
2,4,simplex,18,1.7763568394002505e-15,3.552713678800501e-15,3.8017801628000605
2,4,simplex,19,1.7763568394002505e-15,1.3322676295501878e-15,0.6566090700336975
2,4,random,0,8.881784197001252e-16,8.881784197001252e-16,1.1107948542070716
2,4,random,1,4.440892098500626e-15,0.0,4.366185136319338
2,4,random,2,2.220446049250313e-15,1.7763568394002505e-15,3.3107922794335494
2,4,random,3,0.0,0.0,2.5102470699171064
2,4,random,4,4.440892098500626e-15,1.7763568394002505e-15,0.9828618735438539
2,4,random,5,8.881784197001252e-16,8.881784197001252e-16,1.0821748010751513
2,4,random,6,0.0,8.881784197001252e-16,4.1774294371778105
2,4,random,7,3.552713678800501e-15,1.7763568394002505e-15,0.14378962922739902
2,4,random,8,3.552713678800501e-15,0.0,0.6293086188573866
2,4,random,9,2.55351295663786e-15,2.55351295663786e-15,3.655749878268704
2,4,random,10,1.7763568394002505e-15,1.7763568394002505e-15,3.5453765867088975
2,4,random,11,1.3322676295501878e-15,1.3322676295501878e-15,3.7394402477546507
2,4,random,12,8.881784197001252e-16,1.7763568394002505e-15,1.3426200859614141
2,4,random,13,0.0,1.7763568394002505e-15,5.164373326542929
2,4,random,14,3.552713678800501e-15,0.0,1.0927312479594384
2,4,random,15,4.440892098500626e-16,3.9968028886505635e-15,1.512893543319727
2,4,random,16,8.881784197001252e-16,8.881784197001252e-16,7.555870095244504
2,4,random,17,8.881784197001252e-16,1.7763568394002505e-15,2.734057620355646
2,4,random,18,3.552713678800501e-15,3.552713678800501e-15,2.219977077757946
2,4,random,19,2.6645352591003757e-15,0.0,1.6724985211587935
2,5,simplex,0,1.7763568394002505e-15,2.6645352591003757e-15,3.378076994056002
2,5,simplex,1,1.7763568394002505e-15,1.7763568394002505e-15,0.4024413431626357
2,5,simplex,2,0.0,0.0,1.5196027135421417
2,5,simplex,3,1.7763568394002505e-15,1.7763568394002505e-15,5.178211483943308
2,5,simplex,4,2.6645352591003757e-15,2.6645352591003757e-15,2.8775497996033224
2,5,simplex,5,3.552713678800501e-15,4.440892098500626e-16,4.882914410670587
2,5,simplex,6,2.6645352591003757e-15,1.7763568394002505e-15,0.9171931549220176
2,5,simplex,7,2.220446049250313e-15,1.3322676295501878e-15,2.748148736869112
2,5,simplex,8,0.0,3.552713678800501e-15,3.1179563735299674
2,5,simplex,9,3.552713678800501e-15,3.552713678800501e-15,2.505295581187454
2,5,simplex,10,3.552713678800501e-15,1.7763568394002505e-15,4.751279801470833
2,5,simplex,11,3.552713678800501e-15,1.7763568394002505e-15,1.7444290918962153
2,5,simplex,12,3.552713678800501e-15,3.552713678800501e-15,10.377990298646942
2,5,simplex,13,1.7763568394002505e-15,0.0,0.6924010202187176
2,5,simplex,14,4.440892098500626e-16,1.7763568394002505e-15,1.2817455726739126
2,5,simplex,15,3.552713678800501e-15,0.0,2.276674479831634
2,5,simplex,16,5.329070518200751e-15,2.6645352591003757e-15,0.8734236202085128
2,5,simplex,17,1.7763568394002505e-15,1.7763568394002505e-15,7.905893918433961
2,5,simplex,18,8.881784197001252e-16,2.6645352591003757e-15,5.092625698460779
2,5,simplex,19,2.55351295663786e-15,2.6645352591003757e-15,0.836647378626509
2,5,random,0,1.7763568394002505e-15,1.7763568394002505e-15,3.4167636887840196
2,5,random,1,3.552713678800501e-15,0.0,1.482485397875827
2,5,random,2,1.7763568394002505e-15,3.552713678800501e-15,7.9159586999834275
2,5,random,3,8.881784197001252e-16,2.6645352591003757e-15,5.586876752213424
2,5,random,4,2.6645352591003757e-15,0.0,3.9751138691207473
2,5,random,5,0.0,3.552713678800501e-15,0.34476493365410477
2,5,random,6,0.0,0.0,6.278775948904837
2,5,random,7,2.6645352591003757e-15,0.0,1.346293161243537
2,5,random,8,0.0,1.7763568394002505e-15,2.4725093964878226
2,5,random,9,3.552713678800501e-15,3.552713678800501e-15,1.1560884924443258
2,5,random,10,1.7763568394002505e-15,1.7763568394002505e-15,5.077758439087063
2,5,random,11,1.7763568394002505e-15,0.0,1.5926295224834774
2,5,random,12,8.881784197001252e-16,3.1086244689504383e-15,0.0006125150666953516
2,5,random,13,0.0,3.552713678800501e-15,3.184962953966206
2,5,random,14,1.7763568394002505e-15,3.552713678800501e-15,0.5316217624448711
2,5,random,15,1.7763568394002505e-15,2.6645352591003757e-15,4.245714699898471
2,5,random,16,2.6645352591003757e-15,2.6645352591003757e-15,2.286014016414704
2,5,random,17,2.6645352591003757e-15,0.0,3.696502122525658
2,5,random,18,1.7763568394002505e-15,0.0,1.7141738657380472
2,5,random,19,1.7763568394002505e-15,1.7763568394002505e-15,0.5217717994211988
2,8,simplex,0,4.440892098500626e-15,1.7763568394002505e-15,3.9470655777607746
2,8,simplex,1,0.0,1.7763568394002505e-15,8.847105150893796
2,8,simplex,2,0.0,0.0,1.405873688663057
2,8,simplex,3,3.552713678800501e-15,3.552713678800501e-15,2.6548513630097546
2,8,simplex,4,1.7763568394002505e-15,0.0,1.2786307499291496
2,8,simplex,5,0.0,1.7763568394002505e-15,1.6561424076104032
2,8,simplex,6,3.552713678800501e-15,3.552713678800501e-15,5.879553548424553
2,8,simplex,7,0.0,8.881784197001252e-15,7.387609701073323
2,8,simplex,8,1.3322676295501878e-15,3.3306690738754696e-15,3.817417568314198
2,8,simplex,9,1.7763568394002505e-15,3.552713678800501e-15,9.120447181294466
2,8,simplex,10,1.7763568394002505e-15,3.552713678800501e-15,3.250902118610199
2,8,simplex,11,3.552713678800501e-15,0.0,6.485211213032322
2,8,simplex,12,1.7763568394002505e-15,1.7763568394002505e-15,7.865260606889777
2,8,simplex,13,1.7763568394002505e-15,1.7763568394002505e-15,2.0048695702861465
2,8,simplex,14,0.0,1.7763568394002505e-15,0.3083641687703107
2,8,simplex,15,1.7763568394002505e-15,1.7763568394002505e-15,2.982159095647205
2,8,simplex,16,1.7763568394002505e-15,8.881784197001252e-16,3.0890244493007515
2,8,simplex,17,7.105427357601002e-15,0.0,2.8114827481245186
2,8,simplex,18,3.552713678800501e-15,3.9968028886505635e-15,2.9838817718633166
2,8,simplex,19,4.440892098500626e-15,1.7763568394002505e-15,4.418268053642244
2,8,random,0,2.6645352591003757e-15,4.440892098500626e-15,8.719230914003418
2,8,random,1,8.881784197001252e-16,3.552713678800501e-15,4.260366006510836
2,8,random,2,1.7763568394002505e-15,1.7763568394002505e-15,0.4440322480519825
2,8,random,3,0.0,0.0,1.213717087754297
2,8,random,4,0.0,8.881784197001252e-16,3.760843710172857
2,8,random,5,1.7763568394002505e-15,0.0,5.115549523823709
2,8,random,6,2.6645352591003757e-15,2.6645352591003757e-15,2.446361782495252
2,8,random,7,6.217248937900877e-15,3.552713678800501e-15,0.3435230105516993
2,8,random,8,3.1086244689504383e-15,4.440892098500626e-15,2.649925805314865
2,8,random,9,0.0,0.0,0.0757255136656596
2,8,random,10,1.7763568394002505e-15,3.552713678800501e-15,2.108269150185052
2,8,random,11,0.0,0.0,2.334680859070886
2,8,random,12,1.7763568394002505e-15,0.0,0.7028857102898485
2,8,random,13,8.881784197001252e-16,1.3322676295501878e-15,7.92337072455679
2,8,random,14,0.0,0.0,3.7004721471428326
2,8,random,15,2.6645352591003757e-15,2.6645352591003757e-15,2.4974765814121724
2,8,random,16,7.105427357601002e-15,7.105427357601002e-15,1.6684529560640797
2,8,random,17,0.0,1.7763568394002505e-15,3.6056625231269948
2,8,random,18,1.7763568394002505e-15,3.552713678800501e-15,2.277971506410509
2,8,random,19,0.0,4.440892098500626e-15,5.416812913974724
3,1,simplex,0,4.440892098500626e-16,4.440892098500626e-16,0.9551272780092432
3,1,simplex,1,8.881784197001252e-16,4.440892098500626e-16,0.45155069650748514
3,1,simplex,2,0.0,0.0,0.3590279313026823
3,1,simplex,3,0.0,0.0,2.20552706871356
3,1,simplex,4,4.440892098500626e-16,0.0,0.24440979321618883
3,1,simplex,5,1.5543122344752192e-15,6.661338147750939e-16,0.07648168338402428
3,1,simplex,6,4.440892098500626e-16,2.220446049250313e-16,2.193906017190405
3,1,simplex,7,8.881784197001252e-16,6.661338147750939e-16,0.4786507448394204
3,1,simplex,8,1.7763568394002505e-15,4.440892098500626e-16,2.8301680809178897
3,1,simplex,9,0.0,0.0,0.03221632102925298
3,1,simplex,10,8.881784197001252e-16,0.0,0.2826410406310913
3,1,simplex,11,0.0,0.0,0.22423308366751016
3,1,simplex,12,0.0,4.440892098500626e-16,1.9651559964194938
3,1,simplex,13,0.0,0.0,0.9325000002301334
3,1,simplex,14,0.0,0.0,1.4381757773046147
3,1,simplex,15,0.0,8.881784197001252e-16,2.439634455452272
3,1,simplex,16,4.440892098500626e-16,4.440892098500626e-16,1.518892818706039
3,1,simplex,17,4.440892098500626e-16,4.440892098500626e-16,2.0972187366542396
3,1,simplex,18,1.4432899320127035e-15,8.881784197001252e-16,1.0747126153873743
3,1,simplex,19,2.220446049250313e-16,4.440892098500626e-16,0.055189865744930344
3,1,random,0,4.440892098500626e-16,7.771561172376096e-16,1.4549870320406644
3,1,random,1,2.220446049250313e-16,2.220446049250313e-16,0.1148715756294898
3,1,random,2,4.440892098500626e-16,2.220446049250313e-16,0.7103184951785435
3,1,random,3,8.881784197001252e-16,0.0,0.31427568120874705
3,1,random,4,0.0,2.220446049250313e-16,0.08961981392209406
3,1,random,5,0.0,2.220446049250313e-16,1.5689399623824913
3,1,random,6,8.881784197001252e-16,8.881784197001252e-16,0.23220789480058812
3,1,random,7,4.440892098500626e-16,8.881784197001252e-16,0.2423244153428854
3,1,random,8,8.881784197001252e-16,0.0,0.02252590518226949
3,1,random,9,4.440892098500626e-16,8.881784197001252e-16,0.03648920869110217
3,1,random,10,1.7763568394002505e-15,4.440892098500626e-16,0.6980224598620399
3,1,random,11,8.881784197001252e-16,8.881784197001252e-16,0.14356903207571658
3,1,random,12,2.220446049250313e-16,1.1102230246251565e-15,2.101439132661308
3,1,random,13,4.440892098500626e-16,4.440892098500626e-16,0.5306902178476509
3,1,random,14,0.0,8.881784197001252e-16,0.6514272195183706
3,1,random,15,8.881784197001252e-16,4.440892098500626e-16,2.161763474716917
3,1,random,16,1.7763568394002505e-15,1.7763568394002505e-15,0.3908880292868657
3,1,random,17,0.0,2.220446049250313e-16,0.14153239465165512
3,1,random,18,4.440892098500626e-16,4.440892098500626e-16,0.7741596837488807
3,1,random,19,8.881784197001252e-16,8.881784197001252e-16,0.6137957868537516
3,2,simplex,0,1.7763568394002505e-15,1.7763568394002505e-15,0.729350139458159
3,2,simplex,1,2.220446049250313e-15,8.881784197001252e-16,1.3168558890605198
3,2,simplex,2,0.0,0.0,2.0068765792160974
3,2,simplex,3,8.881784197001252e-16,8.881784197001252e-16,0.07815692053454093
3,2,simplex,4,1.7763568394002505e-15,1.3322676295501878e-15,3.8859626168982846
3,2,simplex,5,3.552713678800501e-15,0.0,2.671376098911873
3,2,simplex,6,3.3306690738754696e-16,1.1102230246251565e-16,0.9454920888585789
3,2,simplex,7,2.4424906541753444e-15,1.9984014443252818e-15,0.7550568292322133
3,2,simplex,8,1.7763568394002505e-15,8.881784197001252e-16,2.2795840572222374
3,2,simplex,9,1.7763568394002505e-15,1.7763568394002505e-15,0.17480095583642274
3,2,simplex,10,1.7763568394002505e-15,8.881784197001252e-16,2.5495439159910367
3,2,simplex,11,0.0,4.440892098500626e-16,1.9079822809628624
3,2,simplex,12,4.440892098500626e-16,4.440892098500626e-16,2.109338426766172
3,2,simplex,13,3.552713678800501e-15,0.0,0.03721475705573907
3,2,simplex,14,2.6645352591003757e-15,2.6645352591003757e-15,2.686061922773632
3,2,simplex,15,3.552713678800501e-15,3.552713678800501e-15,1.3798739973341512
3,2,simplex,16,8.881784197001252e-16,8.881784197001252e-16,0.26428200667175616
3,2,simplex,17,0.0,1.1102230246251565e-16,0.11133084913105762
3,2,simplex,18,1.7763568394002505e-15,0.0,0.17543974799258777
3,2,simplex,19,1.3322676295501878e-15,3.1086244689504383e-15,2.1364614120944054
3,2,random,0,1.7763568394002505e-15,8.881784197001252e-16,0.41945647680537057
3,2,random,1,4.440892098500626e-16,1.4432899320127035e-15,4.807918557519571
3,2,random,2,4.440892098500626e-16,2.220446049250313e-15,3.1023662179198004
3,2,random,3,8.881784197001252e-16,0.0,4.259210207096633
3,2,random,4,1.7763568394002505e-15,3.552713678800501e-15,1.9159956940129401
3,2,random,5,1.7763568394002505e-15,0.0,0.7588401695167999
3,2,random,6,0.0,1.7763568394002505e-15,1.3835540527606938
3,2,random,7,1.3322676295501878e-15,2.220446049250313e-15,0.19250650003309744
3,2,random,8,4.440892098500626e-16,4.440892098500626e-16,2.4453714860730216
3,2,random,9,8.881784197001252e-16,0.0,0.07717029029307909
3,2,random,10,0.0,0.0,4.515390305035179
3,2,random,11,0.0,4.440892098500626e-16,2.8758576763450314
3,2,random,12,3.552713678800501e-15,1.7763568394002505e-15,1.1430688985507622
3,2,random,13,0.0,1.7763568394002505e-15,6.103334680707274
3,2,random,14,8.881784197001252e-16,0.0,0.5065406838874331
3,2,random,15,0.0,8.881784197001252e-16,0.28824854038711933
3,2,random,16,3.1086244689504383e-15,1.3322676295501878e-15,1.2933766908711455
3,2,random,17,2.220446049250313e-16,2.886579864025407e-15,0.013401656745315904
3,2,random,18,2.220446049250313e-16,7.771561172376096e-16,0.3783171268600807
3,2,random,19,0.0,8.881784197001252e-16,0.8613508875728986
3,3,simplex,0,4.440892098500626e-15,2.6645352591003757e-15,4.027565634068608
3,3,simplex,1,3.552713678800501e-15,3.552713678800501e-15,2.4625400734761467
3,3,simplex,2,1.7763568394002505e-15,1.3322676295501878e-15,3.6097467828190446
3,3,simplex,3,0.0,0.0,2.3305331233783164
3,3,simplex,4,4.440892098500626e-16,2.220446049250313e-15,0.37481725474575356
3,3,simplex,5,0.0,1.887379141862766e-15,0.4938694303252298
3,3,simplex,6,0.0,0.0,2.5537666563966894
3,3,simplex,7,0.0,1.7763568394002505e-15,0.05832042993200304
3,3,simplex,8,6.661338147750939e-16,1.7763568394002505e-15,0.5740987635198938
3,3,simplex,9,8.881784197001252e-16,4.440892098500626e-16,0.7334724183875743
3,3,simplex,10,8.881784197001252e-16,0.0,0.10181005020587719
3,3,simplex,11,4.440892098500626e-16,4.440892098500626e-16,0.0948297953136148
3,3,simplex,12,1.3322676295501878e-15,8.881784197001252e-16,0.711217890715897
3,3,simplex,13,2.220446049250313e-15,8.881784197001252e-16,0.07941197999648963
3,3,simplex,14,0.0,2.6645352591003757e-15,2.942660058338337
3,3,simplex,15,4.440892098500626e-16,8.881784197001252e-16,2.4425383566735874
3,3,simplex,16,1.7763568394002505e-15,1.7763568394002505e-15,0.00824646269601459
3,3,simplex,17,1.7763568394002505e-15,8.881784197001252e-16,0.2943321124809728
3,3,simplex,18,0.0,3.552713678800501e-15,1.293400254425011
3,3,simplex,19,8.881784197001252e-16,1.7763568394002505e-15,1.8944661341353743
3,3,random,0,1.7763568394002505e-15,1.7763568394002505e-15,0.18574597470249188
3,3,random,1,1.7763568394002505e-15,2.6645352591003757e-15,0.7875337741869899
3,3,random,2,0.0,0.0,7.491308440211611
3,3,random,3,7.771561172376096e-16,2.6645352591003757e-15,0.4036933535804579
3,3,random,4,1.7763568394002505e-15,1.7763568394002505e-15,1.3081670591052301
3,3,random,5,3.552713678800501e-15,1.7763568394002505e-15,1.1846601616420003
3,3,random,6,1.7763568394002505e-15,1.7763568394002505e-15,1.7230463916444023
3,3,random,7,1.7763568394002505e-15,8.881784197001252e-16,1.9788345757732309
3,3,random,8,1.5543122344752192e-15,2.220446049250313e-16,0.6308579690908154
3,3,random,9,1.7763568394002505e-15,3.552713678800501e-15,4.6789097088575815
3,3,random,10,1.7763568394002505e-15,1.7763568394002505e-15,1.6141309019390935
3,3,random,11,2.4424906541753444e-15,1.3322676295501878e-15,1.3819963256405998
3,3,random,12,5.329070518200751e-15,2.6645352591003757e-15,0.6026432596140117
3,3,random,13,0.0,0.0,3.1124432296202293
3,3,random,14,1.7763568394002505e-15,0.0,2.5110597302643356
3,3,random,15,8.881784197001252e-16,8.881784197001252e-16,2.009691373224072
3,3,random,16,1.7763568394002505e-15,0.0,1.9674857848306857
3,3,random,17,0.0,1.7763568394002505e-15,1.4075830180845408
3,3,random,18,2.6645352591003757e-15,1.7763568394002505e-15,2.2131696620146286
3,3,random,19,1.7763568394002505e-15,1.7763568394002505e-15,1.53808630310985
3,4,simplex,0,3.552713678800501e-15,0.0,0.8246832593522768
3,4,simplex,1,3.552713678800501e-15,5.329070518200751e-15,0.22560363652758753
3,4,simplex,2,0.0,8.881784197001252e-16,5.116352504373474
3,4,simplex,3,8.881784197001252e-16,8.881784197001252e-16,0.7035978846789774
3,4,simplex,4,3.552713678800501e-15,5.329070518200751e-15,0.8431476905389061
3,4,simplex,5,8.881784197001252e-16,1.1102230246251565e-15,5.5304509482929305
3,4,simplex,6,8.881784197001252e-16,1.3322676295501878e-15,2.590579417972208
3,4,simplex,7,3.552713678800501e-15,1.7763568394002505e-15,4.132948606434525
3,4,simplex,8,6.661338147750939e-16,0.0,1.0390566552958589
3,4,simplex,9,4.440892098500626e-16,1.3322676295501878e-15,0.5609058701042784
3,4,simplex,10,2.6645352591003757e-15,3.552713678800501e-15,0.628881646125464
3,4,simplex,11,0.0,8.881784197001252e-16,1.226537866934784
3,4,simplex,12,4.440892098500626e-16,4.440892098500626e-16,0.05878414769383511
3,4,simplex,13,0.0,3.552713678800501e-15,3.708708391345816
3,4,simplex,14,4.440892098500626e-15,1.7763568394002505e-15,2.3567279041506524
3,4,simplex,15,5.329070518200751e-15,0.0,1.9552693774222405
3,4,simplex,16,2.6645352591003757e-15,4.884981308350689e-15,3.7183048918293053
3,4,simplex,17,1.9984014443252818e-15,2.220446049250313e-16,2.358681425227971
3,4,simplex,18,1.3322676295501878e-15,0.0,1.1932583802777899
3,4,simplex,19,1.7763568394002505e-15,1.7763568394002505e-15,5.465424744192362
3,4,random,0,1.7763568394002505e-15,8.881784197001252e-16,1.9866823523928616
3,4,random,1,1.7763568394002505e-15,3.552713678800501e-15,7.407281460007503
3,4,random,2,0.0,1.7763568394002505e-15,0.8541558669800793
3,4,random,3,8.881784197001252e-16,1.3322676295501878e-15,1.2381714914709434
3,4,random,4,2.6645352591003757e-15,0.0,0.9480185105501633
3,4,random,5,4.440892098500626e-16,3.1086244689504383e-15,0.11745872489575504
3,4,random,6,0.0,0.0,5.215723411985007
3,4,random,7,1.7763568394002505e-15,1.7763568394002505e-15,0.007307700838651954
3,4,random,8,1.7763568394002505e-15,1.7763568394002505e-15,0.7774653129990412
3,4,random,9,4.440892098500626e-16,1.3322676295501878e-15,3.082141267774116
3,4,random,10,1.7763568394002505e-15,1.7763568394002505e-15,2.102029602896579
3,4,random,11,1.7763568394002505e-15,3.552713678800501e-15,1.5223135714836147
3,4,random,12,0.0,7.105427357601002e-15,2.9004105954718327
3,4,random,13,1.7763568394002505e-15,0.0,1.4744505561446957
3,4,random,14,1.7763568394002505e-15,8.881784197001252e-16,3.5463053178657375
3,4,random,15,8.881784197001252e-16,2.6645352591003757e-15,1.3181707146873407
3,4,random,16,1.7763568394002505e-15,8.881784197001252e-16,0.1602727874982861
3,4,random,17,0.0,0.0,0.4330360373212514
3,4,random,18,1.7763568394002505e-15,2.6645352591003757e-15,3.658118875484469
3,4,random,19,3.552713678800501e-15,5.329070518200751e-15,1.6773307774045465
3,5,simplex,0,1.7763568394002505e-15,7.105427357601002e-15,2.1863635278082967
3,5,simplex,1,2.220446049250313e-16,2.886579864025407e-15,0.8722264431582367
3,5,simplex,2,0.0,7.105427357601002e-15,3.300665767141979
3,5,simplex,3,3.552713678800501e-15,2.220446049250313e-16,0.4820615990533881
3,5,simplex,4,0.0,1.7763568394002505e-15,3.895930392526786
3,5,simplex,5,0.0,1.7763568394002505e-15,0.6282907336996004
3,5,simplex,6,8.881784197001252e-16,4.440892098500626e-15,1.2176832029698659
3,5,simplex,7,0.0,7.105427357601002e-15,2.6300544021719645
3,5,simplex,8,3.552713678800501e-15,3.552713678800501e-15,2.6616938491600877
3,5,simplex,9,0.0,1.7763568394002505e-15,4.175996957795476
3,5,simplex,10,8.881784197001252e-16,0.0,1.0283549433072814
3,5,simplex,11,1.3322676295501878e-15,4.440892098500626e-16,2.438120811356299
3,5,simplex,12,0.0,0.0,2.1851985357796053
3,5,simplex,13,1.7763568394002505e-15,2.6645352591003757e-15,5.313383429514808
3,5,simplex,14,2.220446049250313e-15,1.9984014443252818e-15,2.2427807825194606
3,5,simplex,15,1.7763568394002505e-15,0.0,0.7878115508219921
3,5,simplex,16,1.7763568394002505e-15,7.105427357601002e-15,0.813417973141739
3,5,simplex,17,1.7763568394002505e-15,3.552713678800501e-15,1.5457560510823356
3,5,simplex,18,4.440892098500626e-15,2.6645352591003757e-15,3.4467797485232268
3,5,simplex,19,0.0,1.7763568394002505e-15,0.05151049485719028
3,5,random,0,3.552713678800501e-15,1.7763568394002505e-15,10.540677630792693
3,5,random,1,3.552713678800501e-15,0.0,0.3393401940041585
3,5,random,2,4.884981308350689e-15,2.886579864025407e-15,2.0724105759954625
3,5,random,3,8.881784197001252e-16,4.440892098500626e-16,3.651736951215632
3,5,random,4,4.440892098500626e-16,4.440892098500626e-16,0.12710247231208172
3,5,random,5,1.7763568394002505e-15,3.552713678800501e-15,0.44276991679335964
3,5,random,6,1.7763568394002505e-15,8.881784197001252e-16,3.38338187535874
3,5,random,7,1.7763568394002505e-15,8.881784197001252e-16,2.669679333699314
3,5,random,8,2.220446049250313e-15,2.220446049250313e-15,2.9675406803406688
3,5,random,9,2.220446049250313e-16,3.774758283725532e-15,2.7906681329668714
3,5,random,10,3.9968028886505635e-15,4.440892098500626e-16,0.6825242376979332
3,5,random,11,1.3322676295501878e-15,1.7763568394002505e-15,4.237364339747465
3,5,random,12,0.0,1.7763568394002505e-15,2.7297473543074453
3,5,random,13,3.552713678800501e-15,3.552713678800501e-15,0.6137251058091522
3,5,random,14,3.552713678800501e-15,1.7763568394002505e-15,5.521661178869266
3,5,random,15,0.0,0.0,3.977552246016124
3,5,random,16,0.0,0.0,2.914535730489945
3,5,random,17,1.7763568394002505e-15,0.0,1.1008739664835048
3,5,random,18,0.0,3.552713678800501e-15,2.291491356699595
3,5,random,19,8.881784197001252e-16,8.881784197001252e-16,0.34311252786520896
3,8,simplex,0,6.217248937900877e-15,4.440892098500626e-15,3.59413741068294
3,8,simplex,1,0.0,1.7763568394002505e-15,7.128335698964861
3,8,simplex,2,0.0,2.6645352591003757e-15,2.3029437561465897
3,8,simplex,3,3.552713678800501e-15,0.0,1.038809286163442
3,8,simplex,4,3.552713678800501e-15,1.7763568394002505e-15,2.741778380869917
3,8,simplex,5,6.661338147750939e-16,8.881784197001252e-16,0.4560522757083447
3,8,simplex,6,1.7763568394002505e-15,8.881784197001252e-16,4.269911012185737
3,8,simplex,7,2.220446049250313e-15,1.7763568394002505e-15,2.5852730887304958
3,8,simplex,8,0.0,1.7763568394002505e-15,1.026291072831853
3,8,simplex,9,3.552713678800501e-15,0.0,0.7308388358584637
3,8,simplex,10,3.552713678800501e-15,2.6645352591003757e-15,1.932797953532578
3,8,simplex,11,1.7763568394002505e-15,4.440892098500626e-16,3.055097965733651
3,8,simplex,12,3.9968028886505635e-15,4.440892098500626e-15,4.891618770717983
3,8,simplex,13,3.552713678800501e-15,0.0,4.295104593260234
3,8,simplex,14,3.552713678800501e-15,0.0,2.4314819045427356
3,8,simplex,15,8.881784197001252e-16,1.3322676295501878e-15,2.6390641447266603
3,8,simplex,16,3.552713678800501e-15,0.0,4.03803821425403
3,8,simplex,17,1.0658141036401503e-14,3.552713678800501e-15,2.14747313710388
3,8,simplex,18,3.552713678800501e-15,0.0,2.116739586179733
3,8,simplex,19,8.881784197001252e-16,8.881784197001252e-16,6.932522039070108
3,8,random,0,1.7763568394002505e-15,8.881784197001252e-16,3.380654413011456
3,8,random,1,3.552713678800501e-15,0.0,2.962618003448398
3,8,random,2,1.7763568394002505e-15,1.7763568394002505e-15,7.852542995376297
3,8,random,3,4.440892098500626e-15,5.329070518200751e-15,1.194052896682706
3,8,random,4,3.552713678800501e-15,2.6645352591003757e-15,1.821630148617487
3,8,random,5,3.552713678800501e-15,1.7763568394002505e-15,0.5151246207531841
3,8,random,6,8.881784197001252e-16,3.9968028886505635e-15,1.3153724516196945
3,8,random,7,5.329070518200751e-15,8.881784197001252e-16,3.587931174256312
3,8,random,8,5.329070518200751e-15,5.329070518200751e-15,0.9286553619424751
3,8,random,9,0.0,3.552713678800501e-15,2.6724759874720547
3,8,random,10,1.7763568394002505e-15,1.7763568394002505e-15,2.0330749621948385
3,8,random,11,5.329070518200751e-15,5.329070518200751e-15,1.509450204134751
3,8,random,12,1.7763568394002505e-15,2.4424906541753444e-15,10.919866800942778
3,8,random,13,7.105427357601002e-15,0.0,1.3857736079329541
3,8,random,14,4.440892098500626e-15,3.552713678800501e-15,3.7803410722384143
3,8,random,15,2.220446049250313e-15,0.0,7.2995102921026955
3,8,random,16,0.0,0.0,2.6448205963789775
3,8,random,17,3.552713678800501e-15,3.1086244689504383e-15,2.493564451440733
3,8,random,18,2.6645352591003757e-15,1.7763568394002505e-15,8.27815992820517
3,8,random,19,3.552713678800501e-15,0.0,5.971463387773284
4,1,simplex,0,1.3322676295501878e-15,8.881784197001252e-16,0.6253184916337835
4,1,simplex,1,6.661338147750939e-16,4.440892098500626e-16,0.47125350054068615
4,1,simplex,2,0.0,0.0,1.4783956492025419
4,1,simplex,3,0.0,0.0,4.819961714498238
4,1,simplex,4,2.220446049250313e-16,4.440892098500626e-16,0.04858060311792656
4,1,simplex,5,8.881784197001252e-16,1.7763568394002505e-15,0.1858470713480358
4,1,simplex,6,4.440892098500626e-16,0.0,0.07833166370688538
4,1,simplex,7,0.0,0.0,0.07137000554888218
4,1,simplex,8,4.440892098500626e-16,4.440892098500626e-16,3.559976800429121
4,1,simplex,9,4.440892098500626e-16,2.220446049250313e-16,0.1273123648040464
4,1,simplex,10,4.440892098500626e-16,1.3322676295501878e-15,3.0677317095533763
4,1,simplex,11,0.0,0.0,0.060610905797836345
4,1,simplex,12,0.0,8.881784197001252e-16,1.409744802542682
4,1,simplex,13,8.881784197001252e-16,8.881784197001252e-16,0.0807222362777642
4,1,simplex,14,0.0,8.881784197001252e-16,0.3593453362177925
4,1,simplex,15,4.440892098500626e-16,4.440892098500626e-16,3.3214609087735
4,1,simplex,16,4.440892098500626e-16,8.881784197001252e-16,0.0014223501680028505
4,1,simplex,17,8.881784197001252e-16,0.0,1.8006460699150044
4,1,simplex,18,5.551115123125783e-16,2.7755575615628914e-16,0.37727299785495383
4,1,simplex,19,4.440892098500626e-16,2.220446049250313e-16,0.005164287650071486
4,1,random,0,8.881784197001252e-16,4.440892098500626e-16,0.7732966262125789
4,1,random,1,2.220446049250313e-16,2.220446049250313e-16,1.7608605032921116
4,1,random,2,2.220446049250313e-16,4.440892098500626e-16,0.5386125127269992
4,1,random,3,0.0,8.881784197001252e-16,0.8220141700718906
4,1,random,4,2.220446049250313e-16,6.661338147750939e-16,1.614298409979174
4,1,random,5,1.1102230246251565e-15,6.661338147750939e-16,1.5939796522134277
4,1,random,6,8.881784197001252e-16,4.440892098500626e-16,5.70915904738456e-05
4,1,random,7,8.881784197001252e-16,8.881784197001252e-16,0.7528809961312954
4,1,random,8,0.0,0.0,1.2721942881479134
4,1,random,9,8.881784197001252e-16,1.7763568394002505e-15,1.0703118852102527
4,1,random,10,0.0,0.0,0.05851507948650525
4,1,random,11,1.7763568394002505e-15,8.881784197001252e-16,0.4097645818594611
4,1,random,12,1.7763568394002505e-15,1.7763568394002505e-15,0.4915129143676342
4,1,random,13,4.440892098500626e-16,4.440892098500626e-16,0.6551698142158298
4,1,random,14,1.7763568394002505e-15,1.7763568394002505e-15,0.3852243132621336
4,1,random,15,2.220446049250313e-16,4.440892098500626e-16,0.3916177795628819
4,1,random,16,1.7763568394002505e-15,8.881784197001252e-16,0.30189217208060093
4,1,random,17,2.220446049250313e-16,4.440892098500626e-16,0.09182899445486559
4,1,random,18,3.885780586188048e-16,0.0,2.9457480304240526
4,1,random,19,5.551115123125783e-16,3.3306690738754696e-16,1.736409791681928
4,2,simplex,0,8.881784197001252e-16,8.881784197001252e-16,4.349211811454818
4,2,simplex,1,1.7763568394002505e-15,1.7763568394002505e-15,0.6746952643217341
4,2,simplex,2,2.220446049250313e-15,4.440892098500626e-16,2.398243876241061
4,2,simplex,3,1.3322676295501878e-15,6.661338147750939e-16,0.15504854748005314
4,2,simplex,4,0.0,1.7763568394002505e-15,1.1492728227123457
4,2,simplex,5,1.7763568394002505e-15,2.6645352591003757e-15,5.3605783012441295
4,2,simplex,6,1.7763568394002505e-15,1.3322676295501878e-15,0.7483073109508194
4,2,simplex,7,3.552713678800501e-15,1.7763568394002505e-15,0.8289617688917161
4,2,simplex,8,0.0,8.881784197001252e-16,1.2628254323963395
4,2,simplex,9,0.0,0.0,4.308330714944034
4,2,simplex,10,1.7763568394002505e-15,1.7763568394002505e-15,2.3726314012404615
4,2,simplex,11,1.7763568394002505e-15,8.881784197001252e-16,1.1333349150053813
4,2,simplex,12,1.7763568394002505e-15,1.7763568394002505e-15,2.8907114602267754
4,2,simplex,13,0.0,0.0,1.2636457971996506
4,2,simplex,14,0.0,8.881784197001252e-16,1.6009384580564259
4,2,simplex,15,1.7763568394002505e-15,1.7763568394002505e-15,1.9860727532449296
4,2,simplex,16,0.0,1.7763568394002505e-15,2.017395483717536
4,2,simplex,17,3.552713678800501e-15,0.0,0.6071092374016231
4,2,simplex,18,4.440892098500626e-16,1.3322676295501878e-15,0.2533692046212046
4,2,simplex,19,1.7763568394002505e-15,8.881784197001252e-16,1.2613729981519395
4,2,random,0,8.881784197001252e-16,0.0,0.7254961129081856
4,2,random,1,0.0,1.7763568394002505e-15,0.17262828003286756
4,2,random,2,8.881784197001252e-16,1.7763568394002505e-15,1.0232840363580618
4,2,random,3,1.1102230246251565e-15,2.220446049250313e-16,0.6228988007413605
4,2,random,4,0.0,2.6645352591003757e-15,7.800375400976947
4,2,random,5,0.0,8.881784197001252e-16,3.2251348487514733
4,2,random,6,0.0,0.0,0.3382221556842193
4,2,random,7,2.6645352591003757e-15,2.220446049250313e-15,0.32636437607397184
4,2,random,8,1.7763568394002505e-15,0.0,1.1451580014688574
4,2,random,9,0.0,8.881784197001252e-16,1.6247858048050894
4,2,random,10,0.0,0.0,0.8089999948636617
4,2,random,11,1.7763568394002505e-15,1.7763568394002505e-15,2.962614508250386
4,2,random,12,8.881784197001252e-16,8.881784197001252e-16,0.7335329554621914
4,2,random,13,8.881784197001252e-16,1.7763568394002505e-15,1.8862653269466882
4,2,random,14,0.0,1.3322676295501878e-15,1.2550113435600334
4,2,random,15,4.440892098500626e-16,2.220446049250313e-15,1.7893635491317266
4,2,random,16,2.220446049250313e-15,0.0,0.818786218929116
4,2,random,17,2.220446049250313e-15,2.6645352591003757e-15,0.39334249112799213
4,2,random,18,3.552713678800501e-15,2.220446049250313e-15,0.8633476835103124
4,2,random,19,1.7763568394002505e-15,3.552713678800501e-15,0.2847271824507551
4,3,simplex,0,1.7763568394002505e-15,3.552713678800501e-15,2.8638133041692626
4,3,simplex,1,1.7763568394002505e-15,3.552713678800501e-15,3.836403564266277
4,3,simplex,2,1.7763568394002505e-15,1.7763568394002505e-15,0.29907824129687555
4,3,simplex,3,0.0,0.0,1.2047106824251088
4,3,simplex,4,0.0,3.552713678800501e-15,1.656090793454183
4,3,simplex,5,1.7763568394002505e-15,2.6645352591003757e-15,1.066290494172062
4,3,simplex,6,8.881784197001252e-16,3.1086244689504383e-15,2.0931189580657694
4,3,simplex,7,1.3322676295501878e-15,0.0,0.6413638249333857
4,3,simplex,8,8.881784197001252e-16,8.881784197001252e-16,2.094526158877475
4,3,simplex,9,0.0,1.7763568394002505e-15,1.518426619219646
4,3,simplex,10,1.3322676295501878e-15,8.881784197001252e-16,0.5874476192462623
4,3,simplex,11,4.440892098500626e-15,8.881784197001252e-16,1.7087046000120196
4,3,simplex,12,0.0,1.1102230246251565e-15,4.40260659727101
4,3,simplex,13,0.0,0.0,3.0864898614234306
4,3,simplex,14,1.7763568394002505e-15,0.0,0.7378943587049527
4,3,simplex,15,0.0,1.7763568394002505e-15,1.2668888320768872
4,3,simplex,16,3.552713678800501e-15,1.7763568394002505e-15,3.3644612146899746
4,3,simplex,17,3.552713678800501e-15,3.552713678800501e-15,0.3478212917305399
4,3,simplex,18,1.7763568394002505e-15,3.552713678800501e-15,0.612032913684267
4,3,simplex,19,3.1086244689504383e-15,1.3322676295501878e-15,3.5042000766389734
4,3,random,0,7.771561172376096e-16,1.1102230246251565e-15,1.6338006130759695
4,3,random,1,0.0,1.7763568394002505e-15,2.8115586777301935
4,3,random,2,5.551115123125783e-17,3.885780586188048e-16,0.9787870277520554
4,3,random,3,1.7763568394002505e-15,0.0,5.034024894075117
4,3,random,4,9.992007221626409e-16,6.661338147750939e-16,1.8983810954001505
4,3,random,5,1.7763568394002505e-15,1.7763568394002505e-15,1.6186229962424363
4,3,random,6,0.0,1.7763568394002505e-15,0.35031762069131744
4,3,random,7,8.881784197001252e-16,0.0,0.8602382029529565
4,3,random,8,7.105427357601002e-15,3.552713678800501e-15,3.56768080595441
4,3,random,9,0.0,1.7763568394002505e-15,0.7339507915249754
4,3,random,10,0.0,0.0,1.507233225773886
4,3,random,11,1.7763568394002505e-15,8.881784197001252e-16,0.9693829633474165
4,3,random,12,0.0,2.220446049250313e-15,5.86788735777257
4,3,random,13,0.0,0.0,1.572355495315234
4,3,random,14,2.6645352591003757e-15,2.6645352591003757e-15,2.9426929113986127
4,3,random,15,0.0,1.7763568394002505e-15,0.27633635702198234
4,3,random,16,4.440892098500626e-16,1.3322676295501878e-15,2.4020120082722833
4,3,random,17,0.0,0.0,1.1406956583782968
4,3,random,18,0.0,0.0,4.1824098203612365
4,3,random,19,2.6645352591003757e-15,0.0,0.4702732717358309
4,4,simplex,0,0.0,3.552713678800501e-15,2.054885244577509
4,4,simplex,1,1.7763568394002505e-15,8.881784197001252e-16,0.4825016648639284
4,4,simplex,2,3.552713678800501e-15,1.7763568394002505e-15,6.820102009331482
4,4,simplex,3,0.0,0.0,0.3447716904417746
4,4,simplex,4,1.7763568394002505e-15,0.0,1.2386110644258466
4,4,simplex,5,8.881784197001252e-16,1.3322676295501878e-15,0.7980888543365623
4,4,simplex,6,8.881784197001252e-16,8.881784197001252e-16,2.133989922326329
4,4,simplex,7,0.0,4.440892098500626e-16,4.3644219482848285
4,4,simplex,8,0.0,0.0,0.04457217577794381
4,4,simplex,9,5.329070518200751e-15,1.3322676295501878e-15,0.5647134857867542
4,4,simplex,10,5.329070518200751e-15,5.329070518200751e-15,1.8712591023775538
4,4,simplex,11,1.7763568394002505e-15,1.7763568394002505e-15,1.1760886157150807
4,4,simplex,12,1.7763568394002505e-15,8.881784197001252e-16,2.560668847165921
4,4,simplex,13,1.7763568394002505e-15,1.7763568394002505e-15,0.1832446583895475
4,4,simplex,14,7.105427357601002e-15,7.105427357601002e-15,1.5833427387732684
4,4,simplex,15,1.7763568394002505e-15,3.552713678800501e-15,3.6763671266374516
4,4,simplex,16,8.881784197001252e-16,8.881784197001252e-16,1.3719167658278764
4,4,simplex,17,3.552713678800501e-15,1.7763568394002505e-15,0.44442597398561645
4,4,simplex,18,4.440892098500626e-16,3.552713678800501e-15,5.485885286695002
4,4,simplex,19,0.0,0.0,6.968776695984388
4,4,random,0,8.881784197001252e-16,3.552713678800501e-15,2.1546493906052433
4,4,random,1,3.552713678800501e-15,3.552713678800501e-15,0.3149121191407076
4,4,random,2,3.552713678800501e-15,3.552713678800501e-15,9.959882096724282
4,4,random,3,1.7763568394002505e-15,1.7763568394002505e-15,4.8088818566561855
4,4,random,4,1.7763568394002505e-15,1.7763568394002505e-15,1.2081803278339933
4,4,random,5,8.881784197001252e-16,0.0,1.9186232947162978
4,4,random,6,8.881784197001252e-16,0.0,0.8723819968452311
4,4,random,7,1.7763568394002505e-15,1.7763568394002505e-15,0.22651269355264958
4,4,random,8,0.0,1.7763568394002505e-15,0.8758133911453143
4,4,random,9,1.7763568394002505e-15,1.7763568394002505e-15,1.2972038436194566
4,4,random,10,2.220446049250313e-15,1.7763568394002505e-15,0.9826257905736782
4,4,random,11,4.440892098500626e-16,3.552713678800501e-15,1.7816079608852604
4,4,random,12,4.440892098500626e-15,1.9984014443252818e-15,1.2181756304570825
4,4,random,13,7.105427357601002e-15,5.329070518200751e-15,0.25581356303355207
4,4,random,14,3.552713678800501e-15,2.6645352591003757e-15,5.115287356931297
4,4,random,15,0.0,0.0,0.5233667600453931
4,4,random,16,1.7763568394002505e-15,1.7763568394002505e-15,6.012748725438023
4,4,random,17,6.661338147750939e-16,2.220446049250313e-16,0.9726628742580345
4,4,random,18,5.329070518200751e-15,6.217248937900877e-15,5.779429888757512
4,4,random,19,1.3322676295501878e-15,4.440892098500626e-16,1.0093366693127912
4,5,simplex,0,0.0,1.7763568394002505e-15,2.069579126363493
4,5,simplex,1,1.3322676295501878e-15,1.7763568394002505e-15,2.4311811556944747
4,5,simplex,2,2.6645352591003757e-15,2.6645352591003757e-15,5.650073843497104
4,5,simplex,3,6.217248937900877e-15,2.6645352591003757e-15,6.2854543334288095
4,5,simplex,4,3.552713678800501e-15,2.886579864025407e-15,0.4604779905362051
4,5,simplex,5,0.0,0.0,5.428737194305867
4,5,simplex,6,1.7763568394002505e-15,1.7763568394002505e-15,4.931351793508753
4,5,simplex,7,0.0,3.552713678800501e-15,0.9024924511260224
4,5,simplex,8,0.0,3.552713678800501e-15,2.8845759649913134
4,5,simplex,9,0.0,0.0,0.43764340781794075
4,5,simplex,10,2.6645352591003757e-15,0.0,5.1230180876896085
4,5,simplex,11,2.6645352591003757e-15,2.220446049250313e-16,0.8054222581863542
4,5,simplex,12,1.7763568394002505e-15,3.552713678800501e-15,0.08510809481320791
4,5,simplex,13,1.7763568394002505e-15,3.552713678800501e-15,3.5958814957644165
4,5,simplex,14,0.0,1.7763568394002505e-15,5.559757374861455
4,5,simplex,15,2.6645352591003757e-15,3.552713678800501e-15,1.6786617962196857
4,5,simplex,16,3.552713678800501e-15,1.7763568394002505e-15,3.965562276314799
4,5,simplex,17,1.7763568394002505e-15,1.7763568394002505e-15,5.723551321365118
4,5,simplex,18,0.0,7.105427357601002e-15,6.9021460646970105
4,5,simplex,19,1.3322676295501878e-15,4.440892098500626e-15,7.949898345357937
4,5,random,0,3.552713678800501e-15,3.552713678800501e-15,0.4487729184719882
4,5,random,1,0.0,1.7763568394002505e-15,2.1509511716395906
4,5,random,2,2.6645352591003757e-15,8.881784197001252e-16,2.767875948372719
4,5,random,3,4.440892098500626e-16,2.220446049250313e-16,0.9197867310116763
4,5,random,4,3.552713678800501e-15,2.6645352591003757e-15,6.846801413045604
4,5,random,5,0.0,0.0,2.8300719115186084
4,5,random,6,0.0,0.0,2.0449963758320067
4,5,random,7,3.552713678800501e-15,8.881784197001252e-16,0.2044131719765261
4,5,random,8,0.0,8.881784197001252e-16,0.41477807919577714
4,5,random,9,1.7763568394002505e-15,0.0,0.34876962562944414
4,5,random,10,0.0,8.881784197001252e-16,2.5767800137592616
4,5,random,11,2.6645352591003757e-15,8.881784197001252e-16,0.8252434348802566
4,5,random,12,3.552713678800501e-15,0.0,3.348061045869599
4,5,random,13,0.0,0.0,1.9370585468883093
4,5,random,14,3.552713678800501e-15,3.552713678800501e-15,1.866027923729142
4,5,random,15,0.0,8.881784197001252e-16,1.874362366850896
4,5,random,16,3.552713678800501e-15,3.552713678800501e-15,5.296799803562472
4,5,random,17,3.552713678800501e-15,3.552713678800501e-15,6.865090162933257
4,5,random,18,8.881784197001252e-16,0.0,0.5112598481326458
4,5,random,19,1.7763568394002505e-15,8.881784197001252e-16,1.9573762169259155
4,8,simplex,0,0.0,4.440892098500626e-15,6.5550493076428396
4,8,simplex,1,0.0,0.0,0.9296653622755855
4,8,simplex,2,2.6645352591003757e-15,1.7763568394002505e-15,3.3024001171340913
4,8,simplex,3,4.440892098500626e-15,0.0,1.1060952639388688
4,8,simplex,4,3.552713678800501e-15,0.0,3.5805549259824474
4,8,simplex,5,0.0,8.881784197001252e-16,0.6371582519549861
4,8,simplex,6,5.329070518200751e-15,8.881784197001252e-16,2.0629287877077687
4,8,simplex,7,4.440892098500626e-15,3.552713678800501e-15,9.696726024936801
4,8,simplex,8,0.0,0.0,3.189665391795188
4,8,simplex,9,3.552713678800501e-15,4.440892098500626e-16,4.500581240611567
4,8,simplex,10,1.7763568394002505e-15,1.7763568394002505e-15,4.934482252992112
4,8,simplex,11,0.0,0.0,0.19390663795505958
4,8,simplex,12,7.105427357601002e-15,1.7763568394002505e-15,1.722021958345394
4,8,simplex,13,4.440892098500626e-15,8.43769498715119e-15,0.42231908768089
4,8,simplex,14,1.7763568394002505e-15,0.0,2.375926014963035
4,8,simplex,15,7.105427357601002e-15,0.0,6.185331339833795
4,8,simplex,16,0.0,3.552713678800501e-15,2.920669121377486
4,8,simplex,17,5.329070518200751e-15,1.7763568394002505e-15,2.4162669176376994
4,8,simplex,18,3.552713678800501e-15,1.0658141036401503e-14,6.929112971037732
4,8,simplex,19,1.3322676295501878e-15,2.6645352591003757e-15,0.939745171881853
4,8,random,0,0.0,3.552713678800501e-15,3.369945534129087
4,8,random,1,1.7763568394002505e-15,0.0,3.1572811475417097
4,8,random,2,7.105427357601002e-15,3.552713678800501e-15,1.763563582921421
4,8,random,3,2.220446049250313e-15,2.220446049250313e-15,1.4960492535572882
4,8,random,4,5.329070518200751e-15,5.329070518200751e-15,4.333218631858145
4,8,random,5,0.0,3.552713678800501e-15,5.1626289604405855
4,8,random,6,3.552713678800501e-15,3.552713678800501e-15,6.811772563322123
4,8,random,7,1.7763568394002505e-15,8.881784197001252e-16,2.892236153905422
4,8,random,8,0.0,1.3322676295501878e-15,8.384570775744827
4,8,random,9,5.329070518200751e-15,3.552713678800501e-15,5.837403379269368
4,8,random,10,3.552713678800501e-15,0.0,2.239063212650656
4,8,random,11,0.0,3.552713678800501e-15,8.866955170772343
4,8,random,12,8.881784197001252e-16,0.0,4.172183956633916
4,8,random,13,4.440892098500626e-16,3.1086244689504383e-15,2.3222777584959076
4,8,random,14,3.552713678800501e-15,3.552713678800501e-15,0.18560124929764754
4,8,random,15,8.881784197001252e-16,1.7763568394002505e-15,1.3653340686568924
4,8,random,16,3.552713678800501e-15,3.552713678800501e-15,2.802405714669291
4,8,random,17,1.7763568394002505e-15,1.7763568394002505e-15,1.3090096165460636
4,8,random,18,0.0,1.7763568394002505e-15,0.04543065977939875
4,8,random,19,0.0,3.552713678800501e-15,3.024214475001685
5,1,simplex,0,0.0,4.440892098500626e-16,0.988557283141871
5,1,simplex,1,1.3322676295501878e-15,2.220446049250313e-16,0.547430385192083
5,1,simplex,2,7.771561172376096e-16,6.661338147750939e-16,0.08128698100938103
5,1,simplex,3,6.661338147750939e-16,6.661338147750939e-16,0.02424532139058222
5,1,simplex,4,8.881784197001252e-16,8.881784197001252e-16,0.5130556937348727
5,1,simplex,5,0.0,1.7763568394002505e-15,4.340427190348524
5,1,simplex,6,0.0,8.881784197001252e-16,3.4420797345038228
5,1,simplex,7,1.1102230246251565e-16,4.440892098500626e-16,0.15634561872273522
5,1,simplex,8,8.881784197001252e-16,0.0,0.5991681622411917
5,1,simplex,9,1.7763568394002505e-15,1.7763568394002505e-15,0.40764539663513943
5,1,simplex,10,8.881784197001252e-16,0.0,1.5398540627366115
5,1,simplex,11,0.0,4.440892098500626e-16,0.1483409993692888
5,1,simplex,12,1.3322676295501878e-15,4.440892098500626e-16,0.06658129054279094
5,1,simplex,13,2.220446049250313e-16,2.220446049250313e-16,3.365474469690108
5,1,simplex,14,8.881784197001252e-16,4.440892098500626e-16,0.06716298252496955
5,1,simplex,15,8.881784197001252e-16,0.0,0.35081373018542905
5,1,simplex,16,1.7763568394002505e-15,1.7763568394002505e-15,3.9891676557471527
5,1,simplex,17,4.440892098500626e-16,0.0,0.8645984809561824
5,1,simplex,18,8.881784197001252e-16,8.881784197001252e-16,2.6435660504214193
5,1,simplex,19,6.661338147750939e-16,0.0,1.256505440474064
5,1,random,0,0.0,8.881784197001252e-16,0.14883816552686113
5,1,random,1,0.0,4.440892098500626e-16,3.0038934978510454
5,1,random,2,0.0,0.0,1.542475452970963
5,1,random,3,6.661338147750939e-16,2.220446049250313e-16,0.630305428694065
5,1,random,4,6.661338147750939e-16,4.440892098500626e-16,0.48586926064435687
5,1,random,5,1.7763568394002505e-15,8.881784197001252e-16,1.3611704001264249
5,1,random,6,4.440892098500626e-16,4.440892098500626e-16,0.6927448552449658
5,1,random,7,7.771561172376096e-16,3.3306690738754696e-16,0.4315072195347822
5,1,random,8,2.220446049250313e-16,5.551115123125783e-16,0.03741192797671378
5,1,random,9,4.440892098500626e-16,4.440892098500626e-16,2.0494979741853694
5,1,random,10,0.0,0.0,0.7856556415043654
5,1,random,11,0.0,8.881784197001252e-16,1.6730203498881497
5,1,random,12,0.0,8.881784197001252e-16,2.008025408855989
5,1,random,13,0.0,0.0,0.30070161325013167
5,1,random,14,8.881784197001252e-16,0.0,2.88027259804368
5,1,random,15,3.3306690738754696e-16,5.551115123125783e-17,0.8451815303959185
5,1,random,16,2.7755575615628914e-16,4.996003610813204e-16,1.4680203085553718
5,1,random,17,4.440892098500626e-16,0.0,0.1875926344331642
5,1,random,18,0.0,0.0,0.7283805618702281
5,1,random,19,0.0,4.440892098500626e-16,1.7376336535928072
5,2,simplex,0,3.552713678800501e-15,1.7763568394002505e-15,2.2586538162257668
5,2,simplex,1,3.552713678800501e-15,3.552713678800501e-15,1.2563414456938204
5,2,simplex,2,3.552713678800501e-15,1.7763568394002505e-15,1.6013438718670798
5,2,simplex,3,8.881784197001252e-16,8.881784197001252e-16,3.3698391071638056
5,2,simplex,4,1.3322676295501878e-15,1.7763568394002505e-15,4.519003977587374
5,2,simplex,5,0.0,2.220446049250313e-15,2.5774427838883653
5,2,simplex,6,0.0,3.552713678800501e-15,0.2853319389939415
5,2,simplex,7,3.552713678800501e-15,3.552713678800501e-15,5.814781761173741
5,2,simplex,8,4.440892098500626e-16,1.3322676295501878e-15,0.20112719215251218
5,2,simplex,9,6.661338147750939e-16,6.661338147750939e-16,0.16895229687305857
5,2,simplex,10,3.552713678800501e-15,1.7763568394002505e-15,1.2459139299396185
5,2,simplex,11,1.7763568394002505e-15,4.440892098500626e-15,0.29541104378225214
5,2,simplex,12,1.9984014443252818e-15,2.220446049250313e-16,0.15598233570205977
5,2,simplex,13,1.7763568394002505e-15,0.0,1.4370223281584416
5,2,simplex,14,8.881784197001252e-16,8.881784197001252e-16,3.863090084614033
5,2,simplex,15,4.440892098500626e-16,4.440892098500626e-16,3.7124855467969198
5,2,simplex,16,8.881784197001252e-16,8.881784197001252e-16,1.2646966560576303
5,2,simplex,17,0.0,1.7763568394002505e-15,1.057839336564971
5,2,simplex,18,2.6645352591003757e-15,3.552713678800501e-15,2.1224801000482216
5,2,simplex,19,1.7763568394002505e-15,0.0,1.743642061329787
5,2,random,0,8.881784197001252e-16,4.440892098500626e-16,0.7299022992349755
5,2,random,1,8.881784197001252e-16,4.440892098500626e-16,1.6509546669165864
5,2,random,2,3.552713678800501e-15,0.0,4.578184110047431
5,2,random,3,0.0,0.0,1.0612008048693582
5,2,random,4,0.0,0.0,2.2447812228735557
5,2,random,5,2.6645352591003757e-15,2.6645352591003757e-15,0.7788293485389204
5,2,random,6,8.881784197001252e-16,0.0,1.3993200169383329
5,2,random,7,3.552713678800501e-15,0.0,0.20786784078543263
5,2,random,8,0.0,3.552713678800501e-15,0.5785297377760124
5,2,random,9,0.0,0.0,2.523497952852132
5,2,random,10,8.881784197001252e-16,0.0,0.8451766993782996
5,2,random,11,1.7763568394002505e-15,1.7763568394002505e-15,0.73247993110542
5,2,random,12,0.0,0.0,0.7019013385666071
5,2,random,13,1.7763568394002505e-15,1.7763568394002505e-15,3.684311368157551
5,2,random,14,1.7763568394002505e-15,0.0,0.8597844581546603
5,2,random,15,1.1102230246251565e-15,1.3322676295501878e-15,1.8092235096601215
5,2,random,16,8.881784197001252e-16,0.0,3.3808781395041976
5,2,random,17,4.440892098500626e-16,4.440892098500626e-16,0.27202503727320604
5,2,random,18,1.7763568394002505e-15,1.3322676295501878e-15,2.6725263552920318
5,2,random,19,4.440892098500626e-16,1.1102230246251565e-15,0.6291303737578886
5,3,simplex,0,3.552713678800501e-15,1.7763568394002505e-15,0.39890687267782
5,3,simplex,1,8.881784197001252e-16,2.6645352591003757e-15,0.1874347134381722
5,3,simplex,2,2.4424906541753444e-15,1.7763568394002505e-15,3.303944327671765
5,3,simplex,3,4.440892098500626e-15,8.881784197001252e-16,1.108764342957894
5,3,simplex,4,0.0,1.7763568394002505e-15,0.6470787740586026
5,3,simplex,5,8.881784197001252e-16,8.881784197001252e-16,1.2004673617998236
5,3,simplex,6,1.7763568394002505e-15,1.7763568394002505e-15,1.058735945460608
5,3,simplex,7,2.6645352591003757e-15,3.552713678800501e-15,1.4064856408755446
5,3,simplex,8,1.7763568394002505e-15,8.881784197001252e-16,2.9902858123104323
5,3,simplex,9,8.881784197001252e-16,1.7763568394002505e-15,0.6259551311964167
5,3,simplex,10,3.552713678800501e-15,2.6645352591003757e-15,0.41619639956697085
5,3,simplex,11,1.7763568394002505e-15,1.7763568394002505e-15,1.0405172279638464
5,3,simplex,12,1.7763568394002505e-15,1.3322676295501878e-15,0.7807567609566739
5,3,simplex,13,8.881784197001252e-16,8.881784197001252e-16,1.256244733438102
5,3,simplex,14,2.220446049250313e-15,4.440892098500626e-16,1.4964370715210293
5,3,simplex,15,0.0,8.881784197001252e-16,7.527652043595843
5,3,simplex,16,3.552713678800501e-15,3.552713678800501e-15,3.5501344744057732
5,3,simplex,17,8.881784197001252e-16,8.881784197001252e-16,1.2989254304778726
5,3,simplex,18,0.0,0.0,0.6553281939424878
5,3,simplex,19,0.0,0.0,6.670558401262632
5,3,random,0,0.0,1.7763568394002505e-15,3.029743764508382
5,3,random,1,0.0,1.7763568394002505e-15,3.9051301329579253
5,3,random,2,0.0,3.552713678800501e-15,0.890780589332751
5,3,random,3,1.7763568394002505e-15,0.0,2.7471041476845173
5,3,random,4,8.881784197001252e-16,0.0,2.497733120233491
5,3,random,5,1.7763568394002505e-15,0.0,0.7760828685182446
5,3,random,6,2.220446049250313e-15,4.440892098500626e-16,5.904338169192343
5,3,random,7,0.0,2.6645352591003757e-15,1.8725729697397995
5,3,random,8,4.440892098500626e-16,3.552713678800501e-15,1.0024791900530268
5,3,random,9,5.329070518200751e-15,0.0,5.310255346721675
5,3,random,10,8.881784197001252e-16,8.881784197001252e-16,2.0940597766676348
5,3,random,11,0.0,1.3322676295501878e-15,2.2251326609423785
5,3,random,12,8.881784197001252e-16,8.881784197001252e-16,1.5105130778800877
5,3,random,13,1.7763568394002505e-15,1.7763568394002505e-15,2.9141006219137395
5,3,random,14,2.6645352591003757e-15,1.5543122344752192e-15,2.3579106157553795
5,3,random,15,8.881784197001252e-16,0.0,1.6125419038572772
5,3,random,16,8.881784197001252e-16,4.440892098500626e-16,1.6914827803264068
5,3,random,17,0.0,1.7763568394002505e-15,0.8859829884306052
5,3,random,18,3.552713678800501e-15,0.0,0.19754678370883738
5,3,random,19,3.552713678800501e-15,0.0,2.4269008849424623
5,4,simplex,0,4.440892098500626e-16,0.0,4.52413872517463
5,4,simplex,1,1.7763568394002505e-15,1.7763568394002505e-15,0.1828451680856631
5,4,simplex,2,1.7763568394002505e-15,1.7763568394002505e-15,0.31327588059119194
5,4,simplex,3,1.7763568394002505e-15,3.552713678800501e-15,2.228261495844606
5,4,simplex,4,1.7763568394002505e-15,1.7763568394002505e-15,0.6254989246405174
5,4,simplex,5,1.7763568394002505e-15,1.7763568394002505e-15,1.0081807030150145
5,4,simplex,6,3.1086244689504383e-15,1.7763568394002505e-15,3.2003068451273435
5,4,simplex,7,0.0,8.881784197001252e-16,0.4029455897101286
5,4,simplex,8,0.0,0.0,0.8457309406097906
5,4,simplex,9,3.1086244689504383e-15,3.552713678800501e-15,0.4287395128593303
5,4,simplex,10,0.0,3.552713678800501e-15,0.5157082993322675
5,4,simplex,11,2.6645352591003757e-15,2.6645352591003757e-15,3.1176681745335024
5,4,simplex,12,6.661338147750939e-16,1.7763568394002505e-15,7.560378473883347
5,4,simplex,13,1.7763568394002505e-15,0.0,2.0858054898153497
5,4,simplex,14,4.440892098500626e-16,8.881784197001252e-16,0.6212580083650039
5,4,simplex,15,4.440892098500626e-16,1.3322676295501878e-15,4.857847058666177
5,4,simplex,16,8.881784197001252e-16,1.5543122344752192e-15,1.0421145869372523
5,4,simplex,17,2.6645352591003757e-15,8.881784197001252e-16,6.342006939328165
5,4,simplex,18,3.552713678800501e-15,4.440892098500626e-16,0.4717505778620392
5,4,simplex,19,0.0,0.0,0.8374530654349677
5,4,random,0,8.881784197001252e-16,8.881784197001252e-16,3.1454900865374
5,4,random,1,0.0,3.552713678800501e-15,0.9255104132163368
5,4,random,2,3.552713678800501e-15,8.881784197001252e-16,3.851470240586437
5,4,random,3,1.3322676295501878e-15,8.881784197001252e-16,1.2971127176546986
5,4,random,4,0.0,3.552713678800501e-15,8.082265109782288
5,4,random,5,1.7763568394002505e-15,0.0,0.35320248927052944
5,4,random,6,2.6645352591003757e-15,2.6645352591003757e-15,4.8894582790831045
5,4,random,7,5.329070518200751e-15,1.7763568394002505e-15,2.926719185910237
5,4,random,8,0.0,1.7763568394002505e-15,1.5708544712215158
5,4,random,9,0.0,1.3322676295501878e-15,3.418386078841394
5,4,random,10,0.0,3.552713678800501e-15,3.0046558110965655
5,4,random,11,4.440892098500626e-15,2.6645352591003757e-15,2.798484016293912
5,4,random,12,0.0,3.552713678800501e-15,0.6477665881035009
5,4,random,13,0.0,1.7763568394002505e-15,7.783339238563833
5,4,random,14,1.7763568394002505e-15,0.0,4.199271326749447
5,4,random,15,5.551115123125783e-16,5.551115123125783e-16,0.16038323867848803
5,4,random,16,2.220446049250313e-15,0.0,2.872032791654078
5,4,random,17,1.7763568394002505e-15,3.552713678800501e-15,0.8200290755921316
5,4,random,18,8.881784197001252e-16,8.881784197001252e-16,3.1937031593081997
5,4,random,19,3.552713678800501e-15,3.552713678800501e-15,4.25633548877628
5,5,simplex,0,0.0,0.0,3.939013321239088
5,5,simplex,1,0.0,1.7763568394002505e-15,3.081645624507594
5,5,simplex,2,3.552713678800501e-15,1.7763568394002505e-15,4.162045249198343
5,5,simplex,3,3.552713678800501e-15,0.0,1.6241165130921331
5,5,simplex,4,1.7763568394002505e-15,1.7763568394002505e-15,5.255292516701793
5,5,simplex,5,1.7763568394002505e-15,1.1102230246251565e-15,2.6294793993251346
5,5,simplex,6,0.0,0.0,9.169845389854963
5,5,simplex,7,1.7763568394002505e-15,0.0,0.49959662691051676
5,5,simplex,8,5.773159728050814e-15,6.661338147750939e-16,3.7569285137364687
5,5,simplex,9,0.0,2.6645352591003757e-15,0.3240954805761618
5,5,simplex,10,1.7763568394002505e-15,2.6645352591003757e-15,0.8034031681136753
5,5,simplex,11,1.7763568394002505e-15,1.7763568394002505e-15,0.33490625902850013
5,5,simplex,12,4.440892098500626e-15,1.7763568394002505e-15,3.0776334159741197
5,5,simplex,13,0.0,1.7763568394002505e-15,4.129822412025263
5,5,simplex,14,2.220446049250313e-15,3.1086244689504383e-15,0.315715085473407
5,5,simplex,15,8.881784197001252e-16,1.7763568394002505e-15,0.5144126399308817
5,5,simplex,16,8.881784197001252e-16,0.0,0.5228386215666063
5,5,simplex,17,3.9968028886505635e-15,8.881784197001252e-16,7.589837002709366
5,5,simplex,18,8.881784197001252e-16,2.6645352591003757e-15,2.334856506835578
5,5,simplex,19,0.0,1.7763568394002505e-15,0.05094019980399267
5,5,random,0,4.440892098500626e-15,1.7763568394002505e-15,0.9516436233093586
5,5,random,1,1.7763568394002505e-15,1.7763568394002505e-15,2.4266583702885924
5,5,random,2,0.0,1.7763568394002505e-15,5.805869716166271
5,5,random,3,0.0,2.6645352591003757e-15,1.544000900058215
5,5,random,4,0.0,1.7763568394002505e-15,0.8867357784718735
5,5,random,5,1.7763568394002505e-15,0.0,0.8537887872547429
5,5,random,6,0.0,3.552713678800501e-15,3.771329591545907
5,5,random,7,0.0,0.0,1.0262818305534545
5,5,random,8,5.329070518200751e-15,3.552713678800501e-15,5.793454972168043
5,5,random,9,0.0,4.440892098500626e-16,0.27172991675978153
5,5,random,10,3.552713678800501e-15,3.552713678800501e-15,3.164202185414595
5,5,random,11,4.440892098500626e-15,4.440892098500626e-15,0.512195469987951
5,5,random,12,5.329070518200751e-15,5.329070518200751e-15,4.184309665875695
5,5,random,13,6.217248937900877e-15,6.217248937900877e-15,0.10971634685206055
5,5,random,14,2.6645352591003757e-15,4.440892098500626e-15,1.7450056983048619
5,5,random,15,1.7763568394002505e-15,1.7763568394002505e-15,3.8865426479471594
5,5,random,16,1.7763568394002505e-15,1.7763568394002505e-15,0.9543287857697962
5,5,random,17,0.0,1.7763568394002505e-15,4.545280485905074
5,5,random,18,0.0,0.0,5.596462137014555
5,5,random,19,1.7763568394002505e-15,0.0,0.500168680943375
5,8,simplex,0,2.6645352591003757e-15,1.3322676295501878e-15,0.9633958557582432
5,8,simplex,1,7.993605777301127e-15,4.440892098500626e-16,4.986223287928979
5,8,simplex,2,1.7763568394002505e-15,1.7763568394002505e-15,5.160907012183216
5,8,simplex,3,4.884981308350689e-15,3.552713678800501e-15,4.008741102406461
5,8,simplex,4,2.1094237467877974e-15,3.9968028886505635e-15,0.8967755312398111
5,8,simplex,5,8.881784197001252e-16,2.6645352591003757e-15,1.7867563047366417
5,8,simplex,6,1.7763568394002505e-15,1.7763568394002505e-15,1.4107193671351084
5,8,simplex,7,1.7763568394002505e-15,0.0,5.756008473556783
5,8,simplex,8,3.552713678800501e-15,2.220446049250313e-15,1.4926335155516597
5,8,simplex,9,8.881784197001252e-15,5.329070518200751e-15,4.97346786586958
5,8,simplex,10,0.0,1.7763568394002505e-15,2.58750574739922
5,8,simplex,11,8.881784197001252e-16,8.881784197001252e-16,3.0120292218201428
5,8,simplex,12,3.552713678800501e-15,8.881784197001252e-16,0.20424226349247476
5,8,simplex,13,1.7763568394002505e-15,5.329070518200751e-15,2.615470517576256
5,8,simplex,14,0.0,8.881784197001252e-16,1.4875581211650513
5,8,simplex,15,1.7763568394002505e-15,5.329070518200751e-15,1.729454000604406
5,8,simplex,16,3.552713678800501e-15,7.105427357601002e-15,0.15981318145112766
5,8,simplex,17,3.552713678800501e-15,3.552713678800501e-15,2.732701537950547
5,8,simplex,18,3.552713678800501e-15,0.0,7.4280285222238405
5,8,simplex,19,1.7763568394002505e-15,0.0,4.131809227016994
5,8,random,0,3.552713678800501e-15,7.105427357601002e-15,3.269044549317755
5,8,random,1,3.552713678800501e-15,3.552713678800501e-15,8.916200399657974
5,8,random,2,5.329070518200751e-15,1.7763568394002505e-15,0.48477136225627504
5,8,random,3,5.329070518200751e-15,3.552713678800501e-15,2.030526528349043
5,8,random,4,7.993605777301127e-15,3.9968028886505635e-15,2.8201542764945557
5,8,random,5,5.329070518200751e-15,5.329070518200751e-15,3.4133025351384845
5,8,random,6,0.0,0.0,0.5867092798454294
5,8,random,7,3.552713678800501e-15,1.7763568394002505e-15,1.1345905366428894
5,8,random,8,0.0,3.552713678800501e-15,0.46322195886173745
5,8,random,9,1.3322676295501878e-15,9.769962616701378e-15,5.4989092679809914
5,8,random,10,0.0,3.552713678800501e-15,1.3814788344672522
5,8,random,11,1.7763568394002505e-15,0.0,2.371648429690225
5,8,random,12,0.0,0.0,0.5901838735573648
5,8,random,13,1.7763568394002505e-15,1.7763568394002505e-15,0.8630656420891611
5,8,random,14,0.0,0.0,0.26706015954333395
5,8,random,15,3.552713678800501e-15,3.552713678800501e-15,8.102143500266664
5,8,random,16,8.881784197001252e-15,8.881784197001252e-15,0.8572065144603229
5,8,random,17,1.7763568394002505e-15,1.7763568394002505e-15,5.120906431722389
5,8,random,18,1.7763568394002505e-15,8.881784197001252e-16,0.8602507361891298
5,8,random,19,3.552713678800501e-15,3.552713678800501e-15,10.543151052723118
6,1,simplex,0,8.881784197001252e-16,0.0,1.143483591034716
6,1,simplex,1,4.440892098500626e-16,1.1102230246251565e-16,0.3666785532936787
6,1,simplex,2,2.220446049250313e-16,1.1102230246251565e-15,2.1771025429695676
6,1,simplex,3,8.881784197001252e-16,5.551115123125783e-16,2.7556466187916953
6,1,simplex,4,0.0,0.0,0.5355316827816914
6,1,simplex,5,4.440892098500626e-16,8.881784197001252e-16,2.208896284865334
6,1,simplex,6,6.661338147750939e-16,0.0,2.3788251401490337
6,1,simplex,7,6.661338147750939e-16,4.440892098500626e-16,1.8848178870442789
6,1,simplex,8,0.0,1.7763568394002505e-15,0.14948964822539068
6,1,simplex,9,8.881784197001252e-16,8.881784197001252e-16,0.4993886584148024
6,1,simplex,10,4.440892098500626e-16,0.0,1.008002228739473
6,1,simplex,11,1.7763568394002505e-15,0.0,0.035953756538450676
6,1,simplex,12,5.551115123125783e-17,1.6653345369377348e-16,0.795405151499821
6,1,simplex,13,1.7763568394002505e-15,8.881784197001252e-16,0.2552710671509324
6,1,simplex,14,0.0,0.0,0.39762724962221974
6,1,simplex,15,1.1102230246251565e-15,6.661338147750939e-16,0.09964171151952872
6,1,simplex,16,8.881784197001252e-16,1.3322676295501878e-15,0.20717629446254993
6,1,simplex,17,6.661338147750939e-16,1.1102230246251565e-16,0.022361687593413393
6,1,simplex,18,0.0,8.881784197001252e-16,0.8811422435240064
6,1,simplex,19,5.551115123125783e-16,5.551115123125783e-16,0.4237830303556849
6,1,random,0,1.1102230246251565e-15,0.0,1.4343258299800894
6,1,random,1,0.0,1.7763568394002505e-15,0.27942986926139035
6,1,random,2,2.220446049250313e-16,2.220446049250313e-16,0.30094112059174094
6,1,random,3,8.881784197001252e-16,8.881784197001252e-16,0.08025762611586984
6,1,random,4,6.661338147750939e-16,1.942890293094024e-16,2.3899802060112343
6,1,random,5,4.440892098500626e-16,4.440892098500626e-16,0.4032434481718674
6,1,random,6,8.881784197001252e-16,0.0,1.6141834476587427
6,1,random,7,1.7763568394002505e-15,1.7763568394002505e-15,0.8164459593292754
6,1,random,8,0.0,0.0,0.04233159046298951
6,1,random,9,0.0,8.881784197001252e-16,0.5846604888516449
6,1,random,10,1.7763568394002505e-15,8.881784197001252e-16,1.122483429673828
6,1,random,11,0.0,1.7763568394002505e-15,0.3245360567241917
6,1,random,12,0.0,0.0,0.049107860511323764
6,1,random,13,6.661338147750939e-16,4.440892098500626e-16,0.5872538393318081
6,1,random,14,3.1086244689504383e-15,1.3322676295501878e-15,1.4782467219275386
6,1,random,15,8.881784197001252e-16,8.881784197001252e-16,0.7092870678534204
6,1,random,16,8.881784197001252e-16,8.881784197001252e-16,0.8668822042122608
6,1,random,17,1.1102230246251565e-16,5.551115123125783e-16,0.5128198278744351
6,1,random,18,0.0,4.440892098500626e-16,0.8534595737160799
6,1,random,19,8.881784197001252e-16,0.0,6.268644893197463
6,2,simplex,0,1.7763568394002505e-15,8.881784197001252e-16,2.3875193504814938
6,2,simplex,1,0.0,1.7763568394002505e-15,2.1572084096904582
6,2,simplex,2,0.0,8.881784197001252e-16,0.48433444915321644
6,2,simplex,3,0.0,8.881784197001252e-16,0.42220877852463445
6,2,simplex,4,0.0,0.0,1.3887776948200141
6,2,simplex,5,6.661338147750939e-16,6.661338147750939e-16,0.6290253423585312
6,2,simplex,6,1.7763568394002505e-15,0.0,0.5722221732617889
6,2,simplex,7,4.440892098500626e-16,6.661338147750939e-16,2.7781109029292033
6,2,simplex,8,8.881784197001252e-16,1.3322676295501878e-15,0.9560131425994598
6,2,simplex,9,3.552713678800501e-15,3.552713678800501e-15,0.9277189922487921
6,2,simplex,10,8.881784197001252e-16,1.3322676295501878e-15,0.5430436714751146
6,2,simplex,11,1.7763568394002505e-15,1.7763568394002505e-15,1.0515459862641023
6,2,simplex,12,4.440892098500626e-16,1.7763568394002505e-15,2.470197505241238
6,2,simplex,13,0.0,0.0,0.366585104643363
6,2,simplex,14,4.440892098500626e-16,1.1102230246251565e-15,0.6465526232420604
6,2,simplex,15,8.881784197001252e-16,0.0,1.3569057227341723
6,2,simplex,16,1.7763568394002505e-15,3.552713678800501e-15,4.3479720620289015
6,2,simplex,17,2.6645352591003757e-15,2.6645352591003757e-15,1.6335646186991042
6,2,simplex,18,1.3322676295501878e-15,2.220446049250313e-15,2.048504543267459
6,2,simplex,19,1.7763568394002505e-15,3.552713678800501e-15,0.3220323791647992
6,2,random,0,0.0,2.220446049250313e-16,0.35591248167875733
6,2,random,1,4.440892098500626e-16,1.1102230246251565e-16,0.47344036813510115
6,2,random,2,8.881784197001252e-16,3.3306690738754696e-16,0.30066804150373727
6,2,random,3,1.7763568394002505e-15,1.7763568394002505e-15,3.6893860559405596
6,2,random,4,1.7763568394002505e-15,8.881784197001252e-16,0.7821881370447876
6,2,random,5,2.220446049250313e-15,2.220446049250313e-15,1.554618865600922
6,2,random,6,3.552713678800501e-15,1.7763568394002505e-15,12.056388906782232
6,2,random,7,8.881784197001252e-16,8.881784197001252e-16,0.24488360941395726
6,2,random,8,0.0,0.0,1.9548976508145053
6,2,random,9,7.771561172376096e-16,1.1102230246251565e-15,1.8094283029020755
6,2,random,10,1.7763568394002505e-15,0.0,1.050826802768519
6,2,random,11,1.7763568394002505e-15,1.7763568394002505e-15,1.6255555017192744
6,2,random,12,4.440892098500626e-16,4.440892098500626e-16,1.1320103128106815
6,2,random,13,3.774758283725532e-15,1.9984014443252818e-15,2.1649522616119086
6,2,random,14,4.884981308350689e-15,3.1086244689504383e-15,2.05766285208966
6,2,random,15,2.220446049250313e-15,8.881784197001252e-16,0.26577329430960717
6,2,random,16,4.440892098500626e-16,8.881784197001252e-16,2.023669404458829
6,2,random,17,1.3322676295501878e-15,8.881784197001252e-16,0.6352870861745981
6,2,random,18,1.3322676295501878e-15,0.0,1.735203354100527
6,2,random,19,0.0,0.0,1.2405800105215388
6,3,simplex,0,0.0,8.881784197001252e-16,3.4773273131698055
6,3,simplex,1,1.7763568394002505e-15,8.881784197001252e-16,1.0423812981884844
6,3,simplex,2,1.7763568394002505e-15,4.440892098500626e-15,2.2000548223895606
6,3,simplex,3,1.7763568394002505e-15,8.881784197001252e-16,2.291765401061305
6,3,simplex,4,1.7763568394002505e-15,1.7763568394002505e-15,1.6125575010381255
6,3,simplex,5,0.0,8.881784197001252e-16,2.1187901899735984
6,3,simplex,6,3.552713678800501e-15,3.552713678800501e-15,2.1915339314944475
6,3,simplex,7,4.440892098500626e-16,4.440892098500626e-16,1.8044014611171164
6,3,simplex,8,1.7763568394002505e-15,3.552713678800501e-15,2.922198041799362
6,3,simplex,9,1.3322676295501878e-15,1.3322676295501878e-15,0.799827426624411
6,3,simplex,10,0.0,3.552713678800501e-15,1.8078006990204116
6,3,simplex,11,1.1102230246251565e-15,1.1102230246251565e-16,6.243124063816303
6,3,simplex,12,1.7763568394002505e-15,3.552713678800501e-15,1.503318381916813
6,3,simplex,13,0.0,1.3322676295501878e-15,0.2989462854154432
6,3,simplex,14,4.440892098500626e-16,3.9968028886505635e-15,0.27367138490611964
6,3,simplex,15,4.440892098500626e-16,0.0,4.480609194081538
6,3,simplex,16,0.0,8.881784197001252e-16,3.0020696051187343
6,3,simplex,17,3.552713678800501e-15,1.7763568394002505e-15,0.02056636225312758
6,3,simplex,18,2.6645352591003757e-15,2.6645352591003757e-15,3.973230925739905
6,3,simplex,19,6.661338147750939e-16,4.440892098500626e-16,2.925320095953321
6,3,random,0,1.3322676295501878e-15,8.881784197001252e-16,2.262354061904876
6,3,random,1,3.552713678800501e-15,3.552713678800501e-15,0.8717288333301454
6,3,random,2,1.7763568394002505e-15,0.0,6.577863737618237
6,3,random,3,8.881784197001252e-16,8.881784197001252e-16,7.1600717521034625
6,3,random,4,8.881784197001252e-16,8.881784197001252e-16,8.025327628713939
6,3,random,5,0.0,1.3322676295501878e-15,0.34218935254801863
6,3,random,6,0.0,1.7763568394002505e-15,1.390183694771011
6,3,random,7,0.0,0.0,6.474494693843248
6,3,random,8,1.7763568394002505e-15,3.552713678800501e-15,1.1127040607621659
6,3,random,9,8.881784197001252e-16,8.881784197001252e-16,2.7177868768068905
6,3,random,10,0.0,0.0,0.6139603520609782
6,3,random,11,3.552713678800501e-15,0.0,2.566905622662049
6,3,random,12,2.6645352591003757e-15,2.6645352591003757e-15,3.6914482285976824
6,3,random,13,0.0,8.881784197001252e-16,2.4440226741615874
6,3,random,14,1.7763568394002505e-15,3.552713678800501e-15,4.543885735090065
6,3,random,15,1.7763568394002505e-15,1.7763568394002505e-15,6.301052217891993
6,3,random,16,2.220446049250313e-15,2.6645352591003757e-15,4.710681439401984
6,3,random,17,8.881784197001252e-16,3.552713678800501e-15,0.07535125159213862
6,3,random,18,3.552713678800501e-15,3.552713678800501e-15,1.4744956981701662
6,3,random,19,0.0,1.7763568394002505e-15,2.6807062475650127
6,4,simplex,0,8.881784197001252e-16,1.7763568394002505e-15,6.1522226359145336
6,4,simplex,1,1.7763568394002505e-15,2.6645352591003757e-15,6.646545841375591
6,4,simplex,2,1.7763568394002505e-15,0.0,0.1344119187796693
6,4,simplex,3,2.6645352591003757e-15,8.881784197001252e-16,1.4634835418564833
6,4,simplex,4,3.552713678800501e-15,0.0,5.898281318067326
6,4,simplex,5,7.105427357601002e-15,0.0,4.563283171107948
6,4,simplex,6,0.0,0.0,3.1864105170783503
6,4,simplex,7,1.7763568394002505e-15,0.0,0.6172748589657004
6,4,simplex,8,0.0,1.7763568394002505e-15,4.582060821320425
6,4,simplex,9,1.7763568394002505e-15,8.881784197001252e-16,4.808537372007962
6,4,simplex,10,0.0,0.0,4.065978180424178
6,4,simplex,11,4.440892098500626e-16,1.9984014443252818e-15,0.19520511361464088
6,4,simplex,12,1.7763568394002505e-15,0.0,2.228291209293772
6,4,simplex,13,3.552713678800501e-15,0.0,0.04057072278068219
6,4,simplex,14,2.6645352591003757e-15,2.6645352591003757e-15,4.457878276113501
6,4,simplex,15,1.7763568394002505e-15,8.881784197001252e-16,0.3665797101398631
6,4,simplex,16,0.0,1.7763568394002505e-15,1.1373418532873032
6,4,simplex,17,8.881784197001252e-16,0.0,0.927239770091532
6,4,simplex,18,3.552713678800501e-15,1.7763568394002505e-15,5.6169070519741435
6,4,simplex,19,0.0,0.0,2.2373476228643128
6,4,random,0,4.440892098500626e-16,1.7763568394002505e-15,0.9036655437828287
6,4,random,1,8.881784197001252e-16,8.881784197001252e-16,3.143786779559065
6,4,random,2,0.0,8.881784197001252e-16,3.3968820645112814
6,4,random,3,0.0,1.7763568394002505e-15,3.3313936086753486
6,4,random,4,3.552713678800501e-15,5.329070518200751e-15,1.1884982733932574
6,4,random,5,1.7763568394002505e-15,8.881784197001252e-16,4.928407906945992
6,4,random,6,8.881784197001252e-16,2.6645352591003757e-15,2.200777626841166
6,4,random,7,2.220446049250313e-15,1.3322676295501878e-15,6.3279981124447
6,4,random,8,4.440892098500626e-16,8.881784197001252e-16,0.018493923983676552
6,4,random,9,3.552713678800501e-15,3.552713678800501e-15,1.588963444697491
6,4,random,10,1.7763568394002505e-15,0.0,2.3376309655865626
6,4,random,11,8.881784197001252e-16,4.440892098500626e-15,0.2260086134328816
6,4,random,12,3.552713678800501e-15,0.0,0.8116786670147178
6,4,random,13,0.0,3.552713678800501e-15,1.579322123486861
6,4,random,14,3.552713678800501e-15,8.881784197001252e-16,3.46396693468008
6,4,random,15,1.7763568394002505e-15,1.7763568394002505e-15,2.284695328382824
6,4,random,16,3.552713678800501e-15,1.3322676295501878e-15,5.259069552637783
6,4,random,17,0.0,8.881784197001252e-16,3.5830571745210236
6,4,random,18,3.552713678800501e-15,3.552713678800501e-15,4.552116816911699
6,4,random,19,0.0,0.0,1.4104030578812612
6,5,simplex,0,8.881784197001252e-16,1.3322676295501878e-15,2.8119033087973904
6,5,simplex,1,2.6645352591003757e-15,2.6645352591003757e-15,2.612056497269002
6,5,simplex,2,3.552713678800501e-15,3.552713678800501e-15,1.1175200853152631
6,5,simplex,3,1.7763568394002505e-15,1.7763568394002505e-15,0.09436182390868453
6,5,simplex,4,5.329070518200751e-15,2.6645352591003757e-15,2.820953748582106
6,5,simplex,5,1.7763568394002505e-15,5.329070518200751e-15,0.4607488309377885
6,5,simplex,6,3.552713678800501e-15,0.0,3.3737925143745358
6,5,simplex,7,1.7763568394002505e-15,1.7763568394002505e-15,4.810599365437682
6,5,simplex,8,5.329070518200751e-15,3.552713678800501e-15,3.350485382368255
6,5,simplex,9,0.0,7.105427357601002e-15,3.079891279803107
6,5,simplex,10,1.7763568394002505e-15,4.440892098500626e-15,0.8208643291181836
6,5,simplex,11,1.7763568394002505e-15,1.7763568394002505e-15,1.7058187614343225
6,5,simplex,12,4.440892098500626e-16,4.440892098500626e-16,0.5984269164201805
6,5,simplex,13,4.440892098500626e-16,1.7763568394002505e-15,1.389295958048237
6,5,simplex,14,0.0,3.552713678800501e-15,0.2711034817934319
6,5,simplex,15,1.7763568394002505e-15,1.7763568394002505e-15,3.0476760363882036
6,5,simplex,16,1.7763568394002505e-15,1.7763568394002505e-15,0.25502294223799993
6,5,simplex,17,1.7763568394002505e-15,0.0,0.6914969063445184
6,5,simplex,18,5.329070518200751e-15,1.7763568394002505e-15,2.5694685337559235
6,5,simplex,19,3.552713678800501e-15,3.552713678800501e-15,1.3703801308291617
6,5,random,0,0.0,1.7763568394002505e-15,1.453264696870633
6,5,random,1,0.0,8.881784197001252e-16,3.8984180407863533
6,5,random,2,0.0,1.7763568394002505e-15,0.9749205804851329
6,5,random,3,1.7763568394002505e-15,6.217248937900877e-15,1.6981481260072933
6,5,random,4,3.552713678800501e-15,0.0,0.8294883945120333
6,5,random,5,8.881784197001252e-16,1.7763568394002505e-15,6.751356572624289
6,5,random,6,1.7763568394002505e-15,1.7763568394002505e-15,0.12806355076536136
6,5,random,7,8.881784197001252e-16,2.886579864025407e-15,0.5407508550906996
6,5,random,8,1.7763568394002505e-15,1.7763568394002505e-15,0.25551190799056656
6,5,random,9,1.7763568394002505e-15,0.0,3.5072742086809825
6,5,random,10,1.7763568394002505e-15,1.7763568394002505e-15,0.777383461149654
6,5,random,11,0.0,0.0,3.0989459288887105
6,5,random,12,0.0,3.552713678800501e-15,0.275798729477863
6,5,random,13,0.0,1.7763568394002505e-15,2.981621320149813
6,5,random,14,8.881784197001252e-16,1.7763568394002505e-15,3.0806887528200875
6,5,random,15,2.6645352591003757e-15,0.0,0.4667249890689078
6,5,random,16,3.552713678800501e-15,0.0,1.1589159240923195
6,5,random,17,3.552713678800501e-15,3.552713678800501e-15,0.04637722731040128
6,5,random,18,2.6645352591003757e-15,0.0,4.004352491057844
6,5,random,19,8.881784197001252e-16,1.7763568394002505e-15,5.087728719873077
6,8,simplex,0,3.552713678800501e-15,3.552713678800501e-15,2.992519207979967
6,8,simplex,1,3.3306690738754696e-15,2.220446049250313e-16,3.3661674878381262
6,8,simplex,2,6.661338147750939e-15,1.7763568394002505e-15,1.3723730262566534
6,8,simplex,3,8.881784197001252e-16,8.881784197001252e-16,0.5936561345170475
6,8,simplex,4,8.881784197001252e-16,8.881784197001252e-16,1.4404028515287166
6,8,simplex,5,8.881784197001252e-16,3.552713678800501e-15,1.3712381470325852
6,8,simplex,6,1.7763568394002505e-15,5.329070518200751e-15,5.4485016198964615
6,8,simplex,7,7.105427357601002e-15,5.329070518200751e-15,3.412595873806282
6,8,simplex,8,8.881784197001252e-16,1.3322676295501878e-15,2.380636973081593
6,8,simplex,9,4.440892098500626e-15,0.0,0.850186255641006
6,8,simplex,10,0.0,1.7763568394002505e-15,3.3035781954625634
6,8,simplex,11,3.552713678800501e-15,0.0,0.19161007959332466
6,8,simplex,12,7.105427357601002e-15,3.552713678800501e-15,3.2622210990477782
6,8,simplex,13,2.6645352591003757e-15,4.440892098500626e-15,6.6906903531308615
6,8,simplex,14,1.7763568394002505e-15,1.7763568394002505e-15,0.2514054341847327
6,8,simplex,15,0.0,0.0,1.4909306771642505
6,8,simplex,16,0.0,0.0,2.0413735651239335
6,8,simplex,17,3.552713678800501e-15,3.552713678800501e-15,2.0688701350478453
6,8,simplex,18,1.7763568394002505e-15,8.881784197001252e-15,1.7269908693396587
6,8,simplex,19,3.1086244689504383e-15,3.552713678800501e-15,6.568370346623965
6,8,random,0,7.105427357601002e-15,0.0,0.27835773973542643
6,8,random,1,3.552713678800501e-15,0.0,1.2203710512622905
6,8,random,2,7.105427357601002e-15,3.552713678800501e-15,2.104884582708536
6,8,random,3,3.552713678800501e-15,3.552713678800501e-15,1.8318523279750423
6,8,random,4,1.7763568394002505e-15,2.6645352591003757e-15,1.211210538744318
6,8,random,5,5.329070518200751e-15,3.552713678800501e-15,4.372495064677281
6,8,random,6,7.105427357601002e-15,0.0,0.9210076447419411
6,8,random,7,6.217248937900877e-15,8.881784197001252e-15,4.153038160980486
6,8,random,8,7.105427357601002e-15,1.7763568394002505e-15,1.036058742568457
6,8,random,9,2.220446049250313e-15,2.6645352591003757e-15,9.852156834116713
6,8,random,10,3.552713678800501e-15,0.0,9.596729171128814
6,8,random,11,0.0,1.7763568394002505e-15,12.749827131553168
6,8,random,12,0.0,3.552713678800501e-15,0.21521967661189478
6,8,random,13,7.105427357601002e-15,3.552713678800501e-15,5.317601726179873
6,8,random,14,8.881784197001252e-16,0.0,3.6852307601348
6,8,random,15,0.0,1.7763568394002505e-15,0.05650783210808186
6,8,random,16,1.7763568394002505e-15,3.552713678800501e-15,6.77421496592887
6,8,random,17,7.105427357601002e-15,3.552713678800501e-15,8.035479603524863
6,8,random,18,0.0,0.0,0.5570308823021719
6,8,random,19,1.7763568394002505e-15,3.1086244689504383e-15,1.0727166141408304
7,1,simplex,0,1.1102230246251565e-16,0.0,2.7909898472292554
7,1,simplex,1,1.1102230246251565e-15,3.3306690738754696e-16,0.7714216030576493
7,1,simplex,2,4.440892098500626e-16,6.661338147750939e-16,1.4848256953893415
7,1,simplex,3,0.0,0.0,0.503672197093838
7,1,simplex,4,4.440892098500626e-16,8.881784197001252e-16,0.9814945920239291
7,1,simplex,5,8.881784197001252e-16,6.661338147750939e-16,0.010956202834790929
7,1,simplex,6,0.0,0.0,1.421745859022446
7,1,simplex,7,4.440892098500626e-16,8.881784197001252e-16,0.23693714559344414
7,1,simplex,8,6.661338147750939e-16,4.440892098500626e-16,0.058208260516190435
7,1,simplex,9,6.661338147750939e-16,2.220446049250313e-16,0.9641711289727839
7,1,simplex,10,0.0,0.0,0.31576591710471824
7,1,simplex,11,0.0,8.881784197001252e-16,0.06942767384026816
7,1,simplex,12,8.881784197001252e-16,0.0,0.05991426849953285
7,1,simplex,13,0.0,1.1102230246251565e-15,2.9228384321856957
7,1,simplex,14,6.661338147750939e-16,6.661338147750939e-16,0.15940003979451411
7,1,simplex,15,8.881784197001252e-16,0.0,1.5746932581277147
7,1,simplex,16,3.3306690738754696e-16,1.1102230246251565e-16,2.26967107690664
7,1,simplex,17,0.0,1.3322676295501878e-15,0.34569258740358855
7,1,simplex,18,8.881784197001252e-16,8.881784197001252e-16,0.8442486698776056
7,1,simplex,19,8.881784197001252e-16,0.0,0.6021025706224097
7,1,random,0,0.0,0.0,3.050468784093603
7,1,random,1,0.0,1.3322676295501878e-15,0.035866545631701996
7,1,random,2,8.881784197001252e-16,8.881784197001252e-16,0.05300032824219514
7,1,random,3,3.885780586188048e-16,6.661338147750939e-16,0.5590399552573846
7,1,random,4,8.881784197001252e-16,8.881784197001252e-16,0.6096751448523694
7,1,random,5,0.0,0.0,0.019669439430176183
7,1,random,6,8.881784197001252e-16,8.881784197001252e-16,1.2330175881891883
7,1,random,7,0.0,8.881784197001252e-16,0.502400682184734
7,1,random,8,0.0,0.0,1.7480699486272044
7,1,random,9,6.661338147750939e-16,2.220446049250313e-16,0.08743949936028983
7,1,random,10,2.220446049250313e-16,2.220446049250313e-16,0.39325857771871453
7,1,random,11,4.440892098500626e-16,4.440892098500626e-16,0.39508171315670637
7,1,random,12,2.220446049250313e-16,2.220446049250313e-16,0.20129393449383404
7,1,random,13,4.440892098500626e-16,2.220446049250313e-16,2.4493748906240795
7,1,random,14,6.661338147750939e-16,4.718447854656915e-16,0.5031295916780216
7,1,random,15,8.881784197001252e-16,8.881784197001252e-16,0.3070259140847753
7,1,random,16,1.7763568394002505e-15,1.3322676295501878e-15,0.455494517275536
7,1,random,17,8.881784197001252e-16,8.881784197001252e-16,4.273549692842426
7,1,random,18,1.3322676295501878e-15,4.440892098500626e-16,0.8211049635560457
7,1,random,19,4.440892098500626e-16,4.440892098500626e-16,4.5462198107285765
7,2,simplex,0,1.7763568394002505e-15,0.0,2.673440291171751
7,2,simplex,1,8.881784197001252e-16,1.7763568394002505e-15,1.3269727162543248
7,2,simplex,2,8.881784197001252e-16,4.440892098500626e-16,0.5784116081516641
7,2,simplex,3,3.552713678800501e-15,3.552713678800501e-15,5.619038567739896
7,2,simplex,4,1.7763568394002505e-15,0.0,2.598351879512048
7,2,simplex,5,8.881784197001252e-16,8.881784197001252e-16,1.2104610680647507
7,2,simplex,6,4.440892098500626e-16,0.0,1.5987799357651618
7,2,simplex,7,0.0,0.0,0.5754966383821838
7,2,simplex,8,8.881784197001252e-16,0.0,1.0908079058031674
7,2,simplex,9,1.7763568394002505e-15,1.7763568394002505e-15,0.26951975036966225
7,2,simplex,10,2.6645352591003757e-15,0.0,5.95912365210371
7,2,simplex,11,8.881784197001252e-16,0.0,0.0679792776357786
7,2,simplex,12,8.881784197001252e-16,8.881784197001252e-16,2.608947355208411
7,2,simplex,13,1.3322676295501878e-15,1.3322676295501878e-15,2.1718850685809024
7,2,simplex,14,6.661338147750939e-16,3.9968028886505635e-15,3.2654984106277887
7,2,simplex,15,6.661338147750939e-16,0.0,0.8353626339694706
7,2,simplex,16,8.881784197001252e-16,1.7763568394002505e-15,1.329254126504086
7,2,simplex,17,2.220446049250313e-16,0.0,5.697356899973158
7,2,simplex,18,8.881784197001252e-16,0.0,3.6434728596476145
7,2,simplex,19,3.1086244689504383e-15,1.3322676295501878e-15,3.20978627499985
7,2,random,0,2.6645352591003757e-15,2.6645352591003757e-15,0.3865730322465506
7,2,random,1,0.0,3.3306690738754696e-15,1.1881601008784486
7,2,random,2,7.105427357601002e-15,3.552713678800501e-15,1.3414490379567106
7,2,random,3,1.3322676295501878e-15,1.3322676295501878e-15,5.133878168275135
7,2,random,4,5.551115123125783e-16,1.5543122344752192e-15,0.3089620477503239
7,2,random,5,1.1102230246251565e-16,2.220446049250313e-16,2.2012584940979316
7,2,random,6,1.7763568394002505e-15,2.6645352591003757e-15,0.12874833574803546
7,2,random,7,0.0,1.7763568394002505e-15,3.189165578068753
7,2,random,8,0.0,4.440892098500626e-16,0.3840391958344114
7,2,random,9,1.3322676295501878e-15,4.440892098500626e-16,1.002939610877604
7,2,random,10,0.0,1.7763568394002505e-15,0.5444374575899928
7,2,random,11,0.0,0.0,6.176374972689432
7,2,random,12,1.9984014443252818e-15,5.551115123125783e-16,0.4577313437349346
7,2,random,13,8.881784197001252e-16,1.7763568394002505e-15,1.6066633329046454
7,2,random,14,0.0,4.440892098500626e-16,1.5803201053559341
7,2,random,15,6.661338147750939e-16,4.440892098500626e-16,1.4688535793051187
7,2,random,16,3.552713678800501e-15,8.881784197001252e-16,0.3080259866003381
7,2,random,17,1.7763568394002505e-15,6.661338147750939e-16,1.5898539923306956
7,2,random,18,8.881784197001252e-16,0.0,3.4227350530678695
7,2,random,19,0.0,1.7763568394002505e-15,6.865695014599666
7,3,simplex,0,3.9968028886505635e-15,2.220446049250313e-15,1.910193951850367
7,3,simplex,1,4.440892098500626e-15,1.7763568394002505e-15,5.413465505926542
7,3,simplex,2,0.0,0.0,0.6414586234539357
7,3,simplex,3,8.881784197001252e-16,0.0,0.7804224539181988
7,3,simplex,4,0.0,0.0,0.2545332936979179
7,3,simplex,5,1.7763568394002505e-15,2.6645352591003757e-15,1.9004149293608634
7,3,simplex,6,0.0,1.7763568394002505e-15,4.329450436565569
7,3,simplex,7,1.5543122344752192e-15,1.1102230246251565e-15,1.0558793287719936
7,3,simplex,8,8.881784197001252e-16,0.0,0.2867901467975216
7,3,simplex,9,0.0,0.0,3.923502064762772
7,3,simplex,10,1.7763568394002505e-15,8.881784197001252e-16,1.4331232978895514
7,3,simplex,11,2.6645352591003757e-15,1.3322676295501878e-15,0.12431086600577856
7,3,simplex,12,2.220446049250313e-15,1.3322676295501878e-15,1.1179147422410907
7,3,simplex,13,1.3322676295501878e-15,4.440892098500626e-16,0.6537916523654506
7,3,simplex,14,0.0,0.0,1.1151532773559119
7,3,simplex,15,8.881784197001252e-16,4.440892098500626e-16,0.14494168853694944
7,3,simplex,16,3.552713678800501e-15,1.1102230246251565e-15,0.8016257968061247
7,3,simplex,17,2.6645352591003757e-15,2.6645352591003757e-15,3.6816416076806746
7,3,simplex,18,3.552713678800501e-15,2.886579864025407e-15,7.424829614016815
7,3,simplex,19,8.881784197001252e-16,4.440892098500626e-16,6.35047088219288
7,3,random,0,3.552713678800501e-15,4.440892098500626e-15,5.555063541879655
7,3,random,1,3.552713678800501e-15,3.552713678800501e-15,1.4432074595432596
7,3,random,2,1.7763568394002505e-15,1.7763568394002505e-15,0.9883923564906203
7,3,random,3,2.6645352591003757e-15,4.440892098500626e-16,0.6730452218419813
7,3,random,4,0.0,0.0,0.671328315936158
7,3,random,5,2.6645352591003757e-15,1.7763568394002505e-15,1.009243189373322
7,3,random,6,3.552713678800501e-15,0.0,10.113608190482577
7,3,random,7,0.0,8.881784197001252e-16,3.8600592447158206
7,3,random,8,2.6645352591003757e-15,2.6645352591003757e-15,1.5824274984752726
7,3,random,9,1.7763568394002505e-15,0.0,1.0709361967952447
7,3,random,10,8.881784197001252e-16,1.3322676295501878e-15,0.2793070286837107
7,3,random,11,3.552713678800501e-15,1.7763568394002505e-15,0.6545478877386337
7,3,random,12,1.7763568394002505e-15,8.881784197001252e-16,3.4129569862338585
7,3,random,13,0.0,3.552713678800501e-15,1.5622770430656168
7,3,random,14,0.0,0.0,1.4076200711616025
7,3,random,15,0.0,1.7763568394002505e-15,1.1293078132223044
7,3,random,16,7.105427357601002e-15,3.9968028886505635e-15,2.0480791344196696
7,3,random,17,4.440892098500626e-15,3.552713678800501e-15,0.1397672712200162
7,3,random,18,1.7763568394002505e-15,0.0,1.3752118156274733
7,3,random,19,2.6645352591003757e-15,4.440892098500626e-16,1.5623655207276954
7,4,simplex,0,0.0,3.552713678800501e-15,0.23532149222720733
7,4,simplex,1,0.0,8.881784197001252e-16,0.3600577955015609
7,4,simplex,2,1.7763568394002505e-15,2.6645352591003757e-15,2.819674898951611
7,4,simplex,3,2.220446049250313e-15,2.220446049250313e-15,0.7670113111738672
7,4,simplex,4,0.0,8.881784197001252e-16,5.675107369515821
7,4,simplex,5,7.105427357601002e-15,0.0,3.7228949449003252
7,4,simplex,6,0.0,0.0,2.407572384193628
7,4,simplex,7,1.7763568394002505e-15,8.881784197001252e-16,4.128524160213104
7,4,simplex,8,2.220446049250313e-15,2.220446049250313e-15,2.1018439959448862
7,4,simplex,9,1.7763568394002505e-15,8.881784197001252e-16,4.802585602414133
7,4,simplex,10,1.7763568394002505e-15,8.881784197001252e-16,5.715055479172733
7,4,simplex,11,0.0,0.0,1.2477053155435982
7,4,simplex,12,8.881784197001252e-16,8.881784197001252e-16,4.111317879975083
7,4,simplex,13,0.0,1.7763568394002505e-15,0.3435317350743503
7,4,simplex,14,0.0,0.0,0.9196258779735587
7,4,simplex,15,8.881784197001252e-16,1.7763568394002505e-15,0.4780586182935025
7,4,simplex,16,8.881784197001252e-16,4.440892098500626e-15,7.901485252758132
7,4,simplex,17,3.552713678800501e-15,3.552713678800501e-15,4.5670193033902535
7,4,simplex,18,0.0,8.881784197001252e-16,1.7473013803884108
7,4,simplex,19,3.552713678800501e-15,1.7763568394002505e-15,2.725741510453595
7,4,random,0,1.7763568394002505e-15,3.552713678800501e-15,2.1588530939139297
7,4,random,1,8.881784197001252e-16,1.7763568394002505e-15,2.9339118887704387
7,4,random,2,1.7763568394002505e-15,8.881784197001252e-16,0.12018863010283809
7,4,random,3,1.7763568394002505e-15,0.0,0.28384979971200863
7,4,random,4,3.552713678800501e-15,0.0,1.1620153093626229
7,4,random,5,3.552713678800501e-15,3.552713678800501e-15,6.869318641659319
7,4,random,6,8.881784197001252e-16,1.7763568394002505e-15,0.5953324643776696
7,4,random,7,0.0,3.552713678800501e-15,0.03856356381360371
7,4,random,8,0.0,1.7763568394002505e-15,0.9015613037762762
7,4,random,9,1.7763568394002505e-15,0.0,3.9427693060658386
7,4,random,10,8.881784197001252e-16,8.881784197001252e-16,8.01962415266268
7,4,random,11,8.881784197001252e-16,2.6645352591003757e-15,5.840439058760829
7,4,random,12,1.7763568394002505e-15,0.0,1.2726998300514794
7,4,random,13,0.0,0.0,0.5131641698708407
7,4,random,14,0.0,4.440892098500626e-16,1.2755900191760503
7,4,random,15,0.0,8.881784197001252e-16,0.669702017100299
7,4,random,16,1.7763568394002505e-15,8.881784197001252e-16,1.9927329026103635
7,4,random,17,0.0,2.6645352591003757e-15,0.3633392477975974
7,4,random,18,0.0,0.0,0.3634633476231244
7,4,random,19,1.7763568394002505e-15,2.6645352591003757e-15,9.345060287757
7,5,simplex,0,2.6645352591003757e-15,4.440892098500626e-15,2.2388420037546055
7,5,simplex,1,1.7763568394002505e-15,1.7763568394002505e-15,3.1870478638158275
7,5,simplex,2,0.0,1.7763568394002505e-15,1.920291845444794
7,5,simplex,3,2.220446049250313e-15,8.881784197001252e-16,3.168493958338175
7,5,simplex,4,1.7763568394002505e-15,3.552713678800501e-15,0.5058961924339158
7,5,simplex,5,1.7763568394002505e-15,3.552713678800501e-15,5.523663250522713
7,5,simplex,6,3.552713678800501e-15,3.552713678800501e-15,0.35021812972765787
7,5,simplex,7,5.329070518200751e-15,3.552713678800501e-15,1.6458281056366886
7,5,simplex,8,0.0,1.7763568394002505e-15,0.2762977898674066
7,5,simplex,9,3.552713678800501e-15,1.7763568394002505e-15,3.8450559134128284
7,5,simplex,10,8.881784197001252e-16,1.7763568394002505e-15,1.1818545938915541
7,5,simplex,11,0.0,1.7763568394002505e-15,2.162612928113923
7,5,simplex,12,3.552713678800501e-15,3.552713678800501e-15,0.4508132375262619
7,5,simplex,13,5.329070518200751e-15,1.7763568394002505e-15,1.767622019882424
7,5,simplex,14,1.5543122344752192e-15,8.881784197001252e-16,0.30881859765095854
7,5,simplex,15,3.552713678800501e-15,1.7763568394002505e-15,1.1245377303611193
7,5,simplex,16,3.552713678800501e-15,1.7763568394002505e-15,2.2170460267175898
7,5,simplex,17,1.7763568394002505e-15,8.881784197001252e-16,4.196447446368289
7,5,simplex,18,4.440892098500626e-16,2.220446049250313e-16,0.24358147914185224
7,5,simplex,19,3.552713678800501e-15,3.552713678800501e-15,2.920326373974298
7,5,random,0,1.7763568394002505e-15,0.0,8.503144940050063
7,5,random,1,1.7763568394002505e-15,8.881784197001252e-16,2.020532828478366
7,5,random,2,2.220446049250313e-15,2.6645352591003757e-15,2.050156769315656
7,5,random,3,0.0,1.7763568394002505e-15,1.3734524400165498
7,5,random,4,2.220446049250313e-15,5.773159728050814e-15,1.343730877080871
7,5,random,5,1.5543122344752192e-15,1.1102230246251565e-15,3.0845225134417333
7,5,random,6,0.0,1.7763568394002505e-15,0.3056562464681889
7,5,random,7,3.552713678800501e-15,3.552713678800501e-15,3.9299755796708276
7,5,random,8,0.0,1.7763568394002505e-15,4.608170032753598
7,5,random,9,0.0,3.552713678800501e-15,0.5333618866298195
7,5,random,10,1.7763568394002505e-15,6.661338147750939e-16,2.468702237662093
7,5,random,11,3.552713678800501e-15,1.7763568394002505e-15,3.0721025932682338
7,5,random,12,3.552713678800501e-15,3.552713678800501e-15,0.47251598192229594
7,5,random,13,8.881784197001252e-16,8.881784197001252e-16,3.219232781108648
7,5,random,14,0.0,3.552713678800501e-15,3.72727518446003
7,5,random,15,4.440892098500626e-16,1.3322676295501878e-15,0.0144115423957345
7,5,random,16,8.881784197001252e-16,8.881784197001252e-16,0.541790987490856
7,5,random,17,0.0,2.6645352591003757e-15,3.260884499178907
7,5,random,18,2.6645352591003757e-15,2.6645352591003757e-15,0.05256164793635776
7,5,random,19,2.6645352591003757e-15,1.7763568394002505e-15,1.7633811546362637
7,8,simplex,0,0.0,1.7763568394002505e-15,1.0422540696965825
7,8,simplex,1,7.105427357601002e-15,0.0,4.759063564268047
7,8,simplex,2,1.7763568394002505e-15,2.220446049250313e-15,1.1493827503380487
7,8,simplex,3,3.552713678800501e-15,0.0,7.186468304361647
7,8,simplex,4,8.881784197001252e-16,3.552713678800501e-15,11.0593189317471
7,8,simplex,5,4.440892098500626e-16,1.7763568394002505e-15,2.514629000236681
7,8,simplex,6,3.552713678800501e-15,0.0,2.035103257368519
7,8,simplex,7,8.881784197001252e-16,1.7763568394002505e-15,6.100329860740203
7,8,simplex,8,2.6645352591003757e-15,1.7763568394002505e-15,8.116377600091724
7,8,simplex,9,7.993605777301127e-15,4.440892098500626e-15,2.087061139755818
7,8,simplex,10,3.552713678800501e-15,1.7763568394002505e-15,1.251858452777256
7,8,simplex,11,1.7763568394002505e-15,5.329070518200751e-15,1.5300435212609074
7,8,simplex,12,1.7763568394002505e-15,8.881784197001252e-16,1.4584147145366266
7,8,simplex,13,1.7763568394002505e-15,3.552713678800501e-15,0.6601039936733102
7,8,simplex,14,7.105427357601002e-15,0.0,2.4364409405099394
7,8,simplex,15,3.552713678800501e-15,8.881784197001252e-15,1.3302186521243868
7,8,simplex,16,0.0,1.7763568394002505e-15,4.183923024438343
7,8,simplex,17,1.7763568394002505e-15,3.552713678800501e-15,1.8768393083939898
7,8,simplex,18,0.0,3.552713678800501e-15,5.128486158611707
7,8,simplex,19,1.7763568394002505e-15,0.0,1.3320224790454134
7,8,random,0,3.552713678800501e-15,0.0,2.2822541631479396
7,8,random,1,1.7763568394002505e-15,1.7763568394002505e-15,1.9527260435824374
7,8,random,2,3.552713678800501e-15,0.0,2.9582297499936914
7,8,random,3,1.7763568394002505e-15,0.0,1.0284837309797794
7,8,random,4,7.105427357601002e-15,3.552713678800501e-15,1.368522666282331
7,8,random,5,7.105427357601002e-15,3.552713678800501e-15,9.277435091161905
7,8,random,6,7.105427357601002e-15,7.105427357601002e-15,0.5999221423931331
7,8,random,7,1.7763568394002505e-15,5.329070518200751e-15,0.8383880368216126
7,8,random,8,0.0,3.552713678800501e-15,4.200381967744377
7,8,random,9,0.0,0.0,2.811402203655277
7,8,random,10,3.552713678800501e-15,3.552713678800501e-15,0.5278577668137316
7,8,random,11,0.0,1.7763568394002505e-15,7.518436216757493
7,8,random,12,2.6645352591003757e-15,3.552713678800501e-15,0.38876165190649914
7,8,random,13,8.881784197001252e-15,5.329070518200751e-15,2.108033263079406
7,8,random,14,3.552713678800501e-15,5.329070518200751e-15,1.051094598034652
7,8,random,15,0.0,4.440892098500626e-15,3.19522257416061
7,8,random,16,1.7763568394002505e-15,1.7763568394002505e-15,0.10934182196109532
7,8,random,17,3.552713678800501e-15,0.0,0.6200585348283312
7,8,random,18,3.552713678800501e-15,0.0,1.8261514493196565
7,8,random,19,3.9968028886505635e-15,4.440892098500626e-15,1.597986460643412
8,1,simplex,0,1.3322676295501878e-15,4.440892098500626e-16,4.832408871988342
8,1,simplex,1,1.7763568394002505e-15,1.7763568394002505e-15,2.2265290118623513
8,1,simplex,2,8.881784197001252e-16,2.220446049250313e-16,0.017452155352176035
8,1,simplex,3,8.881784197001252e-16,0.0,0.8731213632339667
8,1,simplex,4,8.881784197001252e-16,0.0,0.31314875662723907
8,1,simplex,5,1.7763568394002505e-15,0.0,0.08709854670956574
8,1,simplex,6,8.881784197001252e-16,0.0,1.5791008891216922
8,1,simplex,7,0.0,4.440892098500626e-16,2.9452688799387032
8,1,simplex,8,1.7763568394002505e-15,1.7763568394002505e-15,2.042067658878664
8,1,simplex,9,8.881784197001252e-16,1.3322676295501878e-15,0.32721755042885814
8,1,simplex,10,2.220446049250313e-16,2.220446049250313e-16,0.24563436245659176
8,1,simplex,11,2.220446049250313e-16,0.0,1.1424398937290245
8,1,simplex,12,2.220446049250313e-16,0.0,0.7077478446734382
8,1,simplex,13,0.0,4.440892098500626e-16,2.8728101930716043
8,1,simplex,14,8.881784197001252e-16,8.881784197001252e-16,0.22534525574590347
8,1,simplex,15,0.0,0.0,1.7677406097876815
8,1,simplex,16,1.7763568394002505e-15,4.440892098500626e-16,5.18990998256429
8,1,simplex,17,1.7763568394002505e-15,1.7763568394002505e-15,0.0010641039571956945
8,1,simplex,18,0.0,8.881784197001252e-16,0.03305452528257824
8,1,simplex,19,8.881784197001252e-16,2.6645352591003757e-15,0.12914074949835097
8,1,random,0,8.881784197001252e-16,0.0,1.4273459963954305
8,1,random,1,0.0,4.440892098500626e-16,0.04077597891066986
8,1,random,2,4.440892098500626e-16,8.881784197001252e-16,0.13348624382813057
8,1,random,3,8.881784197001252e-16,8.881784197001252e-16,0.5343859506591206
8,1,random,4,0.0,0.0,0.649359341906159
8,1,random,5,8.881784197001252e-16,1.3322676295501878e-15,0.13774595154854907
8,1,random,6,2.220446049250313e-16,8.881784197001252e-16,0.7821125536009426
8,1,random,7,1.3322676295501878e-15,4.440892098500626e-16,0.41442015318312553
8,1,random,8,0.0,0.0,0.33072299221262824
8,1,random,9,2.220446049250313e-16,0.0,0.4948156760268887
8,1,random,10,0.0,8.881784197001252e-16,3.0888748940457633
8,1,random,11,0.0,4.440892098500626e-16,0.4754488204273537
8,1,random,12,2.220446049250313e-16,0.0,0.6990569786717646
8,1,random,13,4.440892098500626e-16,0.0,0.0639246570107801
8,1,random,14,4.440892098500626e-16,4.440892098500626e-16,0.8381842881718109
8,1,random,15,0.0,4.440892098500626e-16,1.0293955929239438
8,1,random,16,5.551115123125783e-17,1.6653345369377348e-16,1.3280401094305656
8,1,random,17,0.0,4.440892098500626e-16,0.498586760657596
8,1,random,18,0.0,0.0,0.05820941834701099
8,1,random,19,0.0,8.881784197001252e-16,0.07862754339914169
8,2,simplex,0,1.7763568394002505e-15,1.7763568394002505e-15,3.7118572259158853
8,2,simplex,1,1.7763568394002505e-15,1.7763568394002505e-15,0.21186644397580068
8,2,simplex,2,1.7763568394002505e-15,1.7763568394002505e-15,1.4279771217887962
8,2,simplex,3,1.7763568394002505e-15,2.6645352591003757e-15,0.7949240901969947
8,2,simplex,4,1.7763568394002505e-15,8.881784197001252e-16,2.7692415972381035
8,2,simplex,5,1.7763568394002505e-15,3.552713678800501e-15,10.322582631553374
8,2,simplex,6,2.6645352591003757e-15,8.881784197001252e-16,2.6412536061500447
8,2,simplex,7,1.7763568394002505e-15,1.7763568394002505e-15,0.7799227155200263
8,2,simplex,8,1.1102230246251565e-15,0.0,2.8753054343472115
8,2,simplex,9,1.7763568394002505e-15,1.7763568394002505e-15,1.4245888576277164
8,2,simplex,10,3.9968028886505635e-15,4.440892098500626e-16,2.148103187620638
8,2,simplex,11,1.7763568394002505e-15,2.6645352591003757e-15,0.8696945632306168
8,2,simplex,12,6.661338147750939e-16,1.5543122344752192e-15,2.615576561381147
8,2,simplex,13,1.3322676295501878e-15,1.7763568394002505e-15,1.3976774518314272
8,2,simplex,14,1.3322676295501878e-15,4.440892098500626e-16,0.9733714109611711
8,2,simplex,15,0.0,1.7763568394002505e-15,4.884604486803585
8,2,simplex,16,8.881784197001252e-16,1.7763568394002505e-15,0.6670581571604028
8,2,simplex,17,1.7763568394002505e-15,1.7763568394002505e-15,0.10707496904944946
8,2,simplex,18,1.7763568394002505e-15,1.7763568394002505e-15,1.3293347552781682
8,2,simplex,19,5.329070518200751e-15,1.7763568394002505e-15,1.0674372427198655
8,2,random,0,8.881784197001252e-16,3.552713678800501e-15,0.10576890851654674
8,2,random,1,1.7763568394002505e-15,3.552713678800501e-15,6.550973583501645
8,2,random,2,3.552713678800501e-15,0.0,0.9807027647101307
8,2,random,3,1.7763568394002505e-15,1.7763568394002505e-15,0.47348537176954153
8,2,random,4,4.440892098500626e-15,0.0,2.038440875550709
8,2,random,5,1.7763568394002505e-15,1.7763568394002505e-15,2.2412503229711227
8,2,random,6,0.0,2.6645352591003757e-15,1.8287982489585772
8,2,random,7,0.0,0.0,0.3971864363340636
8,2,random,8,0.0,0.0,5.018910005279906
8,2,random,9,1.7763568394002505e-15,0.0,0.0761731572691744
8,2,random,10,8.881784197001252e-16,4.440892098500626e-16,1.582996530662946
8,2,random,11,0.0,1.7763568394002505e-15,1.6538993714302377
8,2,random,12,1.7763568394002505e-15,1.7763568394002505e-15,0.184394471935299
8,2,random,13,4.440892098500626e-16,2.220446049250313e-15,0.8389102823235355
8,2,random,14,0.0,0.0,0.6762388297764517
8,2,random,15,6.661338147750939e-16,4.440892098500626e-16,4.014003623423648
8,2,random,16,0.0,0.0,1.9920209993532048
8,2,random,17,0.0,1.7763568394002505e-15,0.9739728978616409
8,2,random,18,8.881784197001252e-16,8.881784197001252e-16,1.1961634819282718
8,2,random,19,4.440892098500626e-16,1.3322676295501878e-15,1.9544524035557345
8,3,simplex,0,0.0,1.7763568394002505e-15,3.390921795336972
8,3,simplex,1,1.7763568394002505e-15,0.0,4.290722199806467
8,3,simplex,2,1.7763568394002505e-15,8.881784197001252e-16,0.21351608752841145
8,3,simplex,3,1.7763568394002505e-15,2.220446049250313e-16,3.4658016200246706
8,3,simplex,4,1.7763568394002505e-15,8.881784197001252e-16,1.6838488609860036
8,3,simplex,5,1.7763568394002505e-15,1.7763568394002505e-15,2.92506928427915
8,3,simplex,6,2.6645352591003757e-15,5.329070518200751e-15,0.7036562168596205
8,3,simplex,7,3.552713678800501e-15,3.552713678800501e-15,0.7622866722037607
8,3,simplex,8,1.7763568394002505e-15,4.218847493575595e-15,0.5485506645803255
8,3,simplex,9,1.7763568394002505e-15,2.6645352591003757e-15,0.24377170544156002
8,3,simplex,10,3.552713678800501e-15,2.6645352591003757e-15,2.1928385898070974
8,3,simplex,11,1.7763568394002505e-15,1.7763568394002505e-15,0.46302503411142837
8,3,simplex,12,8.881784197001252e-16,4.440892098500626e-16,0.0795805853858127
8,3,simplex,13,0.0,1.3322676295501878e-15,3.6340887973735967
8,3,simplex,14,8.881784197001252e-16,3.552713678800501e-15,0.5727189043297152
8,3,simplex,15,8.881784197001252e-16,0.0,1.8349760203386367
8,3,simplex,16,8.881784197001252e-16,0.0,2.455165603928581
8,3,simplex,17,2.220446049250313e-16,6.661338147750939e-16,2.497465754743132
8,3,simplex,18,0.0,8.881784197001252e-16,1.2003170186249577
8,3,simplex,19,8.881784197001252e-16,2.6645352591003757e-15,1.6401193628733104
8,3,random,0,1.7763568394002505e-15,4.440892098500626e-16,1.3356813062277304
8,3,random,1,1.7763568394002505e-15,0.0,1.2249904954783446
8,3,random,2,8.881784197001252e-16,4.440892098500626e-16,3.104902267492598
8,3,random,3,1.7763568394002505e-15,0.0,1.9086102963674278
8,3,random,4,1.7763568394002505e-15,0.0,0.9444874517487349
8,3,random,5,0.0,1.7763568394002505e-15,1.1401018232067095
8,3,random,6,2.6645352591003757e-15,8.881784197001252e-16,0.42460052404853244
8,3,random,7,2.6645352591003757e-15,6.661338147750939e-16,1.5264543484827833
8,3,random,8,3.3306690738754696e-16,3.3306690738754696e-16,0.7469132253788757
8,3,random,9,8.881784197001252e-16,4.440892098500626e-16,4.059776956155815
8,3,random,10,4.440892098500626e-16,2.220446049250313e-16,1.2788889630749196
8,3,random,11,1.7763568394002505e-15,8.881784197001252e-16,0.17180919391029192
8,3,random,12,1.7763568394002505e-15,0.0,3.0328468055408457
8,3,random,13,8.881784197001252e-16,2.6645352591003757e-15,2.3878800154659725
8,3,random,14,0.0,1.7763568394002505e-15,1.2976986535577915
8,3,random,15,3.552713678800501e-15,0.0,3.5057336501931005
8,3,random,16,0.0,1.7763568394002505e-15,2.585227553531354
8,3,random,17,8.881784197001252e-16,1.7763568394002505e-15,0.3361254225310901
8,3,random,18,3.552713678800501e-15,1.7763568394002505e-15,4.494173244736709
8,3,random,19,8.881784197001252e-16,0.0,0.10947318010496687
8,4,simplex,0,1.7763568394002505e-15,1.7763568394002505e-15,7.7579681833634595
8,4,simplex,1,2.6645352591003757e-15,8.881784197001252e-16,1.1237324587458133
8,4,simplex,2,2.220446049250313e-15,1.3322676295501878e-15,2.335618880512726
8,4,simplex,3,8.881784197001252e-16,4.440892098500626e-16,0.8322508412697225
8,4,simplex,4,1.7763568394002505e-15,0.0,0.31609356444725734
8,4,simplex,5,0.0,1.7763568394002505e-15,5.4056590065927566
8,4,simplex,6,1.7763568394002505e-15,1.7763568394002505e-15,3.1990078917117124
8,4,simplex,7,1.7763568394002505e-15,2.6645352591003757e-15,9.145459325142959
8,4,simplex,8,2.6645352591003757e-15,8.881784197001252e-16,12.881403701724132
8,4,simplex,9,0.0,8.881784197001252e-16,3.5373880576255736
8,4,simplex,10,3.552713678800501e-15,1.7763568394002505e-15,2.6592410473571917
8,4,simplex,11,1.7763568394002505e-15,1.7763568394002505e-15,1.612526139185853
8,4,simplex,12,4.440892098500626e-15,2.6645352591003757e-15,1.388576646871762
8,4,simplex,13,0.0,1.7763568394002505e-15,1.399234039903078
8,4,simplex,14,1.3322676295501878e-15,4.440892098500626e-16,1.9191181617195454
8,4,simplex,15,1.3322676295501878e-15,8.881784197001252e-16,1.7139280970190818
8,4,simplex,16,4.440892098500626e-16,0.0,4.313692567252318
8,4,simplex,17,1.7763568394002505e-15,0.0,1.996073844411498
8,4,simplex,18,0.0,3.1086244689504383e-15,3.202500058657378
8,4,simplex,19,3.552713678800501e-15,1.7763568394002505e-15,2.954319583973273
8,4,random,0,0.0,2.6645352591003757e-15,0.5483821203294283
8,4,random,1,2.6645352591003757e-15,8.881784197001252e-16,1.0980862427814237
8,4,random,2,0.0,3.552713678800501e-15,1.2307619883784113
8,4,random,3,2.6645352591003757e-15,2.6645352591003757e-15,0.2367603690433917
8,4,random,4,3.1086244689504383e-15,2.220446049250313e-15,3.9597113428381334
8,4,random,5,1.7763568394002505e-15,2.6645352591003757e-15,5.309948192471815
8,4,random,6,0.0,8.881784197001252e-16,0.15854570761523945
8,4,random,7,1.7763568394002505e-15,2.6645352591003757e-15,2.14604932725711
8,4,random,8,1.7763568394002505e-15,1.7763568394002505e-15,4.134500128338562
8,4,random,9,2.6645352591003757e-15,1.7763568394002505e-15,4.831695401471816
8,4,random,10,1.3322676295501878e-15,4.440892098500626e-16,2.366870579357375
8,4,random,11,0.0,0.0,9.084627270227472
8,4,random,12,2.6645352591003757e-15,1.7763568394002505e-15,1.033684728252524
8,4,random,13,3.1086244689504383e-15,3.1086244689504383e-15,4.2372391605348945
8,4,random,14,8.881784197001252e-16,1.7763568394002505e-15,3.417297150578655
8,4,random,15,0.0,4.440892098500626e-16,1.552821765263566
8,4,random,16,3.552713678800501e-15,0.0,1.924312785363341
8,4,random,17,1.7763568394002505e-15,8.881784197001252e-16,1.793517361093354
8,4,random,18,8.881784197001252e-16,0.0,8.632250957391726
8,4,random,19,8.881784197001252e-16,2.6645352591003757e-15,3.80968029235499
8,5,simplex,0,2.6645352591003757e-15,3.552713678800501e-15,2.9998923924136704
8,5,simplex,1,0.0,3.552713678800501e-15,5.09856221756354
8,5,simplex,2,8.881784197001252e-16,1.7763568394002505e-15,4.292414101731865
8,5,simplex,3,0.0,1.7763568394002505e-15,2.7727001113773895
8,5,simplex,4,1.7763568394002505e-15,2.6645352591003757e-15,0.027809258120264246
8,5,simplex,5,0.0,4.440892098500626e-15,0.8294680052289252
8,5,simplex,6,4.440892098500626e-15,8.881784197001252e-16,3.80718843917953
8,5,simplex,7,9.992007221626409e-16,4.440892098500626e-16,1.1690436485836138
8,5,simplex,8,1.7763568394002505e-15,2.6645352591003757e-15,1.2320654219974827
8,5,simplex,9,0.0,1.7763568394002505e-15,1.0841234641348834
8,5,simplex,10,2.220446049250313e-15,1.3322676295501878e-15,2.0276901366669833
8,5,simplex,11,3.552713678800501e-15,2.6645352591003757e-15,5.21744057317035
8,5,simplex,12,0.0,8.881784197001252e-16,0.2930183552912169
8,5,simplex,13,2.6645352591003757e-15,2.220446049250313e-15,3.3294724573375447
8,5,simplex,14,0.0,3.552713678800501e-15,4.47309515454991
8,5,simplex,15,4.440892098500626e-15,3.552713678800501e-15,1.5838932983378058
8,5,simplex,16,3.552713678800501e-15,0.0,5.0542662401418355
8,5,simplex,17,1.7763568394002505e-15,2.6645352591003757e-15,2.436334548806883
8,5,simplex,18,3.552713678800501e-15,0.0,0.4099850703356793
8,5,simplex,19,3.552713678800501e-15,0.0,5.4781140998957945
8,5,random,0,8.881784197001252e-16,2.6645352591003757e-15,1.167055213157667
8,5,random,1,1.7763568394002505e-15,1.7763568394002505e-15,8.251443992520471
8,5,random,2,1.7763568394002505e-15,2.6645352591003757e-15,1.5692639263517805
8,5,random,3,1.7763568394002505e-15,1.7763568394002505e-15,1.1407531018356565
8,5,random,4,1.7763568394002505e-15,1.7763568394002505e-15,1.4467155946132664
8,5,random,5,0.0,3.552713678800501e-15,1.4522562391735505
8,5,random,6,3.552713678800501e-15,0.0,2.339335597901453
8,5,random,7,4.440892098500626e-16,1.7763568394002505e-15,0.9689736426114273
8,5,random,8,7.771561172376096e-16,2.4424906541753444e-15,2.237321186859546
8,5,random,9,0.0,1.7763568394002505e-15,4.81085097069472
8,5,random,10,4.440892098500626e-16,6.661338147750939e-16,2.0762923824349357
8,5,random,11,2.6645352591003757e-15,8.881784197001252e-16,0.48661632322079384
8,5,random,12,7.105427357601002e-15,0.0,1.2431398471962751
8,5,random,13,3.9968028886505635e-15,4.440892098500626e-16,1.9055885856174868
8,5,random,14,1.7763568394002505e-15,4.440892098500626e-15,1.4779753530802928
8,5,random,15,3.552713678800501e-15,2.220446049250313e-15,9.393245308253857
8,5,random,16,1.7763568394002505e-15,0.0,0.21887163552457878
8,5,random,17,8.881784197001252e-16,0.0,4.736436326466411
8,5,random,18,5.329070518200751e-15,8.881784197001252e-16,2.8220563145857653
8,5,random,19,5.329070518200751e-15,1.7763568394002505e-15,2.495413033351639
8,8,simplex,0,3.1086244689504383e-15,3.552713678800501e-15,0.3088511915819083
8,8,simplex,1,1.7763568394002505e-15,8.881784197001252e-16,10.551504130525949
8,8,simplex,2,0.0,3.552713678800501e-15,2.931910104738897
8,8,simplex,3,1.7763568394002505e-15,2.6645352591003757e-15,3.1758031084681804
8,8,simplex,4,3.552713678800501e-15,1.7763568394002505e-15,5.693120497670819
8,8,simplex,5,3.552713678800501e-15,7.105427357601002e-15,0.3832388844485166
8,8,simplex,6,0.0,3.552713678800501e-15,8.020330420146358
8,8,simplex,7,3.552713678800501e-15,0.0,3.117095756072459
8,8,simplex,8,3.552713678800501e-15,3.552713678800501e-15,0.22106765576747023
8,8,simplex,9,1.7763568394002505e-15,5.329070518200751e-15,0.01753404568203365
8,8,simplex,10,3.552713678800501e-15,0.0,0.3870237717420686
8,8,simplex,11,4.440892098500626e-15,1.7763568394002505e-15,2.5420751624823055
8,8,simplex,12,5.329070518200751e-15,1.3322676295501878e-15,0.7940085865577373
8,8,simplex,13,7.105427357601002e-15,7.105427357601002e-15,4.14248499976749
8,8,simplex,14,1.7763568394002505e-15,8.881784197001252e-16,5.590764434601674
8,8,simplex,15,3.552713678800501e-15,0.0,1.1463211872857357
8,8,simplex,16,0.0,7.105427357601002e-15,4.721455153921752
8,8,simplex,17,7.105427357601002e-15,3.552713678800501e-15,3.87300283296063
8,8,simplex,18,7.105427357601002e-15,2.6645352591003757e-15,0.45999513388791513
8,8,simplex,19,1.7763568394002505e-15,0.0,0.8075634780152114
8,8,random,0,1.7763568394002505e-15,1.7763568394002505e-15,2.1687555983614004
8,8,random,1,3.552713678800501e-15,0.0,2.9577519070306053
8,8,random,2,7.105427357601002e-15,0.0,2.646972028418773
8,8,random,3,5.329070518200751e-15,3.552713678800501e-15,0.29906334058520656
8,8,random,4,0.0,0.0,4.538694331210209
8,8,random,5,4.440892098500626e-16,2.220446049250313e-15,4.541424898881857
8,8,random,6,2.6645352591003757e-15,1.7763568394002505e-15,0.7140285540691522
8,8,random,7,3.552713678800501e-15,3.552713678800501e-15,2.101169827753246
8,8,random,8,2.6645352591003757e-15,3.552713678800501e-15,0.6504528076873157
8,8,random,9,1.3322676295501878e-15,2.220446049250313e-15,5.682438993363931
8,8,random,10,1.7763568394002505e-15,0.0,3.5973845272305454
8,8,random,11,0.0,0.0,4.72000707643172
8,8,random,12,1.7763568394002505e-15,0.0,0.4903398898639537
8,8,random,13,4.440892098500626e-16,2.220446049250313e-15,2.957875909844006
8,8,random,14,4.440892098500626e-15,1.7763568394002505e-15,3.099199678222405
8,8,random,15,4.551914400963142e-15,3.552713678800501e-15,1.3009550418560423
8,8,random,16,7.105427357601002e-15,5.329070518200751e-15,0.5104298799195561
8,8,random,17,4.440892098500626e-15,4.440892098500626e-15,2.2745331789186025
8,8,random,18,3.552713678800501e-15,3.552713678800501e-15,5.724620293596345
8,8,random,19,8.881784197001252e-16,3.552713678800501e-15,6.287808358283527
9,1,simplex,0,8.881784197001252e-16,4.440892098500626e-16,0.17036385549200617
9,1,simplex,1,1.7763568394002505e-15,8.881784197001252e-16,0.005271527154965483
9,1,simplex,2,8.881784197001252e-16,1.3322676295501878e-15,3.064368223058869
9,1,simplex,3,4.440892098500626e-16,2.220446049250313e-16,0.006347332311758436
9,1,simplex,4,6.661338147750939e-16,4.440892098500626e-16,0.6429742314339597
9,1,simplex,5,2.6645352591003757e-15,8.881784197001252e-16,0.40462821532664783
9,1,simplex,6,5.551115123125783e-16,3.3306690738754696e-16,3.4168089474548564
9,1,simplex,7,0.0,1.7763568394002505e-15,2.5114216579573263
9,1,simplex,8,2.220446049250313e-16,2.220446049250313e-16,0.01863083324329251
9,1,simplex,9,1.7763568394002505e-15,0.0,1.6027099352766152
9,1,simplex,10,4.440892098500626e-16,8.881784197001252e-16,0.39575954134872493
9,1,simplex,11,4.440892098500626e-16,8.881784197001252e-16,0.5841580287924053
9,1,simplex,12,6.661338147750939e-16,1.4432899320127035e-15,1.6833558231887586
9,1,simplex,13,8.881784197001252e-16,8.881784197001252e-16,2.4129536576773285
9,1,simplex,14,1.7763568394002505e-15,1.7763568394002505e-15,0.6992743976912887
9,1,simplex,15,4.440892098500626e-16,4.440892098500626e-16,3.2588295462987826
9,1,simplex,16,6.661338147750939e-16,2.220446049250313e-16,0.36441720315751525
9,1,simplex,17,4.440892098500626e-16,1.7763568394002505e-15,7.936445418627148
9,1,simplex,18,6.661338147750939e-16,8.881784197001252e-16,1.6459691486298684
9,1,simplex,19,4.440892098500626e-16,4.440892098500626e-16,0.1423200360652377
9,1,random,0,0.0,0.0,0.41950440235461883
9,1,random,1,4.440892098500626e-16,8.881784197001252e-16,1.5316837977592908
9,1,random,2,1.1102230246251565e-16,5.551115123125783e-16,0.1825328829655094
9,1,random,3,0.0,0.0,5.0701599321634205e-05
9,1,random,4,1.7763568394002505e-15,1.7763568394002505e-15,0.07982543923404783
9,1,random,5,0.0,0.0,0.015679568054945747
9,1,random,6,0.0,1.7763568394002505e-15,1.3392297667078026
9,1,random,7,4.440892098500626e-16,2.220446049250313e-16,0.0914195092192367
9,1,random,8,8.881784197001252e-16,1.7763568394002505e-15,1.8453704286953192
9,1,random,9,8.881784197001252e-16,0.0,2.158350853227363
9,1,random,10,0.0,0.0,0.6679604804741182
9,1,random,11,8.881784197001252e-16,8.881784197001252e-16,0.479313123715869
9,1,random,12,8.881784197001252e-16,8.881784197001252e-16,0.9660504258162952
9,1,random,13,8.881784197001252e-16,0.0,1.1969535873902366
9,1,random,14,1.3322676295501878e-15,4.440892098500626e-16,1.2166945063972125
9,1,random,15,0.0,8.881784197001252e-16,0.01896984316731931
9,1,random,16,4.440892098500626e-16,4.440892098500626e-16,2.6275903262556604
9,1,random,17,1.1102230246251565e-16,3.3306690738754696e-16,0.29578976315102956
9,1,random,18,8.881784197001252e-16,4.440892098500626e-16,0.5295553062547231
9,1,random,19,1.1102230246251565e-15,3.3306690738754696e-16,0.002920329186004267
9,2,simplex,0,0.0,0.0,0.15251873566878515
9,2,simplex,1,1.7763568394002505e-15,1.7763568394002505e-15,0.311752247284403
9,2,simplex,2,1.7763568394002505e-15,1.7763568394002505e-15,4.541595953785533
9,2,simplex,3,1.1102230246251565e-15,0.0,1.3882079661754005
9,2,simplex,4,2.6645352591003757e-15,1.7763568394002505e-15,3.2551421403623735
9,2,simplex,5,1.7763568394002505e-15,1.3322676295501878e-15,0.12689815639897617
9,2,simplex,6,2.220446049250313e-16,8.881784197001252e-16,1.6749883390329892
9,2,simplex,7,2.6645352591003757e-15,1.7763568394002505e-15,0.23756759344302125
9,2,simplex,8,2.6645352591003757e-15,8.881784197001252e-16,0.8671354893482999
9,2,simplex,9,1.7763568394002505e-15,0.0,0.09568222119660774
9,2,simplex,10,1.3322676295501878e-15,4.440892098500626e-16,3.3957615821299747
9,2,simplex,11,0.0,8.881784197001252e-16,1.3167645656379383
9,2,simplex,12,4.440892098500626e-16,0.0,0.5231960089584256
9,2,simplex,13,4.440892098500626e-16,1.9984014443252818e-15,0.20723426100996534
9,2,simplex,14,0.0,4.440892098500626e-16,0.16404159478728886
9,2,simplex,15,0.0,8.881784197001252e-16,1.7667659930149142
9,2,simplex,16,8.881784197001252e-16,8.881784197001252e-16,1.4712769065554419
9,2,simplex,17,3.552713678800501e-15,0.0,7.028846151234003
9,2,simplex,18,0.0,0.0,7.521930771462751
9,2,simplex,19,1.7763568394002505e-15,0.0,0.02270140955992872
9,2,random,0,0.0,1.7763568394002505e-15,0.7475995379315172
9,2,random,1,0.0,1.7763568394002505e-15,0.024484824907066383
9,2,random,2,8.881784197001252e-16,4.440892098500626e-16,0.6685579941213966
9,2,random,3,1.7763568394002505e-15,0.0,3.748281499256123
9,2,random,4,8.881784197001252e-16,1.7763568394002505e-15,0.5436058885140227
9,2,random,5,2.6645352591003757e-15,4.440892098500626e-16,1.3456444216294443
9,2,random,6,3.552713678800501e-15,3.552713678800501e-15,0.30199043056931174
9,2,random,7,8.881784197001252e-16,4.440892098500626e-16,3.661982869096736
9,2,random,8,0.0,0.0,0.16560216343614442
9,2,random,9,0.0,3.552713678800501e-15,0.9758718468393557
9,2,random,10,1.7763568394002505e-15,1.7763568394002505e-15,0.27057480553207114
9,2,random,11,1.7763568394002505e-15,8.881784197001252e-16,0.6030618090864941
9,2,random,12,8.881784197001252e-16,8.881784197001252e-16,0.8534271858953133
9,2,random,13,2.6645352591003757e-15,1.7763568394002505e-15,0.03601240379161563
9,2,random,14,1.7763568394002505e-15,0.0,2.978493668472762
9,2,random,15,2.6645352591003757e-15,2.6645352591003757e-15,1.22152786384002
9,2,random,16,1.7763568394002505e-15,8.881784197001252e-16,1.8730196682283413
9,2,random,17,1.7763568394002505e-15,0.0,0.8418391348948404
9,2,random,18,1.7763568394002505e-15,8.881784197001252e-16,1.511940961277027
9,2,random,19,1.7763568394002505e-15,1.7763568394002505e-15,0.49229397116598506
9,3,simplex,0,2.6645352591003757e-15,1.7763568394002505e-15,3.2953648786628023
9,3,simplex,1,1.7763568394002505e-15,1.7763568394002505e-15,5.7469828514092285
9,3,simplex,2,2.6645352591003757e-15,0.0,1.9207393467121747
9,3,simplex,3,1.7763568394002505e-15,2.6645352591003757e-15,2.4787151469144106
9,3,simplex,4,3.9968028886505635e-15,3.9968028886505635e-15,4.638299126067203
9,3,simplex,5,1.7763568394002505e-15,1.7763568394002505e-15,2.4793730070102384
9,3,simplex,6,3.552713678800501e-15,1.7763568394002505e-15,2.60227151774977
9,3,simplex,7,2.4424906541753444e-15,4.440892098500626e-16,0.35085597196452056
9,3,simplex,8,1.7763568394002505e-15,0.0,0.21706281655086457
9,3,simplex,9,1.3322676295501878e-15,4.440892098500626e-16,0.2796955885692718
9,3,simplex,10,8.881784197001252e-16,0.0,0.4727755265921374
9,3,simplex,11,2.220446049250313e-15,4.440892098500626e-16,2.2621712970760406
9,3,simplex,12,1.7763568394002505e-15,3.552713678800501e-15,1.7054194324287337
9,3,simplex,13,2.6645352591003757e-15,1.7763568394002505e-15,1.504955659522217
9,3,simplex,14,0.0,1.7763568394002505e-15,2.4083297147779916
9,3,simplex,15,0.0,1.7763568394002505e-15,0.4668709246126852
9,3,simplex,16,4.440892098500626e-16,8.881784197001252e-16,0.41004525859245433
9,3,simplex,17,8.881784197001252e-16,4.440892098500626e-16,0.6874718146213112
9,3,simplex,18,2.6645352591003757e-15,8.881784197001252e-16,1.3564031253956443
9,3,simplex,19,3.552713678800501e-15,0.0,1.1322427933447408
9,3,random,0,0.0,1.7763568394002505e-15,3.807193051282562
9,3,random,1,3.1086244689504383e-15,8.881784197001252e-16,1.3892879030970597
9,3,random,2,0.0,8.881784197001252e-16,0.7872347724484214
9,3,random,3,2.9976021664879227e-15,7.771561172376096e-16,2.0036418747488582
9,3,random,4,8.881784197001252e-16,0.0,0.4441342265799406
9,3,random,5,4.440892098500626e-16,1.7763568394002505e-15,0.17163507133296108
9,3,random,6,3.552713678800501e-15,3.552713678800501e-15,2.334830139299271
9,3,random,7,3.552713678800501e-15,1.7763568394002505e-15,1.8283352609004382
9,3,random,8,1.7763568394002505e-15,3.552713678800501e-15,3.304513912786369
9,3,random,9,4.440892098500626e-16,1.3322676295501878e-15,3.5469580927381656
9,3,random,10,0.0,1.7763568394002505e-15,0.37347725240746854
9,3,random,11,3.552713678800501e-15,3.552713678800501e-15,0.8760510832483668
9,3,random,12,0.0,1.7763568394002505e-15,0.8486249587525663
9,3,random,13,2.220446049250313e-15,8.881784197001252e-16,4.706340663102008
9,3,random,14,1.1102230246251565e-15,4.440892098500626e-16,4.5408256433771115
9,3,random,15,1.3322676295501878e-15,2.220446049250313e-15,4.841002024556566
9,3,random,16,0.0,8.881784197001252e-16,1.352580252930963
9,3,random,17,2.6645352591003757e-15,8.881784197001252e-16,0.6314265030731647
9,3,random,18,3.552713678800501e-15,0.0,0.03313113244034582
9,3,random,19,3.552713678800501e-15,1.7763568394002505e-15,3.0994583031497314
9,4,simplex,0,0.0,0.0,0.9503597499220291
9,4,simplex,1,3.552713678800501e-15,8.881784197001252e-16,3.0085867156958663
9,4,simplex,2,0.0,1.7763568394002505e-15,3.8282384301385974
9,4,simplex,3,0.0,1.7763568394002505e-15,2.2690030734854574
9,4,simplex,4,0.0,1.7763568394002505e-15,0.8493949065717956
9,4,simplex,5,8.881784197001252e-16,1.3322676295501878e-15,0.3932898012693151
9,4,simplex,6,3.9968028886505635e-15,1.3322676295501878e-15,1.4472686367223488
9,4,simplex,7,0.0,0.0,0.8348737007319258
9,4,simplex,8,8.881784197001252e-16,3.552713678800501e-15,5.983654692472843
9,4,simplex,9,8.881784197001252e-16,3.552713678800501e-15,2.5366592468650637
9,4,simplex,10,1.7763568394002505e-15,0.0,1.9227279247032243
9,4,simplex,11,8.881784197001252e-16,0.0,2.8633518594828686
9,4,simplex,12,3.552713678800501e-15,0.0,5.314683399273321
9,4,simplex,13,3.552713678800501e-15,8.881784197001252e-16,0.740311371963152
9,4,simplex,14,1.7763568394002505e-15,4.440892098500626e-16,7.686948291683748
9,4,simplex,15,3.552713678800501e-15,3.552713678800501e-15,3.9980612195217233
9,4,simplex,16,1.5543122344752192e-15,1.3322676295501878e-15,0.66604917122811
9,4,simplex,17,0.0,5.329070518200751e-15,1.1773841378142933
9,4,simplex,18,8.881784197001252e-16,1.7763568394002505e-15,0.9903715740906662
9,4,simplex,19,0.0,0.0,0.23155925480705264
9,4,random,0,1.7763568394002505e-15,1.7763568394002505e-15,3.398886172897761
9,4,random,1,0.0,2.6645352591003757e-15,1.1141891779104256
9,4,random,2,2.6645352591003757e-15,8.881784197001252e-16,2.380294082508918
9,4,random,3,8.881784197001252e-16,4.440892098500626e-16,3.149003677032745
9,4,random,4,3.552713678800501e-15,0.0,2.188214691012959
9,4,random,5,3.552713678800501e-15,4.440892098500626e-15,1.9524313310454033
9,4,random,6,1.3322676295501878e-15,1.3322676295501878e-15,3.5190470538713505
9,4,random,7,3.552713678800501e-15,3.552713678800501e-15,4.187716608631426
9,4,random,8,3.552713678800501e-15,1.7763568394002505e-15,0.5537251954310918
9,4,random,9,3.552713678800501e-15,0.0,1.9715225332783035
9,4,random,10,3.552713678800501e-15,0.0,3.323868949440623
9,4,random,11,0.0,0.0,8.744315769464109
9,4,random,12,0.0,1.7763568394002505e-15,6.17589409671946
9,4,random,13,7.105427357601002e-15,1.7763568394002505e-15,2.6633250811885176
9,4,random,14,8.881784197001252e-16,2.6645352591003757e-15,2.686948945908636
9,4,random,15,0.0,1.7763568394002505e-15,0.2064782354135204
9,4,random,16,1.7763568394002505e-15,0.0,5.011955232363903
9,4,random,17,3.1086244689504383e-15,1.7763568394002505e-15,4.178559318585457
9,4,random,18,2.6645352591003757e-15,1.7763568394002505e-15,6.338874237616125
9,4,random,19,8.881784197001252e-16,1.7763568394002505e-15,1.8707438959401301
9,5,simplex,0,8.881784197001252e-16,1.7763568394002505e-15,2.6022083391372632
9,5,simplex,1,0.0,0.0,7.617298790370022
9,5,simplex,2,1.7763568394002505e-15,1.7763568394002505e-15,3.616384169965478
9,5,simplex,3,0.0,1.7763568394002505e-15,2.4101150159108826
9,5,simplex,4,0.0,1.7763568394002505e-15,3.565060758354818
9,5,simplex,5,0.0,0.0,0.39519844916427616
9,5,simplex,6,1.7763568394002505e-15,1.7763568394002505e-15,3.652158732287873
9,5,simplex,7,2.6645352591003757e-15,4.440892098500626e-15,1.6406340926166791
9,5,simplex,8,1.7763568394002505e-15,8.881784197001252e-16,2.657039402959242
9,5,simplex,9,3.552713678800501e-15,3.552713678800501e-15,3.278227789858228
9,5,simplex,10,1.7763568394002505e-15,3.552713678800501e-15,1.5531088656787517
9,5,simplex,11,8.881784197001252e-16,2.6645352591003757e-15,3.626257024431631
9,5,simplex,12,3.552713678800501e-15,4.440892098500626e-15,0.3127318692358614
9,5,simplex,13,1.7763568394002505e-15,1.7763568394002505e-15,3.367318255167987
9,5,simplex,14,2.6645352591003757e-15,8.881784197001252e-16,2.734682455063691
9,5,simplex,15,1.9984014443252818e-15,2.220446049250313e-16,1.3605562339935773
9,5,simplex,16,8.881784197001252e-16,3.552713678800501e-15,7.32130311637642
9,5,simplex,17,8.881784197001252e-16,0.0,2.236548220830315
9,5,simplex,18,5.329070518200751e-15,1.7763568394002505e-15,1.2345156801266945
9,5,simplex,19,8.881784197001252e-16,0.0,1.7288960595245584
9,5,random,0,1.7763568394002505e-15,1.7763568394002505e-15,2.08807259247925
9,5,random,1,7.105427357601002e-15,3.552713678800501e-15,7.145407953600461
9,5,random,2,3.552713678800501e-15,1.3322676295501878e-15,3.7828127204280193
9,5,random,3,8.881784197001252e-16,2.6645352591003757e-15,3.2910336995778593
9,5,random,4,0.0,1.7763568394002505e-15,2.4496807758465167
9,5,random,5,4.440892098500626e-16,8.881784197001252e-16,2.1865346718261733
9,5,random,6,8.881784197001252e-16,8.881784197001252e-16,1.306090926636223
9,5,random,7,0.0,3.552713678800501e-15,4.811022184383717
9,5,random,8,8.881784197001252e-16,1.7763568394002505e-15,8.101413167602079
9,5,random,9,6.217248937900877e-15,8.881784197001252e-16,5.486376404217765
9,5,random,10,4.440892098500626e-16,1.3322676295501878e-15,6.371011008207962
9,5,random,11,3.552713678800501e-15,1.7763568394002505e-15,1.6547440705940026
9,5,random,12,2.6645352591003757e-15,3.552713678800501e-15,2.3100915578445296
9,5,random,13,1.7763568394002505e-15,0.0,0.8364709729406172
9,5,random,14,4.440892098500626e-16,0.0,1.0505458230331968
9,5,random,15,2.6645352591003757e-15,1.7763568394002505e-15,3.8607620241410316
9,5,random,16,0.0,0.0,3.28683943338271
9,5,random,17,2.220446049250313e-15,2.220446049250313e-15,0.5020199425856227
9,5,random,18,3.552713678800501e-15,3.552713678800501e-15,0.5172103807776978
9,5,random,19,4.440892098500626e-16,2.6645352591003757e-15,1.4313198589176395
9,8,simplex,0,7.105427357601002e-15,7.105427357601002e-15,0.4380647671923441
9,8,simplex,1,0.0,0.0,6.689410393353974
9,8,simplex,2,0.0,3.552713678800501e-15,4.955434644246068
9,8,simplex,3,7.105427357601002e-15,0.0,2.4808268247863836
9,8,simplex,4,3.552713678800501e-15,1.0658141036401503e-14,1.4894158414708087
9,8,simplex,5,0.0,0.0,10.478109364367981
9,8,simplex,6,0.0,8.881784197001252e-16,4.789025123126052
9,8,simplex,7,5.329070518200751e-15,1.7763568394002505e-15,2.973664540932404
9,8,simplex,8,0.0,3.552713678800501e-15,5.175452636751025
9,8,simplex,9,0.0,1.0658141036401503e-14,4.341421378390653
9,8,simplex,10,1.7763568394002505e-15,1.7763568394002505e-15,2.226050845754372
9,8,simplex,11,0.0,3.552713678800501e-15,3.0003820990229
9,8,simplex,12,3.552713678800501e-15,1.7763568394002505e-15,6.784523182586298
9,8,simplex,13,1.7763568394002505e-15,8.881784197001252e-16,2.600549622310396
9,8,simplex,14,4.440892098500626e-16,1.7763568394002505e-15,1.4242184907283644
9,8,simplex,15,3.552713678800501e-15,4.440892098500626e-16,7.383484645857898
9,8,simplex,16,1.7763568394002505e-15,0.0,1.1320174939639145
9,8,simplex,17,1.7763568394002505e-15,1.7763568394002505e-15,3.643720109579135
9,8,simplex,18,5.329070518200751e-15,3.552713678800501e-15,8.612649180341926
9,8,simplex,19,1.7763568394002505e-15,1.7763568394002505e-15,2.386963051447296
9,8,random,0,5.329070518200751e-15,1.7763568394002505e-15,0.6333230085854922
9,8,random,1,1.7763568394002505e-15,3.552713678800501e-15,0.4608929524051959
9,8,random,2,3.552713678800501e-15,1.0658141036401503e-14,2.8962017600416914
9,8,random,3,3.552713678800501e-15,1.7763568394002505e-15,1.000808475258978
9,8,random,4,1.7763568394002505e-15,2.6645352591003757e-15,0.5893605661998151
9,8,random,5,0.0,7.105427357601002e-15,4.74242000389205
9,8,random,6,3.552713678800501e-15,3.552713678800501e-15,4.094209630741922
9,8,random,7,2.220446049250313e-15,2.6645352591003757e-15,1.0183523001583978
9,8,random,8,1.7763568394002505e-15,3.552713678800501e-15,1.5138275520437574
9,8,random,9,1.7763568394002505e-15,0.0,4.020743099198242
9,8,random,10,1.7763568394002505e-15,2.6645352591003757e-15,5.108660753960265
9,8,random,11,2.6645352591003757e-15,4.440892098500626e-15,0.816519633744889
9,8,random,12,2.220446049250313e-15,6.661338147750939e-16,2.556242333906198
9,8,random,13,3.552713678800501e-15,1.7763568394002505e-15,0.5304507159872571
9,8,random,14,4.884981308350689e-15,3.1086244689504383e-15,0.26291779699014484
9,8,random,15,0.0,3.552713678800501e-15,0.2472089891270315
9,8,random,16,7.105427357601002e-15,3.552713678800501e-15,1.77790339156914
9,8,random,17,3.552713678800501e-15,3.552713678800501e-15,0.8226986599516835
9,8,random,18,0.0,2.220446049250313e-15,7.823405269961242
9,8,random,19,0.0,1.7763568394002505e-15,4.803636467641979
10,1,simplex,0,8.881784197001252e-16,1.7763568394002505e-15,0.09337051092373816
10,1,simplex,1,2.220446049250313e-16,4.440892098500626e-16,1.930804880851729
10,1,simplex,2,4.440892098500626e-16,4.440892098500626e-16,1.8799651812030813
10,1,simplex,3,4.440892098500626e-16,4.440892098500626e-16,0.09547374893680072
10,1,simplex,4,8.881784197001252e-16,0.0,1.2202140317332066
10,1,simplex,5,1.7763568394002505e-15,1.3322676295501878e-15,7.863305373945195e-06
10,1,simplex,6,2.220446049250313e-16,7.216449660063518e-16,1.2564519473657425
10,1,simplex,7,1.1102230246251565e-16,3.3306690738754696e-16,0.13550880467806614
10,1,simplex,8,8.881784197001252e-16,8.881784197001252e-16,0.30925685274825554
10,1,simplex,9,0.0,8.881784197001252e-16,0.033906696533030356
10,1,simplex,10,0.0,8.881784197001252e-16,0.35555255941013186
10,1,simplex,11,1.6653345369377348e-15,7.771561172376096e-16,2.1706169421265926
10,1,simplex,12,1.7763568394002505e-15,1.7763568394002505e-15,0.2776211472315899
10,1,simplex,13,8.881784197001252e-16,4.440892098500626e-16,4.329302725559127
10,1,simplex,14,0.0,0.0,0.9665240214394144
10,1,simplex,15,4.440892098500626e-16,1.1102230246251565e-16,0.18672826238475793
10,1,simplex,16,0.0,0.0,2.323857349447669
10,1,simplex,17,0.0,4.440892098500626e-16,2.3091391404377077
10,1,simplex,18,0.0,0.0,0.7997841830704111
10,1,simplex,19,0.0,8.881784197001252e-16,0.38597140473057423
10,1,random,0,0.0,4.440892098500626e-16,4.519618442830129
10,1,random,1,4.440892098500626e-16,6.661338147750939e-16,1.8996846112486967
10,1,random,2,4.440892098500626e-16,0.0,0.580908305506977
10,1,random,3,8.881784197001252e-16,8.881784197001252e-16,1.8567702129473584
10,1,random,4,1.7763568394002505e-15,0.0,0.3004154720713146
10,1,random,5,8.881784197001252e-16,4.440892098500626e-16,0.8492255230381751
10,1,random,6,2.220446049250313e-16,0.0,0.4898033335079228
10,1,random,7,0.0,6.661338147750939e-16,0.2618163574784971
10,1,random,8,0.0,4.440892098500626e-16,1.054395009483482
10,1,random,9,4.440892098500626e-16,8.881784197001252e-16,0.0017754458705585563
10,1,random,10,4.440892098500626e-16,4.440892098500626e-16,0.1359868227915424
10,1,random,11,1.7763568394002505e-15,8.881784197001252e-16,0.09127303204102333
10,1,random,12,1.7763568394002505e-15,1.3322676295501878e-15,0.0066556957755024015
10,1,random,13,8.881784197001252e-16,0.0,0.8962017475881101
10,1,random,14,1.7763568394002505e-15,0.0,0.33861549522316814
10,1,random,15,0.0,1.7763568394002505e-15,0.7944092535260747
10,1,random,16,0.0,4.440892098500626e-16,0.18786055854937178
10,1,random,17,0.0,8.881784197001252e-16,0.1450700013780617
10,1,random,18,0.0,1.7763568394002505e-15,0.1123253967209017
10,1,random,19,1.1102230246251565e-16,4.440892098500626e-16,0.7183922452373896
10,2,simplex,0,9.992007221626409e-16,1.2212453270876722e-15,2.3321459728990064
10,2,simplex,1,0.0,1.7763568394002505e-15,0.037580482282891126
10,2,simplex,2,3.552713678800501e-15,1.7763568394002505e-15,1.7927765973000023
10,2,simplex,3,8.881784197001252e-16,0.0,0.889002430600975
10,2,simplex,4,4.440892098500626e-16,0.0,0.5904066231062117
10,2,simplex,5,1.7763568394002505e-15,1.7763568394002505e-15,0.26566384761930806
10,2,simplex,6,4.440892098500626e-16,4.440892098500626e-16,2.094386633513274
10,2,simplex,7,8.881784197001252e-16,4.440892098500626e-16,0.2870477933205109
10,2,simplex,8,8.881784197001252e-16,1.3322676295501878e-15,1.5276550365172525
10,2,simplex,9,8.881784197001252e-16,1.7763568394002505e-15,5.860023266742521
10,2,simplex,10,8.881784197001252e-16,2.220446049250313e-15,1.0875164193334754
10,2,simplex,11,4.440892098500626e-16,4.440892098500626e-16,2.7731707459423145
10,2,simplex,12,3.552713678800501e-15,1.7763568394002505e-15,0.20450592571084414
10,2,simplex,13,4.440892098500626e-16,0.0,3.686683090319228
10,2,simplex,14,0.0,0.0,0.8607826434804124
10,2,simplex,15,3.552713678800501e-15,1.7763568394002505e-15,4.419987715906432
10,2,simplex,16,0.0,0.0,1.1774089372255951
10,2,simplex,17,3.9968028886505635e-15,8.881784197001252e-16,1.8928340438508613
10,2,simplex,18,0.0,0.0,1.3132421135152157
10,2,simplex,19,0.0,3.552713678800501e-15,2.1746799372210077
10,2,random,0,4.440892098500626e-15,3.552713678800501e-15,0.5541492622829765
10,2,random,1,4.440892098500626e-15,3.552713678800501e-15,2.243569406006994
10,2,random,2,4.440892098500626e-16,4.440892098500626e-16,1.0659435004422733
10,2,random,3,1.1102230246251565e-15,2.220446049250313e-16,0.06760766068116553
10,2,random,4,1.7763568394002505e-15,1.7763568394002505e-15,1.4941090805408521
10,2,random,5,1.7763568394002505e-15,2.6645352591003757e-15,2.493739039981186
10,2,random,6,0.0,8.881784197001252e-16,6.46912787039286
10,2,random,7,1.7763568394002505e-15,8.881784197001252e-16,3.959199991703912
10,2,random,8,0.0,1.7763568394002505e-15,0.34507907062662646
10,2,random,9,8.881784197001252e-16,8.881784197001252e-16,4.212083663189745
10,2,random,10,2.220446049250313e-15,3.1086244689504383e-15,1.5298239347612448
10,2,random,11,0.0,8.881784197001252e-16,0.9207999688880726
10,2,random,12,4.440892098500626e-16,4.440892098500626e-16,0.530813835386958
10,2,random,13,0.0,3.552713678800501e-15,3.9216135592763592
10,2,random,14,8.881784197001252e-16,1.7763568394002505e-15,3.327258520192757
10,2,random,15,1.3322676295501878e-15,4.440892098500626e-16,2.167622321818568
10,2,random,16,8.881784197001252e-16,3.552713678800501e-15,0.1015541191443301
10,2,random,17,1.3322676295501878e-15,1.3322676295501878e-15,1.639375864122627
10,2,random,18,2.220446049250313e-15,8.881784197001252e-16,1.265627858391209
10,2,random,19,0.0,0.0,1.8365782142682257
10,3,simplex,0,3.1086244689504383e-15,4.440892098500626e-16,1.552940644041449
10,3,simplex,1,1.7763568394002505e-15,3.552713678800501e-15,0.6256059850861817
10,3,simplex,2,1.7763568394002505e-15,0.0,4.882169748362529
10,3,simplex,3,3.552713678800501e-15,0.0,3.1691546612990678
10,3,simplex,4,1.7763568394002505e-15,1.7763568394002505e-15,0.31827101843688865
10,3,simplex,5,0.0,0.0,1.436887665823697
10,3,simplex,6,2.220446049250313e-16,2.220446049250313e-16,2.3542362618722024
10,3,simplex,7,8.881784197001252e-16,2.6645352591003757e-15,0.5525746642565785
10,3,simplex,8,0.0,1.7763568394002505e-15,3.3647387485054026
10,3,simplex,9,1.7763568394002505e-15,1.7763568394002505e-15,1.808733029476727
10,3,simplex,10,8.881784197001252e-16,0.0,2.3142032252442277
10,3,simplex,11,2.4424906541753444e-15,2.220446049250313e-16,0.9442427361604118
10,3,simplex,12,0.0,0.0,4.0344666417893755
10,3,simplex,13,1.7763568394002505e-15,0.0,0.2653357306475357
10,3,simplex,14,1.7763568394002505e-15,2.6645352591003757e-15,2.5910720291612677
10,3,simplex,15,8.881784197001252e-16,8.881784197001252e-16,0.3397507238276134
10,3,simplex,16,0.0,0.0,1.4334083434629932
10,3,simplex,17,8.881784197001252e-16,1.7763568394002505e-15,2.6941194297745206
10,3,simplex,18,2.4424906541753444e-15,4.440892098500626e-16,1.298611760440238
10,3,simplex,19,1.7763568394002505e-15,4.440892098500626e-16,2.1197923546475437
10,3,random,0,6.661338147750939e-16,6.661338147750939e-16,0.9468343774189449
10,3,random,1,4.440892098500626e-16,1.3322676295501878e-15,1.6972570311432094
10,3,random,2,0.0,0.0,3.397092329134427
10,3,random,3,0.0,1.7763568394002505e-15,2.53521116358376
10,3,random,4,8.881784197001252e-16,1.7763568394002505e-15,2.2708627181233325
10,3,random,5,1.7763568394002505e-15,0.0,1.9387356497150563
10,3,random,6,0.0,0.0,0.7434718501375137
10,3,random,7,0.0,8.881784197001252e-16,0.1517991886101413
10,3,random,8,0.0,0.0,0.5891861353858481
10,3,random,9,0.0,1.7763568394002505e-15,1.38831057010713
10,3,random,10,1.7763568394002505e-15,0.0,1.4322060578089477
10,3,random,11,0.0,8.881784197001252e-16,1.0976985344336398
10,3,random,12,1.3322676295501878e-15,8.881784197001252e-16,2.440566746432065
10,3,random,13,0.0,0.0,1.6904627756863704
10,3,random,14,2.220446049250313e-16,1.7763568394002505e-15,0.230487619917362
10,3,random,15,1.9984014443252818e-15,4.6629367034256575e-15,4.741315721321481
10,3,random,16,6.661338147750939e-16,1.3322676295501878e-15,0.9748426904612124
10,3,random,17,2.220446049250313e-15,4.440892098500626e-16,3.7720677828338687
10,3,random,18,1.3322676295501878e-15,6.661338147750939e-16,6.3729427752414765
10,3,random,19,1.7763568394002505e-15,1.7763568394002505e-15,5.412100661178769
10,4,simplex,0,0.0,0.0,1.3355080066708211
10,4,simplex,1,4.440892098500626e-16,2.220446049250313e-15,2.0591559019657595
10,4,simplex,2,1.7763568394002505e-15,1.7763568394002505e-15,1.558856054043261
10,4,simplex,3,2.220446049250313e-15,2.6645352591003757e-15,3.6289587828242773
10,4,simplex,4,1.3322676295501878e-15,4.440892098500626e-16,1.946582163673547
10,4,simplex,5,3.552713678800501e-15,1.7763568394002505e-15,2.36134296746895
10,4,simplex,6,8.881784197001252e-16,8.881784197001252e-16,4.220163457596861
10,4,simplex,7,0.0,0.0,3.4809570963285097
10,4,simplex,8,3.552713678800501e-15,0.0,6.604428333961934
10,4,simplex,9,8.881784197001252e-16,8.881784197001252e-16,2.512947396537079
10,4,simplex,10,1.7763568394002505e-15,4.440892098500626e-15,2.483434680378764
10,4,simplex,11,4.6629367034256575e-15,4.440892098500626e-16,3.382612128530191
10,4,simplex,12,8.881784197001252e-16,0.0,2.6575830166815066
10,4,simplex,13,1.7763568394002505e-15,1.7763568394002505e-15,3.800703497715695
10,4,simplex,14,4.440892098500626e-16,1.7763568394002505e-15,1.0709373672633404
10,4,simplex,15,0.0,0.0,0.9865710608780809
10,4,simplex,16,1.7763568394002505e-15,3.552713678800501e-15,2.0700070926227596
10,4,simplex,17,3.9968028886505635e-15,3.1363800445660672e-15,1.5495167036236257
10,4,simplex,18,7.105427357601002e-15,3.552713678800501e-15,4.693909294733773
10,4,simplex,19,3.552713678800501e-15,0.0,1.782867316420635
10,4,random,0,1.7763568394002505e-15,1.7763568394002505e-15,3.546556361132243
10,4,random,1,1.7763568394002505e-15,1.7763568394002505e-15,9.017874333216866
10,4,random,2,1.7763568394002505e-15,1.7763568394002505e-15,0.20266409862505697
10,4,random,3,1.3322676295501878e-15,2.220446049250313e-15,2.751117044770467
10,4,random,4,1.7763568394002505e-15,1.7763568394002505e-15,2.7183920264105623
10,4,random,5,0.0,0.0,3.15574651385419
10,4,random,6,0.0,1.7763568394002505e-15,3.4643163175563387
10,4,random,7,1.7763568394002505e-15,3.552713678800501e-15,1.291725038134576
10,4,random,8,8.881784197001252e-16,2.6645352591003757e-15,0.05831439961246332
10,4,random,9,8.881784197001252e-16,8.881784197001252e-16,0.7720616806811726
10,4,random,10,3.552713678800501e-15,1.7763568394002505e-15,2.3986685126689196
10,4,random,11,4.440892098500626e-16,4.440892098500626e-16,2.4216962679517025
10,4,random,12,8.881784197001252e-16,2.6645352591003757e-15,0.5563786211451642
10,4,random,13,3.552713678800501e-15,0.0,0.14110575272819403
10,4,random,14,4.440892098500626e-16,8.881784197001252e-16,5.799264290731351
10,4,random,15,1.3322676295501878e-15,1.7763568394002505e-15,0.22450756986727782
10,4,random,16,1.7763568394002505e-15,3.552713678800501e-15,0.3661362856488424
10,4,random,17,3.552713678800501e-15,5.773159728050814e-15,0.25410034396558956
10,4,random,18,4.218847493575595e-15,0.0,1.160620229282248
10,4,random,19,3.552713678800501e-15,0.0,4.12721865948194
10,5,simplex,0,8.881784197001252e-16,3.552713678800501e-15,0.23956852123624373
10,5,simplex,1,0.0,0.0,1.0348971090476695
10,5,simplex,2,3.552713678800501e-15,0.0,0.2492697532799255
10,5,simplex,3,0.0,8.881784197001252e-16,0.9819450428074248
10,5,simplex,4,0.0,3.552713678800501e-15,3.535968026947941
10,5,simplex,5,2.6645352591003757e-15,8.881784197001252e-16,1.8276110611157357
10,5,simplex,6,1.7763568394002505e-15,0.0,6.70903912456513
10,5,simplex,7,3.552713678800501e-15,0.0,0.3571963539117604
10,5,simplex,8,3.552713678800501e-15,1.7763568394002505e-15,2.799694745397886
10,5,simplex,9,3.552713678800501e-15,1.7763568394002505e-15,0.38353412548880783
10,5,simplex,10,1.7763568394002505e-15,0.0,1.1853683820040217
10,5,simplex,11,1.3322676295501878e-15,4.440892098500626e-16,2.0247000636016494
10,5,simplex,12,7.105427357601002e-15,3.552713678800501e-15,3.1871255731733044
10,5,simplex,13,3.552713678800501e-15,3.552713678800501e-15,0.5174305864278992
10,5,simplex,14,4.884981308350689e-15,5.329070518200751e-15,0.21271569696244796
10,5,simplex,15,2.6645352591003757e-15,1.7763568394002505e-15,0.1952129987899056
10,5,simplex,16,3.552713678800501e-15,2.6645352591003757e-15,0.1595467460242901
10,5,simplex,17,3.552713678800501e-15,3.552713678800501e-15,1.9840190667786572
10,5,simplex,18,8.881784197001252e-16,1.5543122344752192e-15,0.9433157172703517
10,5,simplex,19,1.7763568394002505e-15,1.7763568394002505e-15,0.29206472568784037
10,5,random,0,3.552713678800501e-15,1.3322676295501878e-15,4.211638668747256
10,5,random,1,3.552713678800501e-15,3.552713678800501e-15,1.4936161375881198
10,5,random,2,8.881784197001252e-16,0.0,0.941696230882954
10,5,random,3,2.6645352591003757e-15,8.881784197001252e-16,5.017741904956978
10,5,random,4,0.0,0.0,3.648724134604244
10,5,random,5,7.105427357601002e-15,3.552713678800501e-15,0.030674407774171186
10,5,random,6,2.6645352591003757e-15,8.881784197001252e-16,0.4178042315810728
10,5,random,7,1.7763568394002505e-15,3.552713678800501e-15,1.6000617307026346
10,5,random,8,8.881784197001252e-16,3.1086244689504383e-15,2.5547848549477976
10,5,random,9,2.6645352591003757e-15,1.7763568394002505e-15,1.0069670677134823
10,5,random,10,4.440892098500626e-16,1.3322676295501878e-15,2.2751531168731844
10,5,random,11,3.552713678800501e-15,1.7763568394002505e-15,1.9095014239015242
10,5,random,12,1.7763568394002505e-15,2.6645352591003757e-15,2.425187756824542
10,5,random,13,0.0,0.0,0.18325875700915617
10,5,random,14,0.0,1.7763568394002505e-15,6.000504900098846
10,5,random,15,2.6645352591003757e-15,2.6645352591003757e-15,2.0678495661618044
10,5,random,16,8.881784197001252e-16,8.881784197001252e-16,2.6031387143344347
10,5,random,17,1.7763568394002505e-15,1.7763568394002505e-15,0.08383871881761706
10,5,random,18,2.220446049250313e-15,4.440892098500626e-15,6.583899785782727
10,5,random,19,4.440892098500626e-16,0.0,1.4839794766128804
10,8,simplex,0,3.1086244689504383e-15,8.881784197001252e-16,0.824403858361265
10,8,simplex,1,8.881784197001252e-16,8.881784197001252e-16,1.2517388154015947
10,8,simplex,2,3.552713678800501e-15,1.7763568394002505e-15,2.12704578353177
10,8,simplex,3,7.993605777301127e-15,2.6645352591003757e-15,4.046941040713065
10,8,simplex,4,3.552713678800501e-15,0.0,4.840837630835239
10,8,simplex,5,2.6645352591003757e-15,3.552713678800501e-15,2.0416449352322914
10,8,simplex,6,1.7763568394002505e-15,3.552713678800501e-15,5.736212358296122
10,8,simplex,7,4.440892098500626e-16,4.440892098500626e-16,0.8873221859075642
10,8,simplex,8,3.552713678800501e-15,3.552713678800501e-15,1.0979078590919755
10,8,simplex,9,1.7763568394002505e-15,1.7763568394002505e-15,6.3953646455752775
10,8,simplex,10,0.0,0.0,2.1404300498497975
10,8,simplex,11,7.105427357601002e-15,3.552713678800501e-15,3.765843803579628
10,8,simplex,12,3.552713678800501e-15,3.552713678800501e-15,3.638678153567561
10,8,simplex,13,3.552713678800501e-15,1.7763568394002505e-15,6.27018743147741
10,8,simplex,14,8.881784197001252e-16,7.105427357601002e-15,8.276583858836503
10,8,simplex,15,7.105427357601002e-15,0.0,0.16451101226677167
10,8,simplex,16,0.0,3.552713678800501e-15,2.552045990733916
10,8,simplex,17,7.105427357601002e-15,0.0,1.6884327645269153
10,8,simplex,18,0.0,5.329070518200751e-15,4.442240066072827
10,8,simplex,19,1.7763568394002505e-15,2.6645352591003757e-15,9.575343451550339
10,8,random,0,3.552713678800501e-15,0.0,7.921298298176822
10,8,random,1,1.7763568394002505e-15,5.329070518200751e-15,4.243877424382191
10,8,random,2,3.552713678800501e-15,3.552713678800501e-15,1.8978446121669776
10,8,random,3,4.440892098500626e-16,3.9968028886505635e-15,3.291432012770926
10,8,random,4,2.220446049250313e-15,3.552713678800501e-15,0.1044019553895481
10,8,random,5,7.105427357601002e-15,7.105427357601002e-15,2.4050775517775307
10,8,random,6,3.552713678800501e-15,4.440892098500626e-15,0.9944666978402665
10,8,random,7,1.7763568394002505e-15,1.7763568394002505e-15,0.3742170075726534
10,8,random,8,7.105427357601002e-15,3.552713678800501e-15,2.4822367480837926
10,8,random,9,1.7763568394002505e-15,0.0,2.1691694412536293
10,8,random,10,3.552713678800501e-15,0.0,0.019940998752844052
10,8,random,11,7.105427357601002e-15,1.7763568394002505e-15,4.55999870514222
10,8,random,12,5.329070518200751e-15,1.7763568394002505e-15,3.107467857051084
10,8,random,13,0.0,1.7763568394002505e-15,1.5901603236850406
10,8,random,14,8.881784197001252e-16,0.0,1.2636021862856097
10,8,random,15,1.7763568394002505e-15,0.0,4.8065983130173535
10,8,random,16,0.0,6.217248937900877e-15,1.2507202684887986
10,8,random,17,1.7763568394002505e-15,1.7763568394002505e-15,2.0633544114180324
10,8,random,18,0.0,0.0,0.3255595516292402
10,8,random,19,3.552713678800501e-15,3.552713678800501e-15,0.18031600724221164
11,1,simplex,0,4.440892098500626e-16,4.440892098500626e-16,0.043320073348620536
11,1,simplex,1,2.220446049250313e-16,9.992007221626409e-16,0.7062858157714444
11,1,simplex,2,2.220446049250313e-16,4.440892098500626e-16,1.7424658712935681
11,1,simplex,3,0.0,0.0,0.640127572693741
11,1,simplex,4,6.661338147750939e-16,4.440892098500626e-16,0.10002049104852162
11,1,simplex,5,8.881784197001252e-16,4.440892098500626e-16,0.35964027779780494
11,1,simplex,6,0.0,2.220446049250313e-16,0.524107625007586
11,1,simplex,7,8.881784197001252e-16,8.881784197001252e-16,0.11681287091160897
11,1,simplex,8,0.0,0.0,0.6208636825391043
11,1,simplex,9,8.881784197001252e-16,8.881784197001252e-16,0.662983954729313
11,1,simplex,10,1.1102230246251565e-15,6.661338147750939e-16,0.33656567752746724
11,1,simplex,11,6.661338147750939e-16,0.0,0.007327062675830831
11,1,simplex,12,0.0,0.0,0.16188407762932044
11,1,simplex,13,1.7763568394002505e-15,1.7763568394002505e-15,0.12787668380834383
11,1,simplex,14,4.440892098500626e-16,4.440892098500626e-16,0.5182598387145418
11,1,simplex,15,4.440892098500626e-16,8.881784197001252e-16,0.12432967126049199
11,1,simplex,16,4.440892098500626e-16,4.440892098500626e-16,1.6751218875310903
11,1,simplex,17,4.440892098500626e-16,6.661338147750939e-16,1.4925823260618305
11,1,simplex,18,4.440892098500626e-16,4.440892098500626e-16,0.8988039880755392
11,1,simplex,19,0.0,8.881784197001252e-16,0.3770219896530911
11,1,random,0,1.3322676295501878e-15,0.0,3.6292665482842263
11,1,random,1,0.0,2.220446049250313e-16,0.7053841517483654
11,1,random,2,1.7763568394002505e-15,8.881784197001252e-16,0.7383689855961109
11,1,random,3,0.0,8.881784197001252e-16,0.7800992850224517
11,1,random,4,0.0,4.440892098500626e-16,0.281137715186345
11,1,random,5,0.0,0.0,0.39948783929267595
11,1,random,6,2.220446049250313e-16,4.440892098500626e-16,2.6311486983822028
11,1,random,7,8.326672684688674e-16,6.106226635438361e-16,2.4872405622332963
11,1,random,8,8.881784197001252e-16,4.440892098500626e-16,1.8601747449521664
11,1,random,9,0.0,8.881784197001252e-16,0.4904901095073875
11,1,random,10,0.0,0.0,0.9605581926590805
11,1,random,11,2.220446049250313e-16,1.1102230246251565e-16,0.3128041061218818
11,1,random,12,0.0,8.881784197001252e-16,0.12882730827661115
11,1,random,13,4.440892098500626e-16,8.881784197001252e-16,0.17960724967531672
11,1,random,14,8.881784197001252e-16,4.440892098500626e-16,4.654331677589484
11,1,random,15,8.881784197001252e-16,0.0,0.16408749962066338
11,1,random,16,2.220446049250313e-16,1.1102230246251565e-16,0.03784306281262673
11,1,random,17,0.0,1.7763568394002505e-15,0.2887484416198465
11,1,random,18,0.0,8.881784197001252e-16,1.7845261808521853
11,1,random,19,4.440892098500626e-16,0.0,0.3682432822231565
11,2,simplex,0,1.7763568394002505e-15,0.0,0.6269417768698728
11,2,simplex,1,1.7763568394002505e-15,1.7763568394002505e-15,2.6026461973843595
11,2,simplex,2,1.7763568394002505e-15,2.6645352591003757e-15,1.147699800980753
11,2,simplex,3,4.440892098500626e-16,4.440892098500626e-16,0.6840045113649351
11,2,simplex,4,1.7763568394002505e-15,1.7763568394002505e-15,3.085548929061048
11,2,simplex,5,8.881784197001252e-16,4.440892098500626e-16,1.0040431556686542
11,2,simplex,6,2.220446049250313e-15,2.220446049250313e-15,3.882849369501372
11,2,simplex,7,0.0,1.7763568394002505e-15,4.2745029915136055
11,2,simplex,8,0.0,1.7763568394002505e-15,3.113408853557438
11,2,simplex,9,8.881784197001252e-16,4.440892098500626e-16,3.0057412219295507
11,2,simplex,10,0.0,3.552713678800501e-15,1.8779542130824964
11,2,simplex,11,0.0,0.0,0.11311861752040642
11,2,simplex,12,6.661338147750939e-16,1.1102230246251565e-15,4.681864007596854
11,2,simplex,13,0.0,1.7763568394002505e-15,2.356817773901856
11,2,simplex,14,8.881784197001252e-16,8.881784197001252e-16,4.858379909158
11,2,simplex,15,3.552713678800501e-15,0.0,0.38589805969302304
11,2,simplex,16,0.0,1.7763568394002505e-15,0.02627296969649251
11,2,simplex,17,8.881784197001252e-16,8.881784197001252e-16,1.1621762127459547
11,2,simplex,18,0.0,1.5543122344752192e-15,1.4941838268534724
11,2,simplex,19,0.0,0.0,0.760254502009226
11,2,random,0,0.0,4.440892098500626e-16,0.43876298723598595
11,2,random,1,1.3322676295501878e-15,4.440892098500626e-16,1.0514438876502545
11,2,random,2,1.3322676295501878e-15,3.552713678800501e-15,0.44630860970292474
11,2,random,3,8.881784197001252e-16,0.0,0.565637048137873
11,2,random,4,8.881784197001252e-16,8.881784197001252e-16,0.9651525019158171
11,2,random,5,2.220446049250313e-16,6.661338147750939e-16,1.1019193298335566
11,2,random,6,1.3322676295501878e-15,8.881784197001252e-16,1.7079675975109083
11,2,random,7,3.552713678800501e-15,7.105427357601002e-15,0.8711957427686574
11,2,random,8,0.0,0.0,1.5937333762524304
11,2,random,9,8.881784197001252e-16,1.7763568394002505e-15,0.150229427023719
11,2,random,10,1.7763568394002505e-15,0.0,2.17883298341264
11,2,random,11,1.3322676295501878e-15,2.220446049250313e-16,2.553659824579597
11,2,random,12,1.7763568394002505e-15,1.7763568394002505e-15,2.889851277312925
11,2,random,13,2.220446049250313e-15,8.881784197001252e-16,0.7816319775245262
11,2,random,14,6.661338147750939e-16,0.0,0.27185793520530055
11,2,random,15,1.3322676295501878e-15,4.440892098500626e-16,0.218653086110546
11,2,random,16,2.6645352591003757e-15,4.440892098500626e-16,2.3119655041439593
11,2,random,17,0.0,1.3322676295501878e-15,1.9171033933633765
11,2,random,18,8.881784197001252e-16,1.7763568394002505e-15,0.5547480048199898
11,2,random,19,0.0,1.7763568394002505e-15,3.3977475295938717
11,3,simplex,0,3.552713678800501e-15,8.881784197001252e-16,1.4323026151023655
11,3,simplex,1,0.0,0.0,0.48828118782675034
11,3,simplex,2,8.881784197001252e-16,8.881784197001252e-16,2.7756373031759836
11,3,simplex,3,1.7763568394002505e-15,0.0,3.062820618523112
11,3,simplex,4,8.881784197001252e-16,8.881784197001252e-16,3.3276239106591987
11,3,simplex,5,0.0,8.881784197001252e-16,0.8273714869179862
11,3,simplex,6,4.440892098500626e-16,1.3322676295501878e-15,2.200416147173165
11,3,simplex,7,3.552713678800501e-15,0.0,1.7770393373827922
11,3,simplex,8,1.7763568394002505e-15,1.7763568394002505e-15,2.598179556276147
11,3,simplex,9,8.881784197001252e-16,8.881784197001252e-16,1.1325109706341756
11,3,simplex,10,1.5543122344752192e-15,6.661338147750939e-16,1.8591652481587388
11,3,simplex,11,2.220446049250313e-16,1.3322676295501878e-15,3.084806190705031
11,3,simplex,12,8.881784197001252e-16,2.6645352591003757e-15,2.397369502899952
11,3,simplex,13,0.0,0.0,3.43171705439795
11,3,simplex,14,1.7763568394002505e-15,0.0,1.642209207040544
11,3,simplex,15,2.6645352591003757e-15,1.3322676295501878e-15,4.2573470442042485
11,3,simplex,16,1.7763568394002505e-15,0.0,1.4466932335134093
11,3,simplex,17,1.7763568394002505e-15,1.7763568394002505e-15,0.6504376767604896
11,3,simplex,18,2.6645352591003757e-15,4.440892098500626e-16,3.1023673315167173
11,3,simplex,19,1.3322676295501878e-15,1.7763568394002505e-15,4.294944838212842
11,3,random,0,8.881784197001252e-16,8.881784197001252e-16,0.38932467874774446
11,3,random,1,0.0,1.7763568394002505e-15,2.396355985401488
11,3,random,2,1.1102230246251565e-15,4.440892098500626e-16,4.059940823403323
11,3,random,3,4.440892098500626e-16,3.1086244689504383e-15,2.1322662245085944
11,3,random,4,1.3322676295501878e-15,4.440892098500626e-16,1.836225338837739
11,3,random,5,3.552713678800501e-15,0.0,0.37062476190267546
11,3,random,6,2.6645352591003757e-15,0.0,1.535453688058979
11,3,random,7,1.7763568394002505e-15,3.552713678800501e-15,0.17357925537039876
11,3,random,8,8.881784197001252e-16,8.881784197001252e-16,0.8642657475306379
11,3,random,9,2.220446049250313e-15,1.7763568394002505e-15,1.3117752390100073
11,3,random,10,8.881784197001252e-16,8.881784197001252e-16,0.7490554066040076
11,3,random,11,4.440892098500626e-16,4.440892098500626e-16,3.965954199570586
11,3,random,12,1.7763568394002505e-15,8.881784197001252e-16,3.761845324891784
11,3,random,13,1.7763568394002505e-15,1.7763568394002505e-15,3.8999551858037336
11,3,random,14,0.0,1.7763568394002505e-15,0.04920721579682308
11,3,random,15,2.6645352591003757e-15,1.7763568394002505e-15,2.7859847201350476
11,3,random,16,1.3322676295501878e-15,6.661338147750939e-16,1.2110012891026969
11,3,random,17,8.881784197001252e-16,1.7763568394002505e-15,8.412493857129405
11,3,random,18,1.7763568394002505e-15,0.0,3.7648109056416956
11,3,random,19,1.7763568394002505e-15,1.7763568394002505e-15,2.5281290448044658
11,4,simplex,0,8.881784197001252e-16,4.440892098500626e-16,3.1793611618332562
11,4,simplex,1,1.9984014443252818e-15,3.1086244689504383e-15,2.569176502489391
11,4,simplex,2,0.0,0.0,2.4567300051048875
11,4,simplex,3,1.7763568394002505e-15,1.7763568394002505e-15,1.8375197999607025
11,4,simplex,4,5.329070518200751e-15,1.7763568394002505e-15,1.7557508651822218
11,4,simplex,5,1.7763568394002505e-15,0.0,0.9735681197528745
11,4,simplex,6,0.0,1.7763568394002505e-15,1.8104652363837204
11,4,simplex,7,7.105427357601002e-15,3.552713678800501e-15,4.608386698116949
11,4,simplex,8,1.7763568394002505e-15,1.7763568394002505e-15,2.5981365910885614
11,4,simplex,9,4.440892098500626e-16,2.220446049250313e-15,0.8499808578891006
11,4,simplex,10,3.552713678800501e-15,1.7763568394002505e-15,1.2223209491794407
11,4,simplex,11,0.0,1.7763568394002505e-15,1.7210236179730138
11,4,simplex,12,3.552713678800501e-15,3.552713678800501e-15,0.6506655563776889
11,4,simplex,13,8.881784197001252e-16,0.0,7.024783647400344
11,4,simplex,14,0.0,3.552713678800501e-15,2.212817542185956
11,4,simplex,15,0.0,1.7763568394002505e-15,4.031304534251312
11,4,simplex,16,1.7763568394002505e-15,1.7763568394002505e-15,3.138501868770554
11,4,simplex,17,4.440892098500626e-15,3.552713678800501e-15,0.20145613317685473
11,4,simplex,18,3.552713678800501e-15,0.0,2.48471027010946
11,4,simplex,19,3.552713678800501e-15,8.881784197001252e-16,0.7091220792161153
11,4,random,0,1.7763568394002505e-15,1.7763568394002505e-15,2.455025436232326
11,4,random,1,0.0,1.7763568394002505e-15,3.16801172053591
11,4,random,2,1.7763568394002505e-15,4.440892098500626e-16,1.9428456923273743
11,4,random,3,0.0,3.552713678800501e-15,3.098645873014924
11,4,random,4,0.0,1.7763568394002505e-15,0.7627731627604817
11,4,random,5,1.7763568394002505e-15,1.3322676295501878e-15,4.599475288420418
11,4,random,6,8.881784197001252e-16,8.881784197001252e-16,1.101949803818151
11,4,random,7,8.881784197001252e-16,2.220446049250313e-15,4.228778694611869
11,4,random,8,2.6645352591003757e-15,8.881784197001252e-16,4.924964304116891
11,4,random,9,0.0,1.7763568394002505e-15,2.0404979302399724
11,4,random,10,3.552713678800501e-15,0.0,4.26491370726616
11,4,random,11,3.552713678800501e-15,3.552713678800501e-15,4.192131808195542
11,4,random,12,1.7763568394002505e-15,0.0,2.606471999300169
11,4,random,13,1.7763568394002505e-15,1.3322676295501878e-15,0.025971223282006406
11,4,random,14,0.0,0.0,1.7673584841706855
11,4,random,15,1.7763568394002505e-15,2.6645352591003757e-15,1.1816847460871465
11,4,random,16,1.7763568394002505e-15,1.7763568394002505e-15,0.656043129309694
11,4,random,17,1.9984014443252818e-15,1.7763568394002505e-15,3.1307004550803796
11,4,random,18,3.552713678800501e-15,1.7763568394002505e-15,1.8179770423697583
11,4,random,19,0.0,3.552713678800501e-15,8.839157952750732
11,5,simplex,0,1.7763568394002505e-15,0.0,4.423704856595975
11,5,simplex,1,8.881784197001252e-16,0.0,1.9298109462646522
11,5,simplex,2,8.881784197001252e-16,4.440892098500626e-16,0.31320903715757
11,5,simplex,3,1.7763568394002505e-15,4.440892098500626e-15,2.32704277078156
11,5,simplex,4,3.552713678800501e-15,3.552713678800501e-15,1.8496578713785325
11,5,simplex,5,2.6645352591003757e-15,1.3322676295501878e-15,2.446640825709757
11,5,simplex,6,8.881784197001252e-16,0.0,0.36430029462979263
11,5,simplex,7,8.881784197001252e-16,2.6645352591003757e-15,7.109982721270136
11,5,simplex,8,8.881784197001252e-16,1.3322676295501878e-15,1.2379936913677412
11,5,simplex,9,3.9968028886505635e-15,2.6645352591003757e-15,0.955149425654028
11,5,simplex,10,8.881784197001252e-16,2.6645352591003757e-15,1.1356906958430777
11,5,simplex,11,1.7763568394002505e-15,1.7763568394002505e-15,2.5226511003484617
11,5,simplex,12,7.105427357601002e-15,3.552713678800501e-15,1.7664419735976509
11,5,simplex,13,2.6645352591003757e-15,2.220446049250313e-16,0.7738966332859434
11,5,simplex,14,1.7763568394002505e-15,2.6645352591003757e-15,5.929087421804816
11,5,simplex,15,0.0,1.3322676295501878e-15,3.171511789484562
11,5,simplex,16,1.7763568394002505e-15,1.7763568394002505e-15,6.138767769714892
11,5,simplex,17,1.7763568394002505e-15,2.6645352591003757e-15,2.1999278739596093
11,5,simplex,18,5.329070518200751e-15,1.7763568394002505e-15,6.271917962974236
11,5,simplex,19,5.329070518200751e-15,0.0,3.8894748772658687
11,5,random,0,8.881784197001252e-16,3.552713678800501e-15,2.022933612528149
11,5,random,1,1.7763568394002505e-15,0.0,1.536653860423499
11,5,random,2,0.0,1.7763568394002505e-15,2.906494605641143
11,5,random,3,0.0,0.0,1.9561413980977918
11,5,random,4,5.329070518200751e-15,3.552713678800501e-15,1.0124044921927862
11,5,random,5,3.552713678800501e-15,1.7763568394002505e-15,4.155049075039443
11,5,random,6,1.7763568394002505e-15,4.440892098500626e-16,5.692324780799922
11,5,random,7,1.7763568394002505e-15,1.7763568394002505e-15,10.473290358732221
11,5,random,8,1.7763568394002505e-15,3.552713678800501e-15,5.580957558760019
11,5,random,9,7.105427357601002e-15,3.552713678800501e-15,0.9617803471333843
11,5,random,10,0.0,8.881784197001252e-16,0.8972080285882029
11,5,random,11,5.329070518200751e-15,0.0,4.4056447074514296
11,5,random,12,2.6645352591003757e-15,1.6653345369377348e-15,0.8050897173768234
11,5,random,13,3.552713678800501e-15,8.881784197001252e-16,1.4582302683068633
11,5,random,14,0.0,0.0,2.032685424308042
11,5,random,15,8.881784197001252e-16,3.552713678800501e-15,6.4970903123625945
11,5,random,16,3.552713678800501e-15,0.0,1.5415627604438242
11,5,random,17,3.552713678800501e-15,1.7763568394002505e-15,2.238463310798096
11,5,random,18,0.0,0.0,2.2892224128139347
11,5,random,19,0.0,4.440892098500626e-15,0.9458147323096426
11,8,simplex,0,5.329070518200751e-15,1.7763568394002505e-15,0.24750705430999176
11,8,simplex,1,7.105427357601002e-15,7.105427357601002e-15,6.513124294051622
11,8,simplex,2,3.552713678800501e-15,0.0,1.2165003008838084
11,8,simplex,3,7.105427357601002e-15,0.0,2.2229227468046275
11,8,simplex,4,8.881784197001252e-16,0.0,1.9676983069636549
11,8,simplex,5,2.220446049250313e-15,4.440892098500626e-16,2.9444168467083216
11,8,simplex,6,1.7763568394002505e-15,8.881784197001252e-16,3.2688941979925374
11,8,simplex,7,7.105427357601002e-15,7.105427357601002e-15,2.6384500955036003
11,8,simplex,8,1.6653345369377348e-15,3.219646771412954e-15,4.260720221756202
11,8,simplex,9,8.881784197001252e-16,5.329070518200751e-15,0.2876315350436016
11,8,simplex,10,3.552713678800501e-15,0.0,14.374796215653049
11,8,simplex,11,7.105427357601002e-15,3.552713678800501e-15,3.764628334203614
11,8,simplex,12,1.7763568394002505e-15,3.9968028886505635e-15,5.030803866665636
11,8,simplex,13,3.552713678800501e-15,7.105427357601002e-15,2.629039120174923
11,8,simplex,14,0.0,0.0,0.3042160860541969
11,8,simplex,15,3.552713678800501e-15,0.0,4.163097000786635
11,8,simplex,16,0.0,1.7763568394002505e-15,4.843498800876603
11,8,simplex,17,0.0,3.552713678800501e-15,0.04134957663462302
11,8,simplex,18,0.0,0.0,3.747120050575191
11,8,simplex,19,3.552713678800501e-15,1.7763568394002505e-15,8.084744238621013
11,8,random,0,0.0,0.0,1.8565475810072982
11,8,random,1,2.6645352591003757e-15,4.440892098500626e-16,5.102461136507969
11,8,random,2,5.329070518200751e-15,3.552713678800501e-15,0.7465647436470562
11,8,random,3,1.7763568394002505e-15,3.552713678800501e-15,0.9888537703371441
11,8,random,4,3.552713678800501e-15,7.105427357601002e-15,0.4048686052198036
11,8,random,5,0.0,0.0,3.0222167859270286
11,8,random,6,1.7763568394002505e-15,3.552713678800501e-15,2.323394913726588
11,8,random,7,3.552713678800501e-15,7.105427357601002e-15,1.9295453017504514
11,8,random,8,3.552713678800501e-15,8.881784197001252e-15,2.574577364686874
11,8,random,9,0.0,3.552713678800501e-15,3.5508757521656804
11,8,random,10,4.440892098500626e-16,2.6645352591003757e-15,6.340822154371352
11,8,random,11,1.7763568394002505e-15,3.552713678800501e-15,2.121506784960559
11,8,random,12,4.440892098500626e-15,3.552713678800501e-15,3.6439229344277493
11,8,random,13,0.0,1.3322676295501878e-15,0.4029155804144082
11,8,random,14,8.881784197001252e-16,3.552713678800501e-15,1.6099750829197603
11,8,random,15,8.881784197001252e-16,8.881784197001252e-16,6.194845947969242
11,8,random,16,5.329070518200751e-15,7.105427357601002e-15,4.253451315697269
11,8,random,17,0.0,1.7763568394002505e-15,1.4849001607821322
11,8,random,18,4.440892098500626e-15,5.773159728050814e-15,1.6409197894997476
11,8,random,19,1.7763568394002505e-15,3.552713678800501e-15,4.307394902755306
12,1,simplex,0,4.440892098500626e-16,0.0,0.675430003137766
12,1,simplex,1,1.7763568394002505e-15,1.7763568394002505e-15,1.213641836070595
12,1,simplex,2,4.440892098500626e-16,4.440892098500626e-16,0.253108483593806
12,1,simplex,3,0.0,4.440892098500626e-16,0.06514083798644776
12,1,simplex,4,2.220446049250313e-16,2.220446049250313e-16,0.20960524666206126
12,1,simplex,5,4.440892098500626e-16,0.0,0.10955987869396644
12,1,simplex,6,0.0,2.220446049250313e-16,1.4018936347932272
12,1,simplex,7,8.881784197001252e-16,0.0,0.02989424328105983
12,1,simplex,8,8.881784197001252e-16,8.881784197001252e-16,0.02072812231312149
12,1,simplex,9,1.7763568394002505e-15,1.7763568394002505e-15,0.002809682589273832
12,1,simplex,10,2.220446049250313e-16,2.220446049250313e-16,1.8276551902391134
12,1,simplex,11,8.881784197001252e-16,8.881784197001252e-16,0.23191813653150417
12,1,simplex,12,0.0,0.0,1.3002934603190144
12,1,simplex,13,0.0,4.440892098500626e-16,1.4467741861717567
12,1,simplex,14,0.0,0.0,1.2566272666454168
12,1,simplex,15,0.0,4.440892098500626e-16,0.3953335953064574
12,1,simplex,16,4.440892098500626e-16,4.440892098500626e-16,1.4491198213110188
12,1,simplex,17,8.881784197001252e-16,4.440892098500626e-16,0.6296035509265065
12,1,simplex,18,2.220446049250313e-16,4.440892098500626e-16,1.9223222189304456
12,1,simplex,19,5.551115123125783e-17,1.6653345369377348e-16,0.7602613881577249
12,1,random,0,8.881784197001252e-16,8.881784197001252e-16,2.9995885100833206
12,1,random,1,0.0,4.440892098500626e-16,1.9182468813080047
12,1,random,2,2.220446049250313e-16,2.220446049250313e-16,0.08566278570508112
12,1,random,3,4.440892098500626e-16,8.881784197001252e-16,0.7799931432444165
12,1,random,4,4.440892098500626e-16,4.440892098500626e-16,1.5525876651035784
12,1,random,5,4.440892098500626e-16,3.3306690738754696e-16,0.002477909090031094
12,1,random,6,1.3322676295501878e-15,4.440892098500626e-16,0.48016890924997924
12,1,random,7,0.0,4.440892098500626e-16,0.1906696823551579
12,1,random,8,4.440892098500626e-16,4.440892098500626e-16,0.40662333343600743
12,1,random,9,8.881784197001252e-16,2.220446049250313e-16,2.00387417190684
12,1,random,10,8.881784197001252e-16,6.661338147750939e-16,0.28891716280239876
12,1,random,11,0.0,0.0,0.1929508752428557
12,1,random,12,0.0,0.0,5.332340441090725
12,1,random,13,0.0,0.0,0.3718415208707304
12,1,random,14,0.0,1.1102230246251565e-15,1.889130174910937
12,1,random,15,8.881784197001252e-16,0.0,0.44981317732030934
12,1,random,16,0.0,0.0,0.3090299089634563
12,1,random,17,0.0,8.881784197001252e-16,0.5600467171990242
12,1,random,18,0.0,0.0,0.3778634998720438
12,1,random,19,8.881784197001252e-16,8.881784197001252e-16,1.1922249498069988
12,2,simplex,0,4.440892098500626e-16,1.3322676295501878e-15,2.3498913642766315
12,2,simplex,1,0.0,1.7763568394002505e-15,2.227860136106873
12,2,simplex,2,1.7763568394002505e-15,1.7763568394002505e-15,0.732389006753813
12,2,simplex,3,1.7763568394002505e-15,2.220446049250313e-15,2.0943448191982412
12,2,simplex,4,3.552713678800501e-15,7.105427357601002e-15,2.6449479845936184
12,2,simplex,5,0.0,0.0,4.641995742998493
12,2,simplex,6,8.881784197001252e-16,8.881784197001252e-16,0.41914132996707565
12,2,simplex,7,1.7763568394002505e-15,0.0,1.2841117432803202
12,2,simplex,8,0.0,0.0,1.5256859615272802
12,2,simplex,9,1.3322676295501878e-15,4.440892098500626e-16,4.701231240366175
12,2,simplex,10,1.2212453270876722e-15,2.220446049250313e-16,1.510179192984502
12,2,simplex,11,1.7763568394002505e-15,1.3322676295501878e-15,0.044724829337653205
12,2,simplex,12,3.552713678800501e-15,0.0,0.5492355746664686
12,2,simplex,13,4.440892098500626e-16,1.3322676295501878e-15,2.3493382898339306
12,2,simplex,14,0.0,0.0,0.7892538241744447
12,2,simplex,15,2.220446049250313e-15,3.9968028886505635e-15,2.6618785493205372
12,2,simplex,16,1.7763568394002505e-15,1.7763568394002505e-15,1.401892331571851
12,2,simplex,17,2.220446049250313e-15,8.881784197001252e-16,1.6174423875932362
12,2,simplex,18,2.220446049250313e-15,1.7763568394002505e-15,2.0988524605983727
12,2,simplex,19,8.881784197001252e-16,1.7763568394002505e-15,0.3795548304778542
12,2,random,0,0.0,3.552713678800501e-15,3.0382412187454406
12,2,random,1,3.1086244689504383e-15,0.0,3.320518602209569
12,2,random,2,2.220446049250313e-16,2.220446049250313e-16,0.03330155839749693
12,2,random,3,1.3322676295501878e-15,1.3322676295501878e-15,1.7128625031371314
12,2,random,4,3.552713678800501e-15,1.7763568394002505e-15,0.8556808915492304
12,2,random,5,8.881784197001252e-16,0.0,0.14480693916538812
12,2,random,6,0.0,0.0,6.867649805600497
12,2,random,7,8.881784197001252e-16,8.881784197001252e-16,1.891394090711735
12,2,random,8,2.4424906541753444e-15,2.220446049250313e-16,1.986464357724767
12,2,random,9,8.881784197001252e-16,1.7763568394002505e-15,3.0411169150904485
12,2,random,10,6.661338147750939e-16,6.661338147750939e-16,3.6044689085701798
12,2,random,11,0.0,8.881784197001252e-16,0.07809158469185817
12,2,random,12,9.992007221626409e-16,1.7763568394002505e-15,4.475687566004218
12,2,random,13,3.552713678800501e-15,3.552713678800501e-15,4.623949885695048
12,2,random,14,1.7763568394002505e-15,0.0,1.5276466188190128
12,2,random,15,0.0,1.7763568394002505e-15,1.4578826828213156
12,2,random,16,1.7763568394002505e-15,0.0,0.24631437031236203
12,2,random,17,1.7763568394002505e-15,1.7763568394002505e-15,5.0504192799140935
12,2,random,18,0.0,0.0,0.17903789680662818
12,2,random,19,4.440892098500626e-16,1.7763568394002505e-15,2.578023360618573
12,3,simplex,0,0.0,0.0,0.6332186944849738
12,3,simplex,1,2.220446049250313e-16,2.220446049250313e-15,7.895450370978786
12,3,simplex,2,0.0,4.440892098500626e-16,1.990797062646518
12,3,simplex,3,1.7763568394002505e-15,1.7763568394002505e-15,0.6941644881079512
12,3,simplex,4,0.0,0.0,2.6037042761240414
12,3,simplex,5,2.220446049250313e-16,6.661338147750939e-16,2.047120342165769
12,3,simplex,6,2.6645352591003757e-15,2.6645352591003757e-15,1.5232808698538491
12,3,simplex,7,1.7763568394002505e-15,0.0,0.2572519326093019
12,3,simplex,8,8.881784197001252e-16,0.0,0.5341629014817002
12,3,simplex,9,1.7763568394002505e-15,4.440892098500626e-16,1.2449370088101013
12,3,simplex,10,0.0,1.7763568394002505e-15,2.458615925286537
12,3,simplex,11,3.552713678800501e-15,8.881784197001252e-16,1.6132260386690973
12,3,simplex,12,8.881784197001252e-16,3.552713678800501e-15,0.9788885754336718
12,3,simplex,13,3.552713678800501e-15,7.105427357601002e-15,0.7279856961508671
12,3,simplex,14,1.7763568394002505e-15,1.7763568394002505e-15,3.6689723260128915
12,3,simplex,15,4.440892098500626e-16,1.3322676295501878e-15,0.03069135933288436
12,3,simplex,16,8.881784197001252e-16,1.7763568394002505e-15,0.6245308038618447
12,3,simplex,17,0.0,3.552713678800501e-15,0.11719338418899206
12,3,simplex,18,3.552713678800501e-15,0.0,0.34173939825114985
12,3,simplex,19,3.552713678800501e-15,0.0,4.837553502146914
12,3,random,0,0.0,0.0,1.0153675438015313
12,3,random,1,0.0,4.440892098500626e-16,2.877465527189486
12,3,random,2,1.1102230246251565e-16,1.1102230246251565e-16,0.00681236395235274
12,3,random,3,0.0,1.7763568394002505e-15,0.65926144607986
12,3,random,4,0.0,1.3322676295501878e-15,5.287092834752663
12,3,random,5,0.0,1.7763568394002505e-15,0.5716271395006203
12,3,random,6,3.552713678800501e-15,1.7763568394002505e-15,1.1973126755722028
12,3,random,7,0.0,2.6645352591003757e-15,0.26630886584846536
12,3,random,8,0.0,1.7763568394002505e-15,0.5056673418519679
12,3,random,9,2.6645352591003757e-15,2.6645352591003757e-15,2.1438531692762055
12,3,random,10,8.881784197001252e-16,4.440892098500626e-16,1.3121936666388372
12,3,random,11,0.0,1.7763568394002505e-15,3.337494362921337
12,3,random,12,1.7763568394002505e-15,1.3322676295501878e-15,3.97897297520851
12,3,random,13,4.440892098500626e-16,3.9968028886505635e-15,3.1862187254148324
12,3,random,14,1.7763568394002505e-15,0.0,1.2842118590645626
12,3,random,15,8.881784197001252e-16,1.7763568394002505e-15,1.222366262628654
12,3,random,16,4.440892098500626e-15,0.0,3.3612271483152423
12,3,random,17,1.7763568394002505e-15,1.7763568394002505e-15,3.22582446352898
12,3,random,18,8.881784197001252e-16,8.881784197001252e-16,1.6675117664619954
12,3,random,19,4.440892098500626e-15,3.552713678800501e-15,3.198965946256113
12,4,simplex,0,0.0,1.7763568394002505e-15,4.195327673067219
12,4,simplex,1,4.440892098500626e-16,0.0,1.4957181445878263
12,4,simplex,2,3.552713678800501e-15,8.881784197001252e-16,0.3822454022024928
12,4,simplex,3,8.881784197001252e-16,4.440892098500626e-16,0.27040363523108724
12,4,simplex,4,4.440892098500626e-16,1.7763568394002505e-15,2.8351311898074982
12,4,simplex,5,1.7763568394002505e-15,4.440892098500626e-16,0.0885119157077412
12,4,simplex,6,1.7763568394002505e-15,1.7763568394002505e-15,0.8011842851204278
12,4,simplex,7,4.440892098500626e-16,2.4424906541753444e-15,1.6262313968598079
12,4,simplex,8,8.881784197001252e-16,0.0,0.3093033278668855
12,4,simplex,9,2.6645352591003757e-15,1.3322676295501878e-15,9.074758965206868
12,4,simplex,10,1.7763568394002505e-15,3.552713678800501e-15,4.541675019843655
12,4,simplex,11,8.881784197001252e-16,8.881784197001252e-16,0.5768768906514232
12,4,simplex,12,1.7763568394002505e-15,0.0,0.3012520161796779
12,4,simplex,13,0.0,1.7763568394002505e-15,6.049223526027163
12,4,simplex,14,5.329070518200751e-15,3.552713678800501e-15,2.327509951917367
12,4,simplex,15,1.7763568394002505e-15,3.552713678800501e-15,1.9340286356677794
12,4,simplex,16,8.881784197001252e-16,4.440892098500626e-16,7.522288113738199
12,4,simplex,17,1.7763568394002505e-15,3.552713678800501e-15,0.4123417037215873
12,4,simplex,18,0.0,0.0,4.2977681116703295
12,4,simplex,19,4.440892098500626e-16,4.440892098500626e-16,3.4620682252110413
12,4,random,0,1.7763568394002505e-15,3.552713678800501e-15,0.9373993088040535
12,4,random,1,0.0,0.0,2.8644544881874303
12,4,random,2,0.0,1.7763568394002505e-15,4.275809336407203
12,4,random,3,8.881784197001252e-16,8.881784197001252e-16,1.6157777334584544
12,4,random,4,0.0,3.552713678800501e-15,1.7133638067997161
12,4,random,5,0.0,0.0,9.13928473243299
12,4,random,6,1.7763568394002505e-15,1.7763568394002505e-15,1.071380113052129
12,4,random,7,8.881784197001252e-16,1.7763568394002505e-15,0.927757669345155
12,4,random,8,0.0,3.552713678800501e-15,1.9066577406909886
12,4,random,9,1.7763568394002505e-15,0.0,1.4181865095204316
12,4,random,10,1.9984014443252818e-15,4.440892098500626e-15,5.396677457056086
12,4,random,11,3.552713678800501e-15,0.0,1.470313492142438
12,4,random,12,0.0,2.6645352591003757e-15,0.9651481940941622
12,4,random,13,1.7763568394002505e-15,0.0,5.685086222741955
12,4,random,14,1.7763568394002505e-15,3.552713678800501e-15,3.4251502220839285
12,4,random,15,1.7763568394002505e-15,1.7763568394002505e-15,1.242524890989955
12,4,random,16,1.7763568394002505e-15,2.6645352591003757e-15,0.1672904172763907
12,4,random,17,2.6645352591003757e-15,1.3322676295501878e-15,1.7940592900934753
12,4,random,18,2.220446049250313e-15,1.7763568394002505e-15,7.936707187643329
12,4,random,19,7.105427357601002e-15,3.552713678800501e-15,0.5013011196484953
12,5,simplex,0,2.6645352591003757e-15,1.7763568394002505e-15,1.4715106371031226
12,5,simplex,1,0.0,0.0,7.841543794518103
12,5,simplex,2,1.3322676295501878e-15,3.552713678800501e-15,4.043775961705499
12,5,simplex,3,4.440892098500626e-16,1.3322676295501878e-15,8.10868701218503
12,5,simplex,4,3.552713678800501e-15,3.552713678800501e-15,1.0626403251367549
12,5,simplex,5,3.552713678800501e-15,8.881784197001252e-16,2.015462922498493
12,5,simplex,6,3.552713678800501e-15,0.0,0.8999074116521086
12,5,simplex,7,2.6645352591003757e-15,2.6645352591003757e-15,6.88354439529477
12,5,simplex,8,5.329070518200751e-15,1.7763568394002505e-15,2.312269585819166
12,5,simplex,9,3.552713678800501e-15,1.7763568394002505e-15,1.0413439976937298
12,5,simplex,10,3.774758283725532e-15,3.552713678800501e-15,9.3187718785565
12,5,simplex,11,8.881784197001252e-16,0.0,5.19855259260963
12,5,simplex,12,2.6645352591003757e-15,2.220446049250313e-15,1.547906017599395
12,5,simplex,13,1.7763568394002505e-15,5.329070518200751e-15,1.2164414547369162
12,5,simplex,14,4.440892098500626e-16,2.6645352591003757e-15,0.34027151077187767
12,5,simplex,15,5.329070518200751e-15,3.552713678800501e-15,5.042059933281095
12,5,simplex,16,3.9968028886505635e-15,3.1086244689504383e-15,4.479374851233125
12,5,simplex,17,3.552713678800501e-15,1.7763568394002505e-15,2.7901836471287282
12,5,simplex,18,3.552713678800501e-15,1.7763568394002505e-15,4.051504871683804
12,5,simplex,19,2.6645352591003757e-15,8.881784197001252e-16,4.871638310078438
12,5,random,0,4.440892098500626e-16,0.0,0.44333326317557464
12,5,random,1,0.0,3.552713678800501e-15,1.7089820614438125
12,5,random,2,4.440892098500626e-15,0.0,0.2741314644552659
12,5,random,3,1.7763568394002505e-15,3.552713678800501e-15,0.010054070308221696
12,5,random,4,1.7763568394002505e-15,8.881784197001252e-16,3.0061394371674766
12,5,random,5,6.661338147750939e-16,4.440892098500626e-16,1.039916674639315
12,5,random,6,1.7763568394002505e-15,0.0,3.4558648819326407
12,5,random,7,3.3306690738754696e-16,1.1102230246251565e-15,4.15706935055249
12,5,random,8,2.6645352591003757e-15,1.7763568394002505e-15,1.262463272435248
12,5,random,9,0.0,2.6645352591003757e-15,4.468294829013352
12,5,random,10,0.0,1.7763568394002505e-15,3.0208498037599583
12,5,random,11,1.7763568394002505e-15,8.881784197001252e-16,6.927458160127536
12,5,random,12,2.220446049250313e-16,0.0,6.110822907272777
12,5,random,13,8.881784197001252e-16,4.440892098500626e-15,0.5507333334886617
12,5,random,14,4.440892098500626e-15,4.440892098500626e-15,3.362896705577164
12,5,random,15,2.6645352591003757e-15,4.440892098500626e-15,0.33887266000527916
12,5,random,16,1.7763568394002505e-15,1.7763568394002505e-15,1.8982299150892814
12,5,random,17,1.7763568394002505e-15,1.7763568394002505e-15,1.2225581990925996
12,5,random,18,3.1086244689504383e-15,2.6645352591003757e-15,4.0609871494219405
12,5,random,19,2.6645352591003757e-15,1.7763568394002505e-15,0.7592114491025939
12,8,simplex,0,0.0,3.552713678800501e-15,1.7690383038166857
12,8,simplex,1,8.881784197001252e-16,0.0,4.744554858110654
12,8,simplex,2,0.0,0.0,2.472530046152343
12,8,simplex,3,0.0,3.552713678800501e-15,2.637606831846938
12,8,simplex,4,0.0,1.7763568394002505e-15,0.8317671139374738
12,8,simplex,5,1.7763568394002505e-15,3.552713678800501e-15,1.3903469963685637
12,8,simplex,6,3.552713678800501e-15,1.3322676295501878e-15,6.016588296421887
12,8,simplex,7,1.7763568394002505e-15,1.7763568394002505e-15,3.438706398902468
12,8,simplex,8,1.7763568394002505e-15,5.329070518200751e-15,5.837421395752429
12,8,simplex,9,3.552713678800501e-15,3.552713678800501e-15,2.751907258684952
12,8,simplex,10,8.881784197001252e-16,2.6645352591003757e-15,0.7534712040816132
12,8,simplex,11,1.7763568394002505e-15,2.6645352591003757e-15,1.0341040181903622
12,8,simplex,12,2.6645352591003757e-15,8.881784197001252e-16,3.9381267918129055
12,8,simplex,13,0.0,0.0,4.228183643637095
12,8,simplex,14,0.0,1.7763568394002505e-15,6.736680696742724
12,8,simplex,15,8.881784197001252e-16,2.6645352591003757e-15,2.9239573126669356
12,8,simplex,16,3.9968028886505635e-15,1.3322676295501878e-15,6.422007982287283
12,8,simplex,17,3.1086244689504383e-15,3.552713678800501e-15,0.4840096511479146
12,8,simplex,18,3.552713678800501e-15,0.0,1.6073750012394328
12,8,simplex,19,3.552713678800501e-15,7.105427357601002e-15,0.8557739057539919
12,8,random,0,1.7763568394002505e-15,3.552713678800501e-15,2.53363806004441
12,8,random,1,7.105427357601002e-15,0.0,3.7525560804506455
12,8,random,2,3.552713678800501e-15,3.552713678800501e-15,1.8057543884800182
12,8,random,3,3.552713678800501e-15,3.552713678800501e-15,0.0826572561221326
12,8,random,4,1.7763568394002505e-15,8.881784197001252e-16,0.1993253333813314
12,8,random,5,3.552713678800501e-15,3.552713678800501e-15,0.4026423277808888
12,8,random,6,3.1086244689504383e-15,1.3322676295501878e-15,1.7580297913865905
12,8,random,7,2.6645352591003757e-15,0.0,0.42873535949411945
12,8,random,8,1.7763568394002505e-15,2.6645352591003757e-15,3.415146107314726
12,8,random,9,0.0,3.552713678800501e-15,5.074217433755166
12,8,random,10,3.552713678800501e-15,0.0,3.561614932019836
12,8,random,11,1.7763568394002505e-15,1.7763568394002505e-15,2.3449084653930043
12,8,random,12,1.7763568394002505e-15,0.0,0.22615751664656614
12,8,random,13,0.0,0.0,7.939477959208247
12,8,random,14,7.105427357601002e-15,3.552713678800501e-15,1.736238290807556
12,8,random,15,2.6645352591003757e-15,0.0,4.5003001537399
12,8,random,16,0.0,3.552713678800501e-15,2.857259471839498
12,8,random,17,7.105427357601002e-15,5.329070518200751e-15,6.7765449152878645
12,8,random,18,4.440892098500626e-15,4.440892098500626e-15,4.8998769936819
12,8,random,19,1.7763568394002505e-15,3.552713678800501e-15,8.719957811727
13,1,simplex,0,1.7763568394002505e-15,1.7763568394002505e-15,5.2674648049553845
13,1,simplex,1,4.440892098500626e-16,0.0,1.4750338296546466
13,1,simplex,2,4.440892098500626e-16,2.220446049250313e-16,0.33021044398831556
13,1,simplex,3,1.7763568394002505e-15,8.881784197001252e-16,0.10572749575888274
13,1,simplex,4,0.0,0.0,0.2151837058421897
13,1,simplex,5,1.7763568394002505e-15,1.7763568394002505e-15,0.2881482218574156
13,1,simplex,6,8.881784197001252e-16,8.881784197001252e-16,0.6059765331142515
13,1,simplex,7,0.0,4.440892098500626e-16,1.198392503618464
13,1,simplex,8,2.220446049250313e-16,3.3306690738754696e-16,1.6401211564650735
13,1,simplex,9,1.7763568394002505e-15,1.7763568394002505e-15,0.05119476058377792
13,1,simplex,10,2.220446049250313e-16,4.440892098500626e-16,0.459762880475973
13,1,simplex,11,4.440892098500626e-16,4.440892098500626e-16,4.753189413427864
13,1,simplex,12,4.440892098500626e-16,2.220446049250313e-16,0.3951430014369368
13,1,simplex,13,7.771561172376096e-16,5.551115123125783e-16,0.6797601223138496
13,1,simplex,14,8.881784197001252e-16,8.881784197001252e-16,0.08043112829356502
13,1,simplex,15,0.0,0.0,0.0062636710520767025
13,1,simplex,16,0.0,8.881784197001252e-16,0.3026329960847569
13,1,simplex,17,4.440892098500626e-16,0.0,0.6589763775759749
13,1,simplex,18,8.881784197001252e-16,1.7763568394002505e-15,0.09428534600662175
13,1,simplex,19,8.881784197001252e-16,8.881784197001252e-16,0.2386761367961503
13,1,random,0,4.440892098500626e-16,4.440892098500626e-16,2.960357298436757
13,1,random,1,2.220446049250313e-16,0.0,0.32066892528790536
13,1,random,2,1.7763568394002505e-15,8.881784197001252e-16,0.31620790072644045
13,1,random,3,7.771561172376096e-16,8.881784197001252e-16,4.057640400911128
13,1,random,4,4.440892098500626e-16,5.551115123125783e-16,0.28738717851213913
13,1,random,5,4.440892098500626e-16,3.3306690738754696e-16,0.01783843881646696
13,1,random,6,0.0,0.0,0.8691821239490567
13,1,random,7,2.7755575615628914e-16,4.440892098500626e-16,4.44779559140926
13,1,random,8,4.440892098500626e-16,4.440892098500626e-16,0.529346098976788
13,1,random,9,1.1102230246251565e-16,5.551115123125783e-16,0.054696915200272755
13,1,random,10,4.440892098500626e-16,8.881784197001252e-16,0.18510013412949777
13,1,random,11,2.220446049250313e-16,0.0,3.9458030077857034
13,1,random,12,2.220446049250313e-16,1.1102230246251565e-16,0.5035227741830051
13,1,random,13,8.881784197001252e-16,8.881784197001252e-16,0.8911134598602448
13,1,random,14,2.220446049250313e-16,0.0,0.08637628088283478
13,1,random,15,1.3322676295501878e-15,8.881784197001252e-16,0.37800027697954164
13,1,random,16,1.7763568394002505e-15,0.0,3.38696910850296
13,1,random,17,1.7763568394002505e-15,0.0,1.7816540984134779
13,1,random,18,3.1086244689504383e-15,1.7763568394002505e-15,4.570469043595375
13,1,random,19,1.1102230246251565e-15,8.881784197001252e-16,0.6808421149483816
13,2,simplex,0,0.0,1.3322676295501878e-15,4.996591791927649
13,2,simplex,1,4.440892098500626e-16,6.661338147750939e-16,0.10969043078284457
13,2,simplex,2,1.7763568394002505e-15,0.0,0.6963971171883312
13,2,simplex,3,8.881784197001252e-16,8.881784197001252e-16,1.3894431566257506
13,2,simplex,4,1.7763568394002505e-15,1.7763568394002505e-15,0.8557501388105884
13,2,simplex,5,1.7763568394002505e-15,0.0,0.8782608672033732
13,2,simplex,6,1.7763568394002505e-15,3.552713678800501e-15,4.763043357112366
13,2,simplex,7,1.7763568394002505e-15,0.0,0.7130113527426545
13,2,simplex,8,1.3322676295501878e-15,1.3322676295501878e-15,0.4016496903581164
13,2,simplex,9,8.881784197001252e-16,0.0,1.52761012882452
13,2,simplex,10,1.7763568394002505e-15,8.881784197001252e-16,0.6983884691973437
13,2,simplex,11,1.7763568394002505e-15,8.881784197001252e-16,0.5461004143785004
13,2,simplex,12,1.7763568394002505e-15,3.552713678800501e-15,0.23770127765075877
13,2,simplex,13,0.0,8.881784197001252e-16,0.5567568178616362
13,2,simplex,14,2.220446049250313e-15,4.440892098500626e-16,2.3975153486374268
13,2,simplex,15,7.105427357601002e-15,3.552713678800501e-15,1.1865589439283575
13,2,simplex,16,0.0,0.0,1.9396412836629793
13,2,simplex,17,1.7763568394002505e-15,3.552713678800501e-15,2.3347809227496175
13,2,simplex,18,8.881784197001252e-16,1.7763568394002505e-15,1.6246016967798305
13,2,simplex,19,8.881784197001252e-16,5.329070518200751e-15,0.7513811300278057
13,2,random,0,8.881784197001252e-16,8.881784197001252e-16,1.0198627499469133
13,2,random,1,1.7763568394002505e-15,1.7763568394002505e-15,3.6113924051941027
13,2,random,2,8.881784197001252e-16,1.3322676295501878e-15,1.7300305843656076
13,2,random,3,2.6645352591003757e-15,1.7763568394002505e-15,2.175787242826578
13,2,random,4,1.7763568394002505e-15,8.881784197001252e-16,1.588769382897496
13,2,random,5,1.7763568394002505e-15,1.3322676295501878e-15,0.7669105795769866
13,2,random,6,0.0,2.220446049250313e-16,2.615825387217196
13,2,random,7,1.7763568394002505e-15,0.0,0.08349104189105105
13,2,random,8,1.7763568394002505e-15,8.881784197001252e-16,2.2470495582350853
13,2,random,9,0.0,0.0,0.9806819061785248
13,2,random,10,8.881784197001252e-16,1.7763568394002505e-15,1.5360434301669024
13,2,random,11,2.6645352591003757e-15,8.881784197001252e-16,0.05619087679385615
13,2,random,12,1.7763568394002505e-15,1.7763568394002505e-15,2.037056763674343
13,2,random,13,1.7763568394002505e-15,0.0,0.2911751551462096
13,2,random,14,0.0,4.440892098500626e-16,5.318784429740607
13,2,random,15,8.881784197001252e-16,0.0,5.524783553694469
13,2,random,16,0.0,1.7763568394002505e-15,0.12587625322712226
13,2,random,17,2.42861286636753e-15,1.7763568394002505e-15,1.8012351976637042
13,2,random,18,8.881784197001252e-16,4.440892098500626e-16,1.5371641459674263
13,2,random,19,1.7763568394002505e-15,0.0,4.086451940575881
13,3,simplex,0,8.881784197001252e-16,2.220446049250313e-15,1.0359656183694455
13,3,simplex,1,1.1102230246251565e-16,4.440892098500626e-16,0.5733900438164472
13,3,simplex,2,8.881784197001252e-16,0.0,2.6792405383675906
13,3,simplex,3,8.881784197001252e-16,8.881784197001252e-16,1.1033702259133555
13,3,simplex,4,1.4432899320127035e-15,9.992007221626409e-16,2.837935634213988
13,3,simplex,5,1.3322676295501878e-15,4.440892098500626e-16,0.22027383833106384
13,3,simplex,6,3.552713678800501e-15,0.0,1.098118425715441
13,3,simplex,7,8.881784197001252e-16,1.3322676295501878e-15,0.5543332615039915
13,3,simplex,8,5.329070518200751e-15,0.0,0.6698466365742171
13,3,simplex,9,3.552713678800501e-15,5.329070518200751e-15,1.6707088613953545
13,3,simplex,10,4.440892098500626e-16,1.1102230246251565e-15,2.846757493994719
13,3,simplex,11,8.881784197001252e-16,2.6645352591003757e-15,4.877932594231666
13,3,simplex,12,1.7763568394002505e-15,0.0,1.36542518924211
13,3,simplex,13,1.7763568394002505e-15,1.7763568394002505e-15,1.641734348672152
13,3,simplex,14,0.0,0.0,3.834822646096022
13,3,simplex,15,0.0,0.0,1.8430617352009193
13,3,simplex,16,0.0,0.0,2.6333517256913836
13,3,simplex,17,4.440892098500626e-16,4.440892098500626e-16,3.364517023694443
13,3,simplex,18,1.7763568394002505e-15,1.7763568394002505e-15,3.4358374270995284
13,3,simplex,19,3.552713678800501e-15,1.7763568394002505e-15,4.142402670089012
13,3,random,0,1.7763568394002505e-15,1.7763568394002505e-15,2.603957551503086
13,3,random,1,1.7763568394002505e-15,0.0,0.07308616641138599
13,3,random,2,1.3322676295501878e-15,1.3322676295501878e-15,1.3895763630287021
13,3,random,3,1.7763568394002505e-15,1.7763568394002505e-15,3.0475591946343847
13,3,random,4,2.6645352591003757e-15,1.7763568394002505e-15,0.4524776467727776
13,3,random,5,3.552713678800501e-15,1.7763568394002505e-15,0.5594675218109764
13,3,random,6,2.220446049250313e-16,1.1102230246251565e-16,1.1845225578778695
13,3,random,7,8.881784197001252e-16,1.7763568394002505e-15,1.7398062722963274
13,3,random,8,4.440892098500626e-16,1.7763568394002505e-15,1.940114921127666
13,3,random,9,3.552713678800501e-15,1.7763568394002505e-15,2.4522212903462943
13,3,random,10,0.0,1.7763568394002505e-15,0.8953764355052627
13,3,random,11,5.329070518200751e-15,3.552713678800501e-15,4.994227295384306
13,3,random,12,1.3322676295501878e-15,1.3322676295501878e-15,0.6894480323355694
13,3,random,13,2.6645352591003757e-15,2.6645352591003757e-15,2.156002929612699
13,3,random,14,0.0,1.7763568394002505e-15,0.3950131904208831
13,3,random,15,4.440892098500626e-16,0.0,0.6446902334490048
13,3,random,16,8.881784197001252e-16,1.7763568394002505e-15,2.5550558243383783
13,3,random,17,0.0,0.0,0.8095883370803847
13,3,random,18,1.7763568394002505e-15,0.0,3.003883773550875
13,3,random,19,1.7763568394002505e-15,4.440892098500626e-16,0.3711663727404684
13,4,simplex,0,8.881784197001252e-16,1.7763568394002505e-15,5.052450504178303
13,4,simplex,1,8.881784197001252e-16,1.7763568394002505e-15,4.085022124575879
13,4,simplex,2,2.6645352591003757e-15,1.7763568394002505e-15,1.20883853087226
13,4,simplex,3,0.0,3.552713678800501e-15,1.4201717796685855
13,4,simplex,4,0.0,0.0,0.01998387517626199
13,4,simplex,5,3.1086244689504383e-15,5.329070518200751e-15,0.8243349265766007
13,4,simplex,6,4.440892098500626e-16,4.440892098500626e-16,1.0830863094302146
13,4,simplex,7,2.6645352591003757e-15,3.552713678800501e-15,6.461951908373784
13,4,simplex,8,5.329070518200751e-15,8.881784197001252e-16,1.660676719555127
13,4,simplex,9,1.7763568394002505e-15,1.7763568394002505e-15,2.9496618808954977
13,4,simplex,10,3.552713678800501e-15,3.552713678800501e-15,3.488001508324402
13,4,simplex,11,4.440892098500626e-16,1.3322676295501878e-15,0.703346007149257
13,4,simplex,12,1.7763568394002505e-15,1.7763568394002505e-15,2.855354823397228
13,4,simplex,13,1.7763568394002505e-15,1.7763568394002505e-15,2.1200025979973276
13,4,simplex,14,1.7763568394002505e-15,4.440892098500626e-15,2.7744546415080187
13,4,simplex,15,3.552713678800501e-15,0.0,0.12082979791308723
13,4,simplex,16,1.7763568394002505e-15,1.7763568394002505e-15,0.09124289424948273
13,4,simplex,17,1.7763568394002505e-15,0.0,3.0134763143947794
13,4,simplex,18,1.9984014443252818e-15,2.886579864025407e-15,5.266693672840788
13,4,simplex,19,8.881784197001252e-16,8.881784197001252e-16,2.0786620783235747
13,4,random,0,0.0,8.881784197001252e-16,7.243656521267685
13,4,random,1,0.0,1.7763568394002505e-15,1.2878659596950826
13,4,random,2,1.7763568394002505e-15,2.6645352591003757e-15,0.8787617401226271
13,4,random,3,1.7763568394002505e-15,8.881784197001252e-16,1.2870631600777998
13,4,random,4,1.7763568394002505e-15,4.440892098500626e-16,0.3177017591640343
13,4,random,5,1.7763568394002505e-15,0.0,3.149233175736647
13,4,random,6,7.771561172376096e-16,1.887379141862766e-15,0.6817153395370852
13,4,random,7,3.552713678800501e-15,3.552713678800501e-15,1.1861119776124838
13,4,random,8,1.7763568394002505e-15,4.440892098500626e-15,2.2227130063196014
13,4,random,9,0.0,1.7763568394002505e-15,2.2743230667471934
13,4,random,10,2.6645352591003757e-15,1.7763568394002505e-15,2.151198784075426
13,4,random,11,0.0,8.881784197001252e-16,0.4993790471999304
13,4,random,12,8.881784197001252e-16,2.6645352591003757e-15,1.188764392429853
13,4,random,13,3.552713678800501e-15,1.7763568394002505e-15,0.70975866782004
13,4,random,14,1.7763568394002505e-15,2.6645352591003757e-15,1.637385126983581
13,4,random,15,8.881784197001252e-16,0.0,0.02309195136686526
13,4,random,16,4.440892098500626e-16,0.0,1.6489630654254288
13,4,random,17,3.552713678800501e-15,7.105427357601002e-15,0.9714483710612498
13,4,random,18,1.1102230246251565e-15,1.3322676295501878e-15,0.9973927610069211
13,4,random,19,0.0,3.552713678800501e-15,2.459327241345335
13,5,simplex,0,3.552713678800501e-15,8.881784197001252e-16,2.992833270415126
13,5,simplex,1,0.0,0.0,0.003899838094948649
13,5,simplex,2,3.552713678800501e-15,1.7763568394002505e-15,4.7674348575512795
13,5,simplex,3,0.0,1.7763568394002505e-15,2.488195028596138
13,5,simplex,4,3.1086244689504383e-15,4.440892098500626e-16,4.157941605990857
13,5,simplex,5,3.552713678800501e-15,5.329070518200751e-15,0.23722339113195545
13,5,simplex,6,4.440892098500626e-16,2.220446049250313e-15,2.4663448435225916
13,5,simplex,7,5.10702591327572e-15,3.774758283725532e-15,4.475642232349514
13,5,simplex,8,1.1102230246251565e-15,6.661338147750939e-16,0.5115917226162594
13,5,simplex,9,3.552713678800501e-15,0.0,2.0118013882068695
13,5,simplex,10,1.7763568394002505e-15,8.881784197001252e-16,1.8830810014719574
13,5,simplex,11,0.0,1.7763568394002505e-15,0.09198117687957108
13,5,simplex,12,1.7763568394002505e-15,1.7763568394002505e-15,4.1227641350124955
13,5,simplex,13,8.881784197001252e-16,2.6645352591003757e-15,1.8468946394220183
13,5,simplex,14,8.881784197001252e-16,8.881784197001252e-16,0.545903878334137
13,5,simplex,15,8.881784197001252e-16,8.881784197001252e-16,0.0485749031911773
13,5,simplex,16,0.0,0.0,3.089902412700539
13,5,simplex,17,2.6645352591003757e-15,1.7763568394002505e-15,1.252169345803729
13,5,simplex,18,8.881784197001252e-16,5.329070518200751e-15,1.427850608927983
13,5,simplex,19,3.552713678800501e-15,3.552713678800501e-15,3.8680476268679342
13,5,random,0,3.552713678800501e-15,0.0,3.022546893784039
13,5,random,1,3.552713678800501e-15,8.881784197001252e-16,0.5481259353959018
13,5,random,2,2.6645352591003757e-15,2.6645352591003757e-15,0.8684946379637886
13,5,random,3,8.881784197001252e-16,3.552713678800501e-15,0.8849755227030656
13,5,random,4,1.7763568394002505e-15,4.440892098500626e-16,1.2195873486396351
13,5,random,5,2.6645352591003757e-15,0.0,1.5962511420975112
13,5,random,6,0.0,8.881784197001252e-16,5.230069406211051
13,5,random,7,0.0,0.0,0.28440219163844915
13,5,random,8,0.0,3.552713678800501e-15,1.4242182374064676
13,5,random,9,3.552713678800501e-15,7.105427357601002e-15,4.512259537804077
13,5,random,10,1.7763568394002505e-15,2.220446049250313e-15,4.429352318010487
13,5,random,11,2.886579864025407e-15,8.881784197001252e-16,2.2481081287074574
13,5,random,12,0.0,0.0,2.8792317091704476
13,5,random,13,3.552713678800501e-15,1.7763568394002505e-15,2.569143965768326
13,5,random,14,0.0,0.0,2.680411671129036
13,5,random,15,1.7763568394002505e-15,8.881784197001252e-16,2.827775804149951
13,5,random,16,1.7763568394002505e-15,1.7763568394002505e-15,2.7311763582973114
13,5,random,17,8.881784197001252e-16,4.440892098500626e-16,4.499992099019465
13,5,random,18,3.552713678800501e-15,0.0,1.9354881849311951
13,5,random,19,3.552713678800501e-15,8.881784197001252e-16,2.9883150089241326
13,8,simplex,0,1.7763568394002505e-15,1.7763568394002505e-15,5.4495815868803845
13,8,simplex,1,4.440892098500626e-15,0.0,3.030577613755831
13,8,simplex,2,8.881784197001252e-16,8.881784197001252e-16,10.87846912756234
13,8,simplex,3,3.552713678800501e-15,0.0,1.035236666527922
13,8,simplex,4,3.552713678800501e-15,1.7763568394002505e-15,1.7079392864475125
13,8,simplex,5,3.552713678800501e-15,3.552713678800501e-15,0.1603952004452367
13,8,simplex,6,0.0,1.7763568394002505e-15,0.42225213295667174
13,8,simplex,7,8.881784197001252e-16,8.881784197001252e-16,2.0593332175384162
13,8,simplex,8,7.105427357601002e-15,7.105427357601002e-15,4.611459505213588
13,8,simplex,9,1.3322676295501878e-15,5.329070518200751e-15,6.894637162416167
13,8,simplex,10,1.7763568394002505e-15,5.329070518200751e-15,2.379165325618686
13,8,simplex,11,0.0,1.7763568394002505e-15,2.156830649731546
13,8,simplex,12,0.0,2.220446049250313e-16,2.3630319545077896
13,8,simplex,13,5.329070518200751e-15,4.440892098500626e-15,3.018528878542
13,8,simplex,14,1.1102230246251565e-15,2.4424906541753444e-15,0.3195814528098566
13,8,simplex,15,8.881784197001252e-16,1.7763568394002505e-15,1.769085125659565
13,8,simplex,16,3.552713678800501e-15,1.7763568394002505e-15,7.667051046319685
13,8,simplex,17,0.0,0.0,0.9641466295239596
13,8,simplex,18,0.0,3.552713678800501e-15,0.5364300938922248
13,8,simplex,19,1.7763568394002505e-15,0.0,3.2961841338755633
13,8,random,0,0.0,3.552713678800501e-15,2.43733367320511
13,8,random,1,1.7763568394002505e-15,0.0,0.13076049534166145
13,8,random,2,8.881784197001252e-16,1.7763568394002505e-15,0.45889299542650974
13,8,random,3,3.552713678800501e-15,8.881784197001252e-16,1.7568974492481075
13,8,random,4,5.329070518200751e-15,2.6645352591003757e-15,4.155750659035505
13,8,random,5,1.7763568394002505e-15,1.7763568394002505e-15,7.711131864161835
13,8,random,6,7.105427357601002e-15,1.7763568394002505e-15,1.4815296549874546
13,8,random,7,3.552713678800501e-15,6.217248937900877e-15,7.4836937437847695
13,8,random,8,1.7763568394002505e-15,0.0,1.6619896172673663
13,8,random,9,1.7763568394002505e-15,5.329070518200751e-15,5.683218135877119
13,8,random,10,1.3322676295501878e-15,1.3322676295501878e-15,0.7618244756133095
13,8,random,11,3.1086244689504383e-15,1.3322676295501878e-15,3.7457761056188303
13,8,random,12,3.552713678800501e-15,0.0,0.5584662519145454
13,8,random,13,4.440892098500626e-16,3.1086244689504383e-15,9.07531348678691
13,8,random,14,3.552713678800501e-15,3.552713678800501e-15,2.69315017483256
13,8,random,15,3.552713678800501e-15,7.105427357601002e-15,0.9876219222382332
13,8,random,16,3.552713678800501e-15,3.552713678800501e-15,1.32071721332629
13,8,random,17,1.7763568394002505e-15,1.7763568394002505e-15,5.865567879363475
13,8,random,18,3.552713678800501e-15,3.552713678800501e-15,0.372404320032544
13,8,random,19,8.881784197001252e-16,2.220446049250313e-15,4.207403529389623
14,1,simplex,0,8.881784197001252e-16,1.7763568394002505e-15,2.806936862631524
14,1,simplex,1,4.440892098500626e-16,5.551115123125783e-16,3.356052921490077
14,1,simplex,2,4.440892098500626e-16,2.220446049250313e-16,0.22417199009372757
14,1,simplex,3,8.881784197001252e-16,8.881784197001252e-16,0.21968295954944317
14,1,simplex,4,4.440892098500626e-16,1.3322676295501878e-15,0.5695992312196676
14,1,simplex,5,0.0,0.0,0.07049989887894093
14,1,simplex,6,2.220446049250313e-15,8.881784197001252e-16,4.713773738597846
14,1,simplex,7,3.3306690738754696e-16,8.881784197001252e-16,0.48042717655352796
14,1,simplex,8,8.881784197001252e-16,8.881784197001252e-16,0.7336456528985487
14,1,simplex,9,3.0531133177191805e-16,3.3306690738754696e-16,0.3375046470076999
14,1,simplex,10,8.881784197001252e-16,8.881784197001252e-16,1.3952498384138678
14,1,simplex,11,4.440892098500626e-16,1.1102230246251565e-16,0.013106699422618995
14,1,simplex,12,1.7763568394002505e-15,1.7763568394002505e-15,0.2594761185889922
14,1,simplex,13,8.881784197001252e-16,0.0,0.27261002224481423
14,1,simplex,14,8.881784197001252e-16,0.0,0.2196374913114454
14,1,simplex,15,0.0,1.7763568394002505e-15,0.1525513371914471
14,1,simplex,16,4.440892098500626e-16,2.220446049250313e-16,0.18442998804915822
14,1,simplex,17,1.7763568394002505e-15,8.881784197001252e-16,0.6744978399116572
14,1,simplex,18,8.881784197001252e-16,4.440892098500626e-16,0.001880769147497574
14,1,simplex,19,8.881784197001252e-16,4.440892098500626e-16,1.6867590534936454
14,1,random,0,0.0,4.440892098500626e-16,0.313948895014061
14,1,random,1,0.0,8.881784197001252e-16,0.2573109900762409
14,1,random,2,2.220446049250313e-16,6.661338147750939e-16,0.9543363286719497
14,1,random,3,0.0,0.0,1.972172223869558
14,1,random,4,2.220446049250313e-16,1.1102230246251565e-15,3.549644960958079
14,1,random,5,8.881784197001252e-16,0.0,0.9749808439739187
14,1,random,6,8.881784197001252e-16,8.881784197001252e-16,0.02295728382053497
14,1,random,7,4.440892098500626e-16,4.440892098500626e-16,0.0809835793168272
14,1,random,8,8.881784197001252e-16,8.881784197001252e-16,0.3357097983128172
14,1,random,9,8.881784197001252e-16,0.0,0.0016359405929717852
14,1,random,10,3.0531133177191805e-16,2.7755575615628914e-16,0.2752793194071943
14,1,random,11,0.0,8.881784197001252e-16,2.4685940861615228
14,1,random,12,0.0,0.0,0.25585393322494676
14,1,random,13,1.7763568394002505e-15,8.881784197001252e-16,2.5439949250769445
14,1,random,14,8.881784197001252e-16,8.881784197001252e-16,0.8945924175362396
14,1,random,15,8.881784197001252e-16,0.0,0.4955212901631647
14,1,random,16,2.220446049250313e-16,4.440892098500626e-16,0.17609704781737712
14,1,random,17,8.881784197001252e-16,6.661338147750939e-16,1.0393422599328979
14,1,random,18,0.0,0.0,0.7187507523141523
14,1,random,19,0.0,0.0,1.4904964588967644
14,2,simplex,0,0.0,0.0,2.746010909185781
14,2,simplex,1,0.0,3.552713678800501e-15,0.37820328326815655
14,2,simplex,2,8.881784197001252e-16,1.7763568394002505e-15,0.07273527273792979
14,2,simplex,3,1.7763568394002505e-15,2.220446049250313e-15,0.8731171128381376
14,2,simplex,4,7.105427357601002e-15,0.0,2.8769272510926047
14,2,simplex,5,3.552713678800501e-15,1.7763568394002505e-15,0.8705714458487375
14,2,simplex,6,8.881784197001252e-16,8.881784197001252e-16,1.4606767736146082
14,2,simplex,7,0.0,8.881784197001252e-16,1.0109794028083279
14,2,simplex,8,8.881784197001252e-16,0.0,0.560597991216925
14,2,simplex,9,0.0,1.7763568394002505e-15,3.698406291358893
14,2,simplex,10,0.0,8.881784197001252e-16,3.4691130959819905
14,2,simplex,11,1.7763568394002505e-15,1.3322676295501878e-15,0.17803975385347925
14,2,simplex,12,8.881784197001252e-16,4.440892098500626e-16,0.25582751338653154
14,2,simplex,13,0.0,0.0,10.829856882220765
14,2,simplex,14,1.7763568394002505e-15,1.7763568394002505e-15,0.2106647591399664
14,2,simplex,15,0.0,1.7763568394002505e-15,0.659026628163133
14,2,simplex,16,2.6645352591003757e-15,1.7763568394002505e-15,1.3252775154803658
14,2,simplex,17,0.0,8.881784197001252e-16,0.29520962189336686
14,2,simplex,18,2.6645352591003757e-15,8.881784197001252e-16,1.4182603266867417
14,2,simplex,19,0.0,1.7763568394002505e-15,0.6903464962422525
14,2,random,0,1.7763568394002505e-15,8.881784197001252e-16,2.9073467147961587
14,2,random,1,1.7763568394002505e-15,1.7763568394002505e-15,0.006947245814203029
14,2,random,2,1.7763568394002505e-15,0.0,0.6140490386303412
14,2,random,3,8.881784197001252e-16,1.3322676295501878e-15,2.8810780323785607
14,2,random,4,8.881784197001252e-16,2.220446049250313e-15,1.925543495666398
14,2,random,5,8.881784197001252e-16,1.7763568394002505e-15,0.9448369922950413
14,2,random,6,0.0,1.3322676295501878e-15,1.9007854245978564
14,2,random,7,1.7763568394002505e-15,0.0,1.8314293831720612
14,2,random,8,4.440892098500626e-16,0.0,3.165464947552561
14,2,random,9,0.0,0.0,1.0097094045793238
14,2,random,10,3.552713678800501e-15,0.0,1.5097262094283543
14,2,random,11,8.881784197001252e-16,2.6645352591003757e-15,1.4723871876427879
14,2,random,12,0.0,1.7763568394002505e-15,6.392336581531346
14,2,random,13,0.0,8.881784197001252e-16,4.950284699372496
14,2,random,14,8.881784197001252e-16,8.881784197001252e-16,1.5699105702150788
14,2,random,15,1.7763568394002505e-15,1.7763568394002505e-15,1.9226746690355672
14,2,random,16,1.7763568394002505e-15,0.0,0.8504909527723932
14,2,random,17,1.7763568394002505e-15,1.7763568394002505e-15,0.23561621337145588
14,2,random,18,8.881784197001252e-16,8.881784197001252e-16,1.820272573953691
14,2,random,19,2.6645352591003757e-15,2.6645352591003757e-15,3.630643556386758
14,3,simplex,0,3.552713678800501e-15,3.552713678800501e-15,0.6701842678027887
14,3,simplex,1,3.552713678800501e-15,1.7763568394002505e-15,1.476426361896774
14,3,simplex,2,1.7763568394002505e-15,1.7763568394002505e-15,0.5146604651958029
14,3,simplex,3,1.7763568394002505e-15,0.0,6.3324194740213
14,3,simplex,4,0.0,3.552713678800501e-15,3.671640804193224
14,3,simplex,5,3.1086244689504383e-15,0.0,0.16524112249189216
14,3,simplex,6,0.0,8.881784197001252e-16,3.7045980086980705
14,3,simplex,7,2.6645352591003757e-15,2.6645352591003757e-15,0.6189502723805198
14,3,simplex,8,0.0,3.552713678800501e-15,1.6432631720978534
14,3,simplex,9,4.440892098500626e-16,4.440892098500626e-16,2.506918904007687
14,3,simplex,10,1.7763568394002505e-15,8.881784197001252e-16,1.9526428686207637
14,3,simplex,11,1.7763568394002505e-15,3.552713678800501e-15,2.1183293421961977
14,3,simplex,12,1.7763568394002505e-15,6.217248937900877e-15,0.47474367125191463
14,3,simplex,13,1.5543122344752192e-15,1.7763568394002505e-15,0.24166852098006952
14,3,simplex,14,1.3322676295501878e-15,4.440892098500626e-16,0.3034141566340267
14,3,simplex,15,4.440892098500626e-16,8.881784197001252e-16,0.40953029624563797
14,3,simplex,16,1.7763568394002505e-15,1.7763568394002505e-15,2.2184194728867013
14,3,simplex,17,1.7763568394002505e-15,0.0,2.9025588335125647
14,3,simplex,18,0.0,0.0,0.7056357644941933
14,3,simplex,19,0.0,0.0,4.9679676588234045
14,3,random,0,8.881784197001252e-16,2.6645352591003757e-15,3.873701036528118
14,3,random,1,1.7763568394002505e-15,0.0,6.587623865990587
14,3,random,2,0.0,1.3322676295501878e-15,0.4153413630621152
14,3,random,3,4.440892098500626e-16,0.0,0.23512101091988669
14,3,random,4,1.7763568394002505e-15,0.0,2.069660415023197
14,3,random,5,9.769962616701378e-15,3.552713678800501e-15,1.0362136431049684
14,3,random,6,0.0,3.552713678800501e-15,1.2098362403608078
14,3,random,7,1.1102230246251565e-15,2.220446049250313e-16,4.943110986103118
14,3,random,8,5.329070518200751e-15,5.329070518200751e-15,2.938586150086497
14,3,random,9,0.0,1.3322676295501878e-15,0.15101452309787788
14,3,random,10,1.7763568394002505e-15,0.0,4.907508823763948
14,3,random,11,3.774758283725532e-15,1.9984014443252818e-15,0.5118166665883734
14,3,random,12,3.552713678800501e-15,5.329070518200751e-15,0.3050935587470107
14,3,random,13,1.7763568394002505e-15,0.0,3.9628104842742964
14,3,random,14,4.440892098500626e-16,8.881784197001252e-16,8.460755211356332
14,3,random,15,0.0,0.0,2.025964775916279
14,3,random,16,8.881784197001252e-16,8.881784197001252e-16,0.13920460042734462
14,3,random,17,1.7763568394002505e-15,0.0,4.7095653302040965
14,3,random,18,0.0,0.0,3.101223696821201
14,3,random,19,0.0,0.0,3.7291563083689283
14,4,simplex,0,0.0,0.0,2.879763141484837
14,4,simplex,1,1.7763568394002505e-15,0.0,0.760406172832603
14,4,simplex,2,0.0,1.7763568394002505e-15,1.4306947804933046
14,4,simplex,3,1.7763568394002505e-15,1.7763568394002505e-15,0.98066045314512
14,4,simplex,4,3.552713678800501e-15,8.881784197001252e-16,7.6368399670681555
14,4,simplex,5,0.0,8.881784197001252e-16,5.324559856459697
14,4,simplex,6,2.220446049250313e-16,3.3306690738754696e-15,3.296688275885792
14,4,simplex,7,1.7763568394002505e-15,0.0,1.6209547669059745
14,4,simplex,8,2.6645352591003757e-15,1.7763568394002505e-15,2.5777524991810523
14,4,simplex,9,1.7763568394002505e-15,3.552713678800501e-15,2.08599552610994
14,4,simplex,10,8.881784197001252e-16,2.220446049250313e-16,3.566535990209829
14,4,simplex,11,0.0,0.0,5.155247888044872
14,4,simplex,12,3.1086244689504383e-15,8.881784197001252e-16,0.6806241754578082
14,4,simplex,13,1.7763568394002505e-15,1.7763568394002505e-15,0.8396840223966748
14,4,simplex,14,1.7763568394002505e-15,0.0,2.2736845316870387
14,4,simplex,15,3.552713678800501e-15,3.552713678800501e-15,0.48566795066768265
14,4,simplex,16,0.0,3.552713678800501e-15,3.0828331609274002
14,4,simplex,17,1.7763568394002505e-15,0.0,2.2302656030206265
14,4,simplex,18,1.7763568394002505e-15,3.552713678800501e-15,2.191309762148336
14,4,simplex,19,0.0,1.7763568394002505e-15,1.1081088261152914
14,4,random,0,8.881784197001252e-16,0.0,4.288570654858656
14,4,random,1,2.6645352591003757e-15,1.3322676295501878e-15,0.7852423851287966
14,4,random,2,3.552713678800501e-15,7.105427357601002e-15,4.8170961344867145
14,4,random,3,4.440892098500626e-16,0.0,0.9669883928930929
14,4,random,4,8.881784197001252e-16,8.881784197001252e-16,0.27164032242985314
14,4,random,5,0.0,1.7763568394002505e-15,2.212983546876142
14,4,random,6,3.552713678800501e-15,1.7763568394002505e-15,1.9373490176955812
14,4,random,7,0.0,1.7763568394002505e-15,1.925280410425831
14,4,random,8,1.7763568394002505e-15,1.7763568394002505e-15,2.1351056545581244
14,4,random,9,4.440892098500626e-16,4.440892098500626e-16,0.7879862478570772
14,4,random,10,1.7763568394002505e-15,0.0,0.30015981450095097
14,4,random,11,1.7763568394002505e-15,1.7763568394002505e-15,0.14792891919600493
14,4,random,12,3.1086244689504383e-15,1.7763568394002505e-15,0.7978836778844922
14,4,random,13,0.0,3.552713678800501e-15,2.713312323327443
14,4,random,14,1.7763568394002505e-15,8.881784197001252e-16,4.5770703449815215
14,4,random,15,2.6645352591003757e-15,1.3322676295501878e-15,1.5549639921954288
14,4,random,16,3.552713678800501e-15,0.0,3.420503005978741
14,4,random,17,3.552713678800501e-15,3.552713678800501e-15,0.2840113130649726
14,4,random,18,3.552713678800501e-15,8.881784197001252e-16,0.42928241969949
14,4,random,19,4.440892098500626e-16,8.881784197001252e-16,2.294748303976924
14,5,simplex,0,0.0,2.6645352591003757e-15,0.40764429043637307
14,5,simplex,1,1.7763568394002505e-15,8.881784197001252e-16,0.6350532106991054
14,5,simplex,2,3.552713678800501e-15,5.329070518200751e-15,1.1008296841480032
14,5,simplex,3,3.552713678800501e-15,4.440892098500626e-16,2.6545564066221274
14,5,simplex,4,8.881784197001252e-16,1.7763568394002505e-15,7.264605190333604
14,5,simplex,5,3.552713678800501e-15,8.881784197001252e-16,2.306242606880623
14,5,simplex,6,4.440892098500626e-16,4.440892098500626e-16,2.5627260543237824
14,5,simplex,7,0.0,0.0,8.239727969413405
14,5,simplex,8,0.0,0.0,6.543986031250917
14,5,simplex,9,3.552713678800501e-15,0.0,11.01873354868615
14,5,simplex,10,1.7763568394002505e-15,2.6645352591003757e-15,0.701212582809184
14,5,simplex,11,0.0,3.552713678800501e-15,1.0702864000787073
14,5,simplex,12,1.7763568394002505e-15,1.7763568394002505e-15,2.903827951557197
14,5,simplex,13,2.6645352591003757e-15,8.881784197001252e-16,5.038147319294097
14,5,simplex,14,1.7763568394002505e-15,0.0,2.64005180687942
14,5,simplex,15,1.7763568394002505e-15,0.0,1.4365860357642362
14,5,simplex,16,1.7763568394002505e-15,0.0,1.106958625415647
14,5,simplex,17,8.881784197001252e-16,2.6645352591003757e-15,0.23815000034934997
14,5,simplex,18,5.329070518200751e-15,1.7763568394002505e-15,0.7543534962253773
14,5,simplex,19,2.6645352591003757e-15,0.0,0.4720748983059053
14,5,random,0,8.881784197001252e-16,1.7763568394002505e-15,8.0843631798558
14,5,random,1,1.3322676295501878e-15,8.881784197001252e-16,2.3735907326339003
14,5,random,2,3.552713678800501e-15,0.0,0.3230561816908093
14,5,random,3,2.6645352591003757e-15,4.440892098500626e-15,0.335039703366661
14,5,random,4,5.329070518200751e-15,1.7763568394002505e-15,4.864591802021508
14,5,random,5,8.881784197001252e-16,8.881784197001252e-16,0.6625335764401115
14,5,random,6,8.881784197001252e-16,4.440892098500626e-16,3.622319539565119
14,5,random,7,1.7763568394002505e-15,3.552713678800501e-15,6.46042452796711
14,5,random,8,1.7763568394002505e-15,1.7763568394002505e-15,4.141319968206581
14,5,random,9,8.881784197001252e-16,1.3322676295501878e-15,1.3965490763759192
14,5,random,10,2.6645352591003757e-15,3.552713678800501e-15,1.7402477465742017
14,5,random,11,2.6645352591003757e-15,0.0,0.7095855042787562
14,5,random,12,1.7763568394002505e-15,3.552713678800501e-15,2.5675499610528334
14,5,random,13,3.552713678800501e-15,3.552713678800501e-15,0.2461737000528501
14,5,random,14,0.0,0.0,6.834613986116352
14,5,random,15,8.881784197001252e-16,1.5543122344752192e-15,2.1793353464725733
14,5,random,16,1.7763568394002505e-15,1.7763568394002505e-15,6.58737438567826
14,5,random,17,1.7763568394002505e-15,1.7763568394002505e-15,0.8418923713943727
14,5,random,18,1.7763568394002505e-15,0.0,3.628880120492532
14,5,random,19,0.0,1.7763568394002505e-15,3.46082703431383
14,8,simplex,0,0.0,0.0,2.357358396504793
14,8,simplex,1,0.0,1.7763568394002505e-15,2.0810276834328576
14,8,simplex,2,0.0,1.7763568394002505e-15,1.11116688503526
14,8,simplex,3,4.440892098500626e-16,4.884981308350689e-15,8.128260953691893
14,8,simplex,4,1.7763568394002505e-15,0.0,9.910683755026746
14,8,simplex,5,0.0,8.881784197001252e-16,2.9519088338898882
14,8,simplex,6,2.1094237467877974e-15,8.881784197001252e-16,3.845429122632666
14,8,simplex,7,0.0,1.7763568394002505e-15,5.449600006068287
14,8,simplex,8,1.7763568394002505e-15,4.440892098500626e-15,3.9131886165761287
14,8,simplex,9,8.881784197001252e-15,7.105427357601002e-15,1.1629586095604196
14,8,simplex,10,1.7763568394002505e-15,1.7763568394002505e-15,3.422921545246524
14,8,simplex,11,3.552713678800501e-15,0.0,0.43504898495086763
14,8,simplex,12,3.552713678800501e-15,0.0,4.3632975994703855
14,8,simplex,13,3.9968028886505635e-15,2.886579864025407e-15,4.600199177840977
14,8,simplex,14,7.105427357601002e-15,0.0,7.326136366654822
14,8,simplex,15,8.881784197001252e-16,2.6645352591003757e-15,1.1949102841821855
14,8,simplex,16,8.881784197001252e-16,2.6645352591003757e-15,2.701512453878813
14,8,simplex,17,8.881784197001252e-16,2.6645352591003757e-15,5.72319364577465
14,8,simplex,18,1.7763568394002505e-15,3.552713678800501e-15,6.932088520849057
14,8,simplex,19,4.440892098500626e-15,0.0,0.5455886200701059
14,8,random,0,2.6645352591003757e-15,4.440892098500626e-16,1.7652891401762645
14,8,random,1,3.552713678800501e-15,1.7763568394002505e-15,4.253357140752257
14,8,random,2,3.552713678800501e-15,3.552713678800501e-15,0.02706510014037633
14,8,random,3,0.0,0.0,4.151736731956362
14,8,random,4,0.0,3.552713678800501e-15,4.448366865788582
14,8,random,5,0.0,3.552713678800501e-15,4.475295984798123
14,8,random,6,4.440892098500626e-16,5.329070518200751e-15,3.085321865505101
14,8,random,7,0.0,5.329070518200751e-15,2.66102715122193
14,8,random,8,0.0,1.7763568394002505e-15,4.2503355979652895
14,8,random,9,1.7763568394002505e-15,5.329070518200751e-15,2.6925662640076666
14,8,random,10,0.0,2.6645352591003757e-15,2.889572502440643
14,8,random,11,1.7763568394002505e-15,2.220446049250313e-15,1.3885649960663216
14,8,random,12,1.7763568394002505e-15,0.0,6.412967023805393
14,8,random,13,1.7763568394002505e-15,3.552713678800501e-15,5.584327102080572
14,8,random,14,3.552713678800501e-15,6.217248937900877e-15,0.703763236242466
14,8,random,15,8.881784197001252e-16,8.881784197001252e-16,0.8024859066775889
14,8,random,16,3.552713678800501e-15,3.552713678800501e-15,7.07982447899272
14,8,random,17,1.7763568394002505e-15,1.7763568394002505e-15,1.8410823861972432
14,8,random,18,1.7763568394002505e-15,1.7763568394002505e-15,2.7056178801173587
14,8,random,19,7.993605777301127e-15,7.105427357601002e-15,3.8649973820259547
15,1,simplex,0,8.881784197001252e-16,8.881784197001252e-16,0.3275224312442244
15,1,simplex,1,0.0,8.881784197001252e-16,0.045492671824673536
15,1,simplex,2,0.0,1.7763568394002505e-15,5.220580300560865
15,1,simplex,3,4.440892098500626e-16,8.881784197001252e-16,0.32012418657385844
15,1,simplex,4,4.440892098500626e-16,6.661338147750939e-16,1.0971371350075998
15,1,simplex,5,1.7763568394002505e-15,0.0,0.06934297233604592
15,1,simplex,6,0.0,8.881784197001252e-16,0.3423682314397132
15,1,simplex,7,4.440892098500626e-16,8.881784197001252e-16,2.4992203075272252
15,1,simplex,8,4.440892098500626e-16,0.0,0.0037714967723703197
15,1,simplex,9,0.0,8.881784197001252e-16,0.8840464729728374
15,1,simplex,10,1.7763568394002505e-15,1.1102230246251565e-15,1.0710223218936674
15,1,simplex,11,8.881784197001252e-16,4.440892098500626e-16,0.9137375931129856
15,1,simplex,12,0.0,4.440892098500626e-16,0.06549835844786855
15,1,simplex,13,2.220446049250313e-16,0.0,0.31657983868607786
15,1,simplex,14,1.3322676295501878e-15,8.881784197001252e-16,0.36545823725721416
15,1,simplex,15,1.1102230246251565e-15,4.440892098500626e-16,2.1903133293044954
15,1,simplex,16,0.0,1.7763568394002505e-15,0.010664143508181567
15,1,simplex,17,4.440892098500626e-16,1.7763568394002505e-15,1.0265231819052119
15,1,simplex,18,4.440892098500626e-16,4.440892098500626e-16,3.1126466846729226
15,1,simplex,19,2.220446049250313e-16,0.0,1.5772086529902358
15,1,random,0,2.220446049250313e-16,0.0,0.05884628934260805
15,1,random,1,8.881784197001252e-16,1.7763568394002505e-15,0.15152653555860418
15,1,random,2,1.3322676295501878e-15,8.881784197001252e-16,0.1654303468237135
15,1,random,3,0.0,4.440892098500626e-16,0.27762535590440773
15,1,random,4,1.7763568394002505e-15,2.6645352591003757e-15,1.3929527974538445
15,1,random,5,2.220446049250313e-16,0.0,0.2357653832763913
15,1,random,6,5.551115123125783e-16,0.0,1.674224116056945
15,1,random,7,0.0,2.220446049250313e-16,0.7133588281657728
15,1,random,8,4.440892098500626e-16,0.0,2.5867163509659794
15,1,random,9,4.440892098500626e-16,0.0,0.726529872609962
15,1,random,10,4.440892098500626e-16,8.881784197001252e-16,1.2962553236184942
15,1,random,11,4.440892098500626e-16,1.3322676295501878e-15,4.433206275020305
15,1,random,12,2.220446049250313e-16,4.440892098500626e-16,0.02684932541829177
15,1,random,13,8.881784197001252e-16,6.661338147750939e-16,0.0999895045639736
15,1,random,14,1.3322676295501878e-15,8.881784197001252e-16,0.03857741075255383
15,1,random,15,2.220446049250313e-16,6.661338147750939e-16,0.0280055445311973
15,1,random,16,8.881784197001252e-16,0.0,0.1555761326905576
15,1,random,17,2.220446049250313e-16,4.440892098500626e-16,0.2732139257744457
15,1,random,18,4.440892098500626e-16,0.0,1.4188055003379958
15,1,random,19,9.43689570931383e-16,9.992007221626409e-16,1.0467669435788043
15,2,simplex,0,3.552713678800501e-15,0.0,1.0391815515322023
15,2,simplex,1,3.552713678800501e-15,0.0,2.406828432639486
15,2,simplex,2,1.7763568394002505e-15,1.7763568394002505e-15,0.9002794745235825
15,2,simplex,3,2.6645352591003757e-15,1.3322676295501878e-15,0.9154968962048429
15,2,simplex,4,2.6645352591003757e-15,0.0,1.3296445913969706
15,2,simplex,5,8.881784197001252e-16,3.552713678800501e-15,0.05029400960201258
15,2,simplex,6,8.881784197001252e-16,1.3322676295501878e-15,0.6225252244154369
15,2,simplex,7,0.0,8.881784197001252e-16,0.6982613705947678
15,2,simplex,8,0.0,1.7763568394002505e-15,0.2510870179889899
15,2,simplex,9,8.881784197001252e-16,2.6645352591003757e-15,0.0009233758324604935
15,2,simplex,10,0.0,0.0,0.26963116098181494
15,2,simplex,11,1.3322676295501878e-15,1.3322676295501878e-15,0.14574804182063872
15,2,simplex,12,8.881784197001252e-16,8.881784197001252e-16,0.4736909790574728
15,2,simplex,13,1.7763568394002505e-15,8.881784197001252e-16,0.826574831200884
15,2,simplex,14,2.220446049250313e-15,4.440892098500626e-16,2.570232882417688
15,2,simplex,15,8.881784197001252e-16,1.7763568394002505e-15,1.2440514542912808
15,2,simplex,16,1.7763568394002505e-15,0.0,1.460364602653538
15,2,simplex,17,0.0,0.0,5.7182349562969605
15,2,simplex,18,8.881784197001252e-16,0.0,2.4642493085672648
15,2,simplex,19,1.7763568394002505e-15,0.0,0.8417438296932165
15,2,random,0,1.3322676295501878e-15,2.220446049250313e-15,1.894947243915972
15,2,random,1,0.0,8.881784197001252e-16,2.8930496146870546
15,2,random,2,8.881784197001252e-16,1.7763568394002505e-15,3.101334537142737
15,2,random,3,8.881784197001252e-16,8.881784197001252e-16,0.5631409265907479
15,2,random,4,1.3322676295501878e-15,2.220446049250313e-16,0.9804827138218108
15,2,random,5,0.0,0.0,1.5387737723118384
15,2,random,6,1.7763568394002505e-15,1.7763568394002505e-15,7.432939172127418
15,2,random,7,1.7763568394002505e-15,3.552713678800501e-15,3.512849628962627
15,2,random,8,1.3322676295501878e-15,1.7763568394002505e-15,1.645462246801177
15,2,random,9,1.7763568394002505e-15,0.0,0.16931273212057008
15,2,random,10,1.3322676295501878e-15,1.3322676295501878e-15,3.1856404446173414
15,2,random,11,2.220446049250313e-15,1.3322676295501878e-15,2.442754612790676
15,2,random,12,8.881784197001252e-16,8.881784197001252e-16,2.9544221246281985
15,2,random,13,2.6645352591003757e-15,0.0,0.22566936694977002
15,2,random,14,1.7763568394002505e-15,0.0,3.164052945448539
15,2,random,15,1.7763568394002505e-15,8.881784197001252e-16,0.9910874588264882
15,2,random,16,2.220446049250313e-15,4.440892098500626e-16,3.313135960309502
15,2,random,17,4.440892098500626e-16,2.220446049250313e-15,1.5142912676121227
15,2,random,18,8.881784197001252e-16,4.440892098500626e-16,0.33904325096514754
15,2,random,19,2.220446049250313e-16,6.661338147750939e-16,0.07988437525832381
15,3,simplex,0,2.6645352591003757e-15,4.440892098500626e-16,3.0887647849119553
15,3,simplex,1,3.552713678800501e-15,0.0,1.7247483606846927
15,3,simplex,2,8.881784197001252e-16,1.3322676295501878e-15,0.9860599374155932
15,3,simplex,3,1.1102230246251565e-16,1.1102230246251565e-16,1.2912863398127108
15,3,simplex,4,3.552713678800501e-15,1.7763568394002505e-15,3.058221677883921
15,3,simplex,5,0.0,0.0,1.60038942486063
15,3,simplex,6,8.881784197001252e-16,3.1086244689504383e-15,0.753835294100714
15,3,simplex,7,0.0,1.7763568394002505e-15,1.6851624207517162
15,3,simplex,8,1.7763568394002505e-15,1.7763568394002505e-15,2.7477943532817264
15,3,simplex,9,0.0,8.881784197001252e-16,2.8858214549500865
15,3,simplex,10,0.0,2.6645352591003757e-15,1.3420124386150967
15,3,simplex,11,1.7763568394002505e-15,1.7763568394002505e-15,2.539135228605357
15,3,simplex,12,8.881784197001252e-16,2.220446049250313e-15,0.16710844680706316
15,3,simplex,13,1.7763568394002505e-15,1.7763568394002505e-15,2.255637541623962
15,3,simplex,14,1.7763568394002505e-15,1.7763568394002505e-15,2.1376686594721015
15,3,simplex,15,8.881784197001252e-16,8.881784197001252e-16,0.3143394389906682
15,3,simplex,16,1.7763568394002505e-15,0.0,0.0545948910538101
15,3,simplex,17,0.0,1.7763568394002505e-15,2.6872424541062827
15,3,simplex,18,8.881784197001252e-16,1.3322676295501878e-15,0.203815699563485
15,3,simplex,19,0.0,0.0,5.569740708967203
15,3,random,0,1.7763568394002505e-15,1.7763568394002505e-15,0.011254866824060628
15,3,random,1,2.220446049250313e-16,1.7763568394002505e-15,0.6788890205670413
15,3,random,2,8.881784197001252e-16,8.881784197001252e-16,5.447985892678105
15,3,random,3,0.0,4.440892098500626e-16,3.682409459099734
15,3,random,4,1.7763568394002505e-15,1.7763568394002505e-15,4.222836654942771
15,3,random,5,4.440892098500626e-16,1.3322676295501878e-15,0.9380794833448718
15,3,random,6,8.881784197001252e-16,1.7763568394002505e-15,0.28397042826009056
15,3,random,7,4.440892098500626e-15,8.881784197001252e-16,3.96826338639087
15,3,random,8,2.220446049250313e-15,1.3322676295501878e-15,0.10215744528993298
15,3,random,9,3.552713678800501e-15,3.552713678800501e-15,1.1102694320194928
15,3,random,10,7.327471962526033e-15,4.218847493575595e-15,0.5475816507860927
15,3,random,11,3.552713678800501e-15,3.552713678800501e-15,4.48913293726671
15,3,random,12,0.0,0.0,0.27038295427763614
15,3,random,13,0.0,3.1086244689504383e-15,1.039552998520815
15,3,random,14,3.1086244689504383e-15,8.881784197001252e-16,4.963122074744497
15,3,random,15,1.7763568394002505e-15,1.7763568394002505e-15,0.9153651870605017
15,3,random,16,1.7763568394002505e-15,0.0,0.5823861502191718
15,3,random,17,2.220446049250313e-15,0.0,0.528807961827578
15,3,random,18,0.0,1.7763568394002505e-15,2.3438750729909046
15,3,random,19,8.881784197001252e-16,1.7763568394002505e-15,1.4335407637837072
15,4,simplex,0,2.220446049250313e-15,1.5543122344752192e-15,1.653971162419957
15,4,simplex,1,8.881784197001252e-16,8.881784197001252e-16,1.0059571628461015
15,4,simplex,2,5.329070518200751e-15,1.7763568394002505e-15,0.3029556503267763
15,4,simplex,3,4.440892098500626e-15,2.6645352591003757e-15,3.9284148205885323
15,4,simplex,4,8.881784197001252e-16,8.881784197001252e-16,3.6077629828504527
15,4,simplex,5,1.7763568394002505e-15,8.881784197001252e-16,0.7526599548565045
15,4,simplex,6,1.7763568394002505e-15,2.6645352591003757e-15,1.3873471864942886
15,4,simplex,7,1.7763568394002505e-15,1.7763568394002505e-15,0.3080736660376715
15,4,simplex,8,8.881784197001252e-16,0.0,0.08451275446683582
15,4,simplex,9,3.774758283725532e-15,1.7763568394002505e-15,4.345382817191059
15,4,simplex,10,4.440892098500626e-16,0.0,1.4888674772153792
15,4,simplex,11,0.0,1.7763568394002505e-15,1.623195807816515
15,4,simplex,12,2.6645352591003757e-15,8.881784197001252e-16,2.9444257123178588
15,4,simplex,13,3.552713678800501e-15,0.0,4.192818696401741
15,4,simplex,14,1.7763568394002505e-15,0.0,0.408404272102878
15,4,simplex,15,3.552713678800501e-15,0.0,0.9181329632639432
15,4,simplex,16,8.881784197001252e-16,1.3322676295501878e-15,0.6010188151127025
15,4,simplex,17,2.6645352591003757e-15,0.0,1.818904257300268
15,4,simplex,18,1.7763568394002505e-15,3.552713678800501e-15,0.35080308120505777
15,4,simplex,19,1.7763568394002505e-15,1.7763568394002505e-15,7.4211755250918845
15,4,random,0,3.1086244689504383e-15,0.0,1.1077961938193823
15,4,random,1,1.7763568394002505e-15,3.552713678800501e-15,3.8578782215745377
15,4,random,2,5.329070518200751e-15,0.0,6.8228253562709495
15,4,random,3,5.329070518200751e-15,3.552713678800501e-15,0.4606617456097162
15,4,random,4,1.7763568394002505e-15,1.7763568394002505e-15,1.069056639286984
15,4,random,5,1.7763568394002505e-15,4.440892098500626e-16,3.3524438994650367
15,4,random,6,0.0,2.220446049250313e-15,0.8556089852365858
15,4,random,7,2.220446049250313e-15,2.220446049250313e-15,1.3531848618022693
15,4,random,8,1.7763568394002505e-15,4.440892098500626e-16,0.911751891807647
15,4,random,9,1.3322676295501878e-15,4.440892098500626e-16,5.040970896870533
15,4,random,10,0.0,2.6645352591003757e-15,1.8262714682739158
15,4,random,11,5.329070518200751e-15,8.881784197001252e-16,3.94262488343092
15,4,random,12,0.0,0.0,0.8573604643975656
15,4,random,13,3.552713678800501e-15,0.0,1.5002999715100174
15,4,random,14,1.7763568394002505e-15,0.0,1.2886371613451502
15,4,random,15,4.440892098500626e-16,1.7763568394002505e-15,1.757925219553897
15,4,random,16,0.0,1.7763568394002505e-15,6.430584708782689
15,4,random,17,1.7763568394002505e-15,3.1086244689504383e-15,1.9175600357460212
15,4,random,18,4.440892098500626e-16,1.7763568394002505e-15,3.7448459741895945
15,4,random,19,5.329070518200751e-15,1.7763568394002505e-15,0.8213463658926088
15,5,simplex,0,0.0,1.7763568394002505e-15,3.0384810895348338
15,5,simplex,1,3.552713678800501e-15,8.881784197001252e-16,0.4137602152253237
15,5,simplex,2,0.0,0.0,0.9110447695747155
15,5,simplex,3,8.881784197001252e-16,4.440892098500626e-15,4.409367291136903
15,5,simplex,4,3.552713678800501e-15,1.7763568394002505e-15,0.388528447073746
15,5,simplex,5,1.3322676295501878e-15,7.993605777301127e-15,0.3820022751384613
15,5,simplex,6,2.220446049250313e-15,1.3322676295501878e-15,1.364071085748627
15,5,simplex,7,1.7763568394002505e-15,4.440892098500626e-15,5.113619111979233
15,5,simplex,8,2.220446049250313e-15,2.6645352591003757e-15,2.9053129447264396
15,5,simplex,9,5.329070518200751e-15,3.9968028886505635e-15,1.6773831014549607
15,5,simplex,10,3.552713678800501e-15,0.0,1.5907187530884315
15,5,simplex,11,2.220446049250313e-15,0.0,3.53802414251858
15,5,simplex,12,0.0,4.440892098500626e-15,4.643882059681719
15,5,simplex,13,4.440892098500626e-15,4.440892098500626e-15,4.015431113712111
15,5,simplex,14,0.0,1.7763568394002505e-15,6.657462526406576
15,5,simplex,15,1.7763568394002505e-15,8.881784197001252e-16,1.8034464533273464
15,5,simplex,16,0.0,0.0,4.65971201982236
15,5,simplex,17,1.3322676295501878e-15,3.1086244689504383e-15,1.747611320060443
15,5,simplex,18,3.552713678800501e-15,3.552713678800501e-15,9.263496269506184
15,5,simplex,19,3.552713678800501e-15,0.0,1.8460825860613141
15,5,random,0,4.440892098500626e-16,2.6645352591003757e-15,6.2248485712396615
15,5,random,1,0.0,8.881784197001252e-16,1.6772898929021807
15,5,random,2,1.7763568394002505e-15,1.7763568394002505e-15,0.14179552055507116
15,5,random,3,8.881784197001252e-16,5.329070518200751e-15,0.3394833915207798
15,5,random,4,4.440892098500626e-16,0.0,0.510954775604489
15,5,random,5,8.881784197001252e-16,1.7763568394002505e-15,0.8260182838707877
15,5,random,6,1.7763568394002505e-15,8.881784197001252e-16,6.260248978012484
15,5,random,7,3.552713678800501e-15,8.881784197001252e-16,1.9029053459422123
15,5,random,8,0.0,1.7763568394002505e-15,3.808014277309436
15,5,random,9,1.7763568394002505e-15,1.7763568394002505e-15,3.716031658750495
15,5,random,10,1.7763568394002505e-15,5.329070518200751e-15,2.501430964908078
15,5,random,11,1.7763568394002505e-15,3.552713678800501e-15,0.4315160656850239
15,5,random,12,3.552713678800501e-15,3.552713678800501e-15,2.3927973412394294
15,5,random,13,3.552713678800501e-15,0.0,2.965195914891879
15,5,random,14,2.6645352591003757e-15,8.881784197001252e-16,0.8104122966258274
15,5,random,15,0.0,0.0,0.1847475378376089
15,5,random,16,8.881784197001252e-16,8.881784197001252e-16,1.319120275431061
15,5,random,17,7.105427357601002e-15,7.105427357601002e-15,1.1447054854906185
15,5,random,18,4.440892098500626e-16,4.440892098500626e-16,3.2955577174760577
15,5,random,19,6.8833827526759706e-15,3.552713678800501e-15,3.790750066413345
15,8,simplex,0,1.7763568394002505e-15,1.7763568394002505e-15,5.522485594239473
15,8,simplex,1,2.220446049250313e-15,1.3322676295501878e-15,6.030055018922177
15,8,simplex,2,0.0,0.0,1.0989845825601492
15,8,simplex,3,0.0,0.0,4.509071887377004
15,8,simplex,4,1.7763568394002505e-15,2.220446049250313e-16,1.8347536658549615
15,8,simplex,5,3.552713678800501e-15,8.881784197001252e-15,0.5502780380780337
15,8,simplex,6,8.881784197001252e-16,2.6645352591003757e-15,4.320533667757523
15,8,simplex,7,1.7763568394002505e-15,1.7763568394002505e-15,0.10133555451042753
15,8,simplex,8,0.0,1.7763568394002505e-15,0.07163836885006702
15,8,simplex,9,3.552713678800501e-15,0.0,5.905417931162987
15,8,simplex,10,1.7763568394002505e-15,3.552713678800501e-15,2.1357903976793864
15,8,simplex,11,3.9968028886505635e-15,3.1086244689504383e-15,0.14844977384759872
15,8,simplex,12,0.0,3.552713678800501e-15,6.065423876333988
15,8,simplex,13,3.552713678800501e-15,5.329070518200751e-15,3.3837147965982624
15,8,simplex,14,0.0,3.552713678800501e-15,2.1551253002186144
15,8,simplex,15,2.220446049250313e-15,1.7763568394002505e-15,3.0651690807345204
15,8,simplex,16,8.881784197001252e-16,8.881784197001252e-16,1.6156240807148237
15,8,simplex,17,1.7763568394002505e-15,5.773159728050814e-15,1.875249302157485
15,8,simplex,18,1.7763568394002505e-15,3.552713678800501e-15,3.549289099637093
15,8,simplex,19,1.7763568394002505e-15,0.0,10.663846954771081
15,8,random,0,7.105427357601002e-15,7.105427357601002e-15,4.03208259487738
15,8,random,1,7.105427357601002e-15,0.0,10.93348065559644
15,8,random,2,2.6645352591003757e-15,2.6645352591003757e-15,1.4338273704181077
15,8,random,3,1.7763568394002505e-15,3.552713678800501e-15,6.42330140007531
15,8,random,4,0.0,0.0,1.1069362386189994
15,8,random,5,1.0658141036401503e-14,7.105427357601002e-15,0.9574266260674662
15,8,random,6,3.552713678800501e-15,5.329070518200751e-15,5.800490476308646
15,8,random,7,0.0,3.9968028886505635e-15,6.968485572416071
15,8,random,8,4.440892098500626e-15,8.881784197001252e-16,4.940035679846233
15,8,random,9,0.0,2.6645352591003757e-15,4.095114133298708
15,8,random,10,0.0,3.552713678800501e-15,0.8254695831006913
15,8,random,11,0.0,7.105427357601002e-15,0.6067946185542183
15,8,random,12,1.7763568394002505e-15,3.552713678800501e-15,0.06903139366319522
15,8,random,13,3.552713678800501e-15,3.552713678800501e-15,4.188633928550232
15,8,random,14,0.0,5.329070518200751e-15,0.10192701844226804
15,8,random,15,7.105427357601002e-15,5.329070518200751e-15,1.2093221177066624
15,8,random,16,3.1086244689504383e-15,2.220446049250313e-15,11.980482867519129
15,8,random,17,7.105427357601002e-15,1.7763568394002505e-15,2.5591831979838418
15,8,random,18,3.552713678800501e-15,0.0,2.2950166910285077
15,8,random,19,1.3322676295501878e-15,4.440892098500626e-16,4.898496105575035
16,1,simplex,0,1.9984014443252818e-15,1.3322676295501878e-15,0.21772596811142186
16,1,simplex,1,1.3322676295501878e-15,2.220446049250313e-16,0.24203641397709497
16,1,simplex,2,8.881784197001252e-16,1.7763568394002505e-15,0.21034813817402664
16,1,simplex,3,8.881784197001252e-16,0.0,3.3067469228818904
16,1,simplex,4,1.1102230246251565e-16,8.881784197001252e-16,2.6304313035329976
16,1,simplex,5,8.881784197001252e-16,8.881784197001252e-16,0.9127220023957965
16,1,simplex,6,0.0,8.881784197001252e-16,0.623144965295868
16,1,simplex,7,0.0,0.0,0.2843967595679153
16,1,simplex,8,0.0,0.0,2.0707797215231745
16,1,simplex,9,0.0,0.0,6.0240979729876205
16,1,simplex,10,0.0,0.0,0.1138597342278409
16,1,simplex,11,0.0,0.0,0.3373348870303712
16,1,simplex,12,0.0,8.881784197001252e-16,0.07878573063839212
16,1,simplex,13,0.0,8.881784197001252e-16,0.74323529578853
16,1,simplex,14,0.0,2.220446049250313e-16,0.6414917649758127
16,1,simplex,15,5.551115123125783e-16,4.440892098500626e-16,1.2040998948043242
16,1,simplex,16,1.1102230246251565e-15,1.1102230246251565e-16,0.5335641969239813
16,1,simplex,17,8.881784197001252e-16,1.3322676295501878e-15,1.8444975109545538
16,1,simplex,18,0.0,2.220446049250313e-16,1.7990784553596129
16,1,simplex,19,8.881784197001252e-16,1.3322676295501878e-15,0.2739202177309288
16,1,random,0,4.440892098500626e-16,4.440892098500626e-16,2.037799291540028
16,1,random,1,1.7763568394002505e-15,8.881784197001252e-16,1.8652337046851173
16,1,random,2,0.0,0.0,0.7613800576410563
16,1,random,3,4.440892098500626e-16,0.0,0.062241555094184164
16,1,random,4,0.0,8.881784197001252e-16,1.4312170945066098
16,1,random,5,0.0,0.0,4.312975568739935
16,1,random,6,0.0,4.440892098500626e-16,0.18238271502961756
16,1,random,7,4.440892098500626e-16,4.440892098500626e-16,0.3187161003270198
16,1,random,8,8.881784197001252e-16,1.7763568394002505e-15,0.8653554997411295
16,1,random,9,0.0,8.881784197001252e-16,1.7005502042532887
16,1,random,10,8.881784197001252e-16,8.881784197001252e-16,0.6646259072006977
16,1,random,11,1.6653345369377348e-16,8.326672684688674e-16,0.13517062564776694
16,1,random,12,0.0,4.440892098500626e-16,0.7485952856663398
16,1,random,13,1.1102230246251565e-16,2.220446049250313e-16,1.7824022478429118
16,1,random,14,0.0,8.881784197001252e-16,0.07381835029341133
16,1,random,15,4.440892098500626e-16,0.0,0.03698281192838948
16,1,random,16,8.881784197001252e-16,8.881784197001252e-16,0.9499905036878928
16,1,random,17,6.661338147750939e-16,6.661338147750939e-16,0.06436287583489642
16,1,random,18,1.1102230246251565e-15,4.440892098500626e-16,0.8549999089474163
16,1,random,19,0.0,4.440892098500626e-16,0.5493658743299914
16,2,simplex,0,1.7763568394002505e-15,0.0,0.5748048868888098
16,2,simplex,1,0.0,1.7763568394002505e-15,0.10879489379492924
16,2,simplex,2,1.7763568394002505e-15,3.552713678800501e-15,4.108922667103968
16,2,simplex,3,1.3322676295501878e-15,1.3322676295501878e-15,1.1622573535792782
16,2,simplex,4,0.0,0.0,1.959415714451378
16,2,simplex,5,1.3322676295501878e-15,0.0,1.7691723446306113
16,2,simplex,6,1.3322676295501878e-15,8.881784197001252e-16,0.5417497680861327
16,2,simplex,7,1.7763568394002505e-15,0.0,1.7803360454988635
16,2,simplex,8,1.7763568394002505e-15,1.7763568394002505e-15,0.8076014595757783
16,2,simplex,9,8.881784197001252e-16,2.220446049250313e-15,0.8756704774964774
16,2,simplex,10,3.552713678800501e-15,1.7763568394002505e-15,0.2942484265099523
16,2,simplex,11,1.3322676295501878e-15,1.5543122344752192e-15,2.235084270151919
16,2,simplex,12,1.3322676295501878e-15,8.881784197001252e-16,0.1378718563072887
16,2,simplex,13,0.0,1.7763568394002505e-15,0.32667651217978744
16,2,simplex,14,8.881784197001252e-16,1.7763568394002505e-15,2.2333654977773065
16,2,simplex,15,1.7763568394002505e-15,1.7763568394002505e-15,0.8798488761953962
16,2,simplex,16,4.440892098500626e-16,8.881784197001252e-16,0.9990350895865685
16,2,simplex,17,1.3322676295501878e-15,1.3322676295501878e-15,1.2430162054722587
16,2,simplex,18,1.3322676295501878e-15,4.440892098500626e-16,0.2426424956364457
16,2,simplex,19,1.9984014443252818e-15,2.220446049250313e-16,0.5786418330537195
16,2,random,0,4.440892098500626e-16,8.881784197001252e-16,0.17156772101226103
16,2,random,1,6.661338147750939e-16,1.7763568394002505e-15,1.1009847657295708
16,2,random,2,7.771561172376096e-16,4.440892098500626e-16,0.8734191937900988
16,2,random,3,4.440892098500626e-16,4.440892098500626e-16,1.8972572524908102
16,2,random,4,1.7763568394002505e-15,0.0,6.091370693800883
16,2,random,5,4.440892098500626e-15,1.7763568394002505e-15,4.274663796748353
16,2,random,6,0.0,2.6645352591003757e-15,3.3694727254974026
16,2,random,7,1.7763568394002505e-15,0.0,0.020165614783380192
16,2,random,8,1.7763568394002505e-15,0.0,6.894914345327433
16,2,random,9,4.440892098500626e-16,2.220446049250313e-16,0.9985360458336388
16,2,random,10,1.7763568394002505e-15,1.7763568394002505e-15,5.145062025402808
16,2,random,11,4.440892098500626e-16,8.881784197001252e-16,0.7117517094880199
16,2,random,12,8.881784197001252e-16,4.440892098500626e-16,0.592928754279999
16,2,random,13,8.881784197001252e-16,8.881784197001252e-16,0.42753161683070395
16,2,random,14,8.881784197001252e-16,2.6645352591003757e-15,0.638947477818089
16,2,random,15,3.552713678800501e-15,3.552713678800501e-15,0.28621292519846264
16,2,random,16,1.7763568394002505e-15,8.881784197001252e-16,1.085177355595384
16,2,random,17,0.0,1.7763568394002505e-15,2.5285854561816485
16,2,random,18,4.440892098500626e-16,8.881784197001252e-16,0.8439850082410061
16,2,random,19,0.0,0.0,0.701334773329588
16,3,simplex,0,0.0,1.7763568394002505e-15,4.379666880663997
16,3,simplex,1,3.552713678800501e-15,0.0,0.5479569584880579
16,3,simplex,2,1.7763568394002505e-15,8.881784197001252e-16,2.8387613791111974
16,3,simplex,3,0.0,0.0,1.0273588353176422
16,3,simplex,4,4.440892098500626e-16,2.220446049250313e-15,1.2480777104950356
16,3,simplex,5,3.552713678800501e-15,1.7763568394002505e-15,0.7826298688255875
16,3,simplex,6,0.0,3.552713678800501e-15,0.44921139721020076
16,3,simplex,7,1.3322676295501878e-15,8.881784197001252e-16,0.16496225504174333
16,3,simplex,8,0.0,0.0,0.7329271135715345
16,3,simplex,9,8.881784197001252e-16,0.0,0.3657270939409365
16,3,simplex,10,0.0,1.7763568394002505e-15,0.31991651590939085
16,3,simplex,11,8.881784197001252e-16,8.881784197001252e-16,0.3041925315397549
16,3,simplex,12,2.6645352591003757e-15,1.7763568394002505e-15,0.8775197627663047
16,3,simplex,13,8.881784197001252e-16,8.881784197001252e-16,2.587658716999311
16,3,simplex,14,1.7763568394002505e-15,0.0,0.2538852509554488
16,3,simplex,15,1.7763568394002505e-15,1.7763568394002505e-15,0.8180445052660659
16,3,simplex,16,8.881784197001252e-16,1.7763568394002505e-15,0.5438340757983653
16,3,simplex,17,0.0,0.0,8.750474517280535
16,3,simplex,18,8.881784197001252e-16,0.0,1.067402463418567
16,3,simplex,19,0.0,4.440892098500626e-16,0.2004194949611886
16,3,random,0,1.3322676295501878e-15,1.1102230246251565e-15,3.502437994965632
16,3,random,1,0.0,1.7763568394002505e-15,0.16990407895561788
16,3,random,2,3.552713678800501e-15,3.552713678800501e-15,2.635362012887022
16,3,random,3,1.3322676295501878e-15,8.881784197001252e-16,1.1937236534618982
16,3,random,4,1.9984014443252818e-15,1.6653345369377348e-15,4.191582006958345
16,3,random,5,1.7763568394002505e-15,1.7763568394002505e-15,0.21087154261621066
16,3,random,6,1.7763568394002505e-15,1.7763568394002505e-15,1.1866162741248623
16,3,random,7,0.0,1.7763568394002505e-15,0.8781004136106212
16,3,random,8,8.881784197001252e-16,4.440892098500626e-16,0.9571161393179697
16,3,random,9,6.661338147750939e-16,1.3322676295501878e-15,1.137472072676852
16,3,random,10,3.552713678800501e-15,2.6645352591003757e-15,5.611109409003657
16,3,random,11,0.0,0.0,1.4956477856662431
16,3,random,12,2.6645352591003757e-15,3.9968028886505635e-15,0.12599912072732877
16,3,random,13,0.0,8.881784197001252e-16,2.3059269250242522
16,3,random,14,8.881784197001252e-16,0.0,2.9666087735048094
16,3,random,15,1.7763568394002505e-15,1.7763568394002505e-15,3.185171230706956
16,3,random,16,1.3322676295501878e-15,0.0,0.6975354638166564
16,3,random,17,4.440892098500626e-16,4.440892098500626e-16,0.3419909821919447
16,3,random,18,0.0,4.440892098500626e-16,0.8627267791322737
16,3,random,19,2.6645352591003757e-15,8.881784197001252e-16,0.6257244469126384
16,4,simplex,0,8.881784197001252e-16,8.881784197001252e-16,3.034313682880544
16,4,simplex,1,0.0,0.0,8.528730555243001
16,4,simplex,2,1.7763568394002505e-15,1.7763568394002505e-15,1.7266193414819924
16,4,simplex,3,3.552713678800501e-15,1.7763568394002505e-15,3.353305391546911
16,4,simplex,4,0.0,0.0,3.645273763392737
16,4,simplex,5,3.552713678800501e-15,1.7763568394002505e-15,1.8272193509559358
16,4,simplex,6,0.0,1.7763568394002505e-15,6.3126539676002125
16,4,simplex,7,3.1086244689504383e-15,1.3322676295501878e-15,2.3325082883383317
16,4,simplex,8,0.0,0.0,3.854019574132735
16,4,simplex,9,1.3322676295501878e-15,2.220446049250313e-15,0.6163794449069186
16,4,simplex,10,2.220446049250313e-15,2.6645352591003757e-15,3.1923404639113038
16,4,simplex,11,0.0,2.6645352591003757e-15,3.1166543324172267
16,4,simplex,12,3.552713678800501e-15,3.9968028886505635e-15,2.1008472830867753
16,4,simplex,13,2.6645352591003757e-15,2.6645352591003757e-15,3.5467401061124306
16,4,simplex,14,4.440892098500626e-16,2.220446049250313e-15,7.180357412505803
16,4,simplex,15,1.3322676295501878e-15,4.440892098500626e-16,1.4993180804653221
16,4,simplex,16,3.552713678800501e-15,2.220446049250313e-15,0.48553773425267366
16,4,simplex,17,1.7763568394002505e-15,0.0,9.92480894167828
16,4,simplex,18,1.7763568394002505e-15,1.7763568394002505e-15,0.030019305861831214
16,4,simplex,19,0.0,2.6645352591003757e-15,2.145070085621903
16,4,random,0,3.552713678800501e-15,0.0,0.3768430889305918
16,4,random,1,1.7763568394002505e-15,1.7763568394002505e-15,1.2681345048200114
16,4,random,2,8.881784197001252e-16,8.881784197001252e-16,4.74297184858553
16,4,random,3,4.440892098500626e-16,1.3322676295501878e-15,1.064871601991534
16,4,random,4,1.7763568394002505e-15,0.0,3.612045018241357
16,4,random,5,1.7763568394002505e-15,3.552713678800501e-15,1.59999816312623
16,4,random,6,2.6645352591003757e-15,0.0,0.13019029288458128
16,4,random,7,3.552713678800501e-15,8.881784197001252e-16,2.545381770592229
16,4,random,8,1.7763568394002505e-15,1.1102230246251565e-15,0.4959516138448734
16,4,random,9,5.329070518200751e-15,1.7763568394002505e-15,1.4854348567551838
16,4,random,10,9.992007221626409e-16,8.881784197001252e-16,2.01194977211302
16,4,random,11,1.7763568394002505e-15,0.0,0.09036616708083756
16,4,random,12,3.552713678800501e-15,1.7763568394002505e-15,0.6317687671212795
16,4,random,13,3.552713678800501e-15,7.105427357601002e-15,2.3661441894043485
16,4,random,14,0.0,0.0,7.573555318273435
16,4,random,15,8.881784197001252e-16,8.881784197001252e-16,0.1837892555720515
16,4,random,16,1.7763568394002505e-15,1.7763568394002505e-15,1.5330651548535386
16,4,random,17,1.7763568394002505e-15,3.552713678800501e-15,1.0678819212798416
16,4,random,18,8.881784197001252e-16,0.0,3.08381820508437
16,4,random,19,0.0,8.881784197001252e-16,0.41232215328887634
16,5,simplex,0,5.329070518200751e-15,4.884981308350689e-15,0.41616024075896263
16,5,simplex,1,0.0,1.7763568394002505e-15,6.595192924387391
16,5,simplex,2,3.552713678800501e-15,0.0,1.4093402259032004
16,5,simplex,3,0.0,8.881784197001252e-16,0.9538747137538941
16,5,simplex,4,2.6645352591003757e-15,1.7763568394002505e-15,1.9428855007437136
16,5,simplex,5,1.7763568394002505e-15,0.0,1.796210863240855
16,5,simplex,6,2.220446049250313e-15,2.220446049250313e-15,4.395709559496499
16,5,simplex,7,2.6645352591003757e-15,2.6645352591003757e-15,0.49754005864780737
16,5,simplex,8,4.440892098500626e-16,1.7763568394002505e-15,3.655415875910954
16,5,simplex,9,3.552713678800501e-15,3.552713678800501e-15,3.226656592009718
16,5,simplex,10,2.220446049250313e-15,1.7763568394002505e-15,0.7723595330093858
16,5,simplex,11,1.7763568394002505e-15,8.881784197001252e-16,0.7610700269597288
16,5,simplex,12,0.0,0.0,6.093524504336152
16,5,simplex,13,8.881784197001252e-16,0.0,0.5984765253707529
16,5,simplex,14,1.0658141036401503e-14,5.329070518200751e-15,2.3610376444349157
16,5,simplex,15,0.0,1.7763568394002505e-15,3.212214300762888
16,5,simplex,16,2.220446049250313e-15,0.0,0.0018765571958923033
16,5,simplex,17,5.329070518200751e-15,3.552713678800501e-15,2.3361557297445756
16,5,simplex,18,1.7763568394002505e-15,8.881784197001252e-16,1.1315721793127196
16,5,simplex,19,3.552713678800501e-15,0.0,1.245110879961409
16,5,random,0,8.881784197001252e-16,4.440892098500626e-16,0.8409967832577792
16,5,random,1,3.552713678800501e-15,0.0,2.2425605344805177
16,5,random,2,8.881784197001252e-16,8.881784197001252e-16,0.7707720553452617
16,5,random,3,2.886579864025407e-15,2.220446049250313e-16,5.7784870785391504
16,5,random,4,4.440892098500626e-16,8.881784197001252e-16,2.5065341816896947
16,5,random,5,1.7763568394002505e-15,0.0,1.7112921708287843
16,5,random,6,2.6645352591003757e-15,3.552713678800501e-15,1.3586443361163418
16,5,random,7,1.7763568394002505e-15,1.3322676295501878e-15,4.8109998747724845
16,5,random,8,0.0,0.0,10.151727036401546
16,5,random,9,8.881784197001252e-16,1.7763568394002505e-15,0.1906024823844632
16,5,random,10,0.0,8.881784197001252e-16,1.594532057638773
16,5,random,11,3.552713678800501e-15,0.0,0.13502939281125848
16,5,random,12,0.0,1.7763568394002505e-15,1.9521983339012792
16,5,random,13,0.0,0.0,1.0933088673452218
16,5,random,14,1.7763568394002505e-15,0.0,2.0638986407856947
16,5,random,15,5.329070518200751e-15,1.7763568394002505e-15,2.5054300328108425
16,5,random,16,4.440892098500626e-15,3.9968028886505635e-15,3.13673541695519
16,5,random,17,2.6645352591003757e-15,0.0,6.224344291170674
16,5,random,18,1.7763568394002505e-15,1.7763568394002505e-15,1.718628727836112
16,5,random,19,3.552713678800501e-15,0.0,3.3472902886341345
16,8,simplex,0,4.440892098500626e-15,7.993605777301127e-15,2.8008483567843143
16,8,simplex,1,2.220446049250313e-15,1.7763568394002505e-15,1.5702820887154871
16,8,simplex,2,4.884981308350689e-15,5.551115123125783e-15,1.2702559811499867
16,8,simplex,3,0.0,1.7763568394002505e-15,6.606660194780339
16,8,simplex,4,7.105427357601002e-15,3.552713678800501e-15,6.586925913202634
16,8,simplex,5,7.105427357601002e-15,3.552713678800501e-15,1.6233226796239677
16,8,simplex,6,0.0,1.7763568394002505e-15,1.5559084443548272
16,8,simplex,7,5.329070518200751e-15,5.329070518200751e-15,2.3716867067229828
16,8,simplex,8,8.881784197001252e-15,3.552713678800501e-15,0.1641222132556237
16,8,simplex,9,8.881784197001252e-16,0.0,0.6055513599927238
16,8,simplex,10,3.552713678800501e-15,3.552713678800501e-15,3.523816380539259
16,8,simplex,11,1.7763568394002505e-15,0.0,1.989021471784831
16,8,simplex,12,8.881784197001252e-16,4.440892098500626e-15,0.5116082882525461
16,8,simplex,13,3.552713678800501e-15,8.881784197001252e-16,5.108993502926438
16,8,simplex,14,6.661338147750939e-16,3.774758283725532e-15,0.2449113253737778
16,8,simplex,15,3.552713678800501e-15,3.552713678800501e-15,1.1409829434647065
16,8,simplex,16,4.440892098500626e-15,3.552713678800501e-15,5.597602577493262
16,8,simplex,17,3.552713678800501e-15,8.881784197001252e-16,0.12489758578907839
16,8,simplex,18,7.105427357601002e-15,7.105427357601002e-15,1.8226179990483473
16,8,simplex,19,1.7763568394002505e-15,5.329070518200751e-15,6.920953207690403
16,8,random,0,0.0,0.0,7.3679232414191205
16,8,random,1,8.881784197001252e-16,2.4424906541753444e-15,0.18964208660163706
16,8,random,2,4.440892098500626e-16,0.0,1.7659786092223868
16,8,random,3,8.881784197001252e-15,4.440892098500626e-15,0.9050037222301484
16,8,random,4,4.440892098500626e-15,8.881784197001252e-16,0.32688417111762647
16,8,random,5,3.552713678800501e-15,0.0,1.8722998739492311
16,8,random,6,0.0,2.6645352591003757e-15,5.4305180858029445
16,8,random,7,0.0,3.552713678800501e-15,0.24999307213290223
16,8,random,8,5.329070518200751e-15,1.7763568394002505e-15,2.04942125929
16,8,random,9,1.7763568394002505e-15,5.329070518200751e-15,8.70040161780571
16,8,random,10,8.881784197001252e-16,8.881784197001252e-16,4.487996386272087
16,8,random,11,0.0,3.552713678800501e-15,2.746209925712961
16,8,random,12,1.7763568394002505e-15,1.7763568394002505e-15,3.4481777693161604
16,8,random,13,3.552713678800501e-15,1.7763568394002505e-15,0.2588754037688261
16,8,random,14,8.881784197001252e-16,2.6645352591003757e-15,2.070931794024105
16,8,random,15,7.105427357601002e-15,5.329070518200751e-15,1.9294719320484006
16,8,random,16,2.6645352591003757e-15,3.552713678800501e-15,1.357840390942421
16,8,random,17,1.7763568394002505e-15,3.1086244689504383e-15,0.8568094007234635
16,8,random,18,6.217248937900877e-15,6.217248937900877e-15,1.2297302887885238
16,8,random,19,3.1086244689504383e-15,4.440892098500626e-16,4.362059002493453
17,1,simplex,0,0.0,2.6645352591003757e-15,0.25541281533179117
17,1,simplex,1,4.440892098500626e-16,0.0,1.4573092181599892
17,1,simplex,2,0.0,0.0,0.570119915873371
17,1,simplex,3,8.881784197001252e-16,0.0,0.09143797104321649
17,1,simplex,4,2.220446049250313e-16,6.661338147750939e-16,2.4983438294102527
17,1,simplex,5,2.220446049250313e-15,0.0,0.9222780753019167
17,1,simplex,6,0.0,4.440892098500626e-16,0.5886446259053137
17,1,simplex,7,0.0,8.326672684688674e-17,0.5247666323996869
17,1,simplex,8,8.881784197001252e-16,0.0,1.318885226621473
17,1,simplex,9,2.220446049250313e-16,4.440892098500626e-16,0.07699691799879482
17,1,simplex,10,8.881784197001252e-16,8.881784197001252e-16,3.01970774973082
17,1,simplex,11,1.7763568394002505e-15,2.6645352591003757e-15,0.3145214336754618
17,1,simplex,12,0.0,0.0,0.1529388834426264
17,1,simplex,13,8.881784197001252e-16,8.881784197001252e-16,1.0791940732630403
17,1,simplex,14,0.0,0.0,0.6112909815066918
17,1,simplex,15,4.440892098500626e-16,4.440892098500626e-16,0.2896262716363749
17,1,simplex,16,2.220446049250313e-16,6.661338147750939e-16,0.0017321477041534195
17,1,simplex,17,2.220446049250313e-16,1.1102230246251565e-16,0.8536245789461354
17,1,simplex,18,8.881784197001252e-16,1.3322676295501878e-15,1.7117742510610183
17,1,simplex,19,1.3322676295501878e-15,8.881784197001252e-16,2.1732106495728853
17,1,random,0,0.0,6.661338147750939e-16,0.37590623625955466
17,1,random,1,4.440892098500626e-16,0.0,3.4742953438421473
17,1,random,2,8.881784197001252e-16,1.1102230246251565e-15,4.618143225365012
17,1,random,3,0.0,4.440892098500626e-16,0.24762378060918344
17,1,random,4,8.881784197001252e-16,1.7763568394002505e-15,0.6922795013569587
17,1,random,5,0.0,0.0,0.08005222056551586
17,1,random,6,8.881784197001252e-16,8.881784197001252e-16,1.1897565278188846
17,1,random,7,0.0,8.881784197001252e-16,0.1332589524433967
17,1,random,8,0.0,4.440892098500626e-16,0.7211722925920743
17,1,random,9,8.881784197001252e-16,0.0,0.5409001217241103
17,1,random,10,2.220446049250313e-16,3.3306690738754696e-16,0.5308123493783743
17,1,random,11,8.881784197001252e-16,4.440892098500626e-16,0.14700904689501826
17,1,random,12,8.881784197001252e-16,8.881784197001252e-16,0.08156947686795668
17,1,random,13,1.6653345369377348e-16,2.220446049250313e-16,0.07150016565779893
17,1,random,14,0.0,0.0,1.656654761045731
17,1,random,15,4.440892098500626e-16,0.0,0.13104973209561344
17,1,random,16,1.1102230246251565e-16,3.3306690738754696e-16,0.5403123311170663
17,1,random,17,0.0,0.0,1.5348774812404766
17,1,random,18,0.0,0.0,0.0098364762680756
17,1,random,19,8.881784197001252e-16,0.0,1.6849425279674328
17,2,simplex,0,1.7763568394002505e-15,8.881784197001252e-16,2.516245704349263
17,2,simplex,1,0.0,1.7763568394002505e-15,0.4322203380217893
17,2,simplex,2,3.552713678800501e-15,0.0,1.19183380247829
17,2,simplex,3,0.0,8.881784197001252e-16,2.3256280606851902
17,2,simplex,4,8.881784197001252e-16,8.881784197001252e-16,4.086526039930758
17,2,simplex,5,8.881784197001252e-16,0.0,0.7831909392509822
17,2,simplex,6,1.7763568394002505e-15,1.7763568394002505e-15,7.533993413452102
17,2,simplex,7,8.881784197001252e-16,8.881784197001252e-16,0.569767137946215
17,2,simplex,8,4.440892098500626e-16,2.220446049250313e-16,0.13276155830563496
17,2,simplex,9,3.552713678800501e-15,1.7763568394002505e-15,2.1449002264016865
17,2,simplex,10,1.7763568394002505e-15,8.881784197001252e-16,0.23442855234964455
17,2,simplex,11,8.881784197001252e-16,2.6645352591003757e-15,0.7884092992047727
17,2,simplex,12,1.1102230246251565e-15,4.440892098500626e-16,2.6198699205097498
17,2,simplex,13,0.0,8.881784197001252e-16,0.9253313099160643
17,2,simplex,14,4.440892098500626e-16,1.7763568394002505e-15,0.049984244276469525
17,2,simplex,15,8.881784197001252e-16,8.881784197001252e-16,1.3907379494326904
17,2,simplex,16,1.7763568394002505e-15,0.0,2.150526997302425
17,2,simplex,17,0.0,1.7763568394002505e-15,1.4254811069318833
17,2,simplex,18,0.0,0.0,0.9463930099075668
17,2,simplex,19,8.881784197001252e-16,1.7763568394002505e-15,2.4610215639245236
17,2,random,0,1.7763568394002505e-15,8.881784197001252e-16,0.749832465063264
17,2,random,1,8.881784197001252e-16,0.0,2.029646259166462
17,2,random,2,1.1102230246251565e-16,4.440892098500626e-16,0.4065295857996638
17,2,random,3,1.7763568394002505e-15,0.0,2.663600797581033
17,2,random,4,1.7763568394002505e-15,8.881784197001252e-16,2.3815627918120406
17,2,random,5,4.440892098500626e-16,2.4424906541753444e-15,6.68377428206054
17,2,random,6,6.217248937900877e-15,5.329070518200751e-15,3.852624544958733
17,2,random,7,1.7763568394002505e-15,8.881784197001252e-16,0.07709585837146804
17,2,random,8,1.7763568394002505e-15,1.7763568394002505e-15,4.126772029388512
17,2,random,9,0.0,0.0,1.4119778690754856
17,2,random,10,0.0,0.0,1.619823120038422
17,2,random,11,8.881784197001252e-16,2.220446049250313e-16,2.210299668318349
17,2,random,12,8.881784197001252e-16,8.881784197001252e-16,0.82929569914754
17,2,random,13,8.881784197001252e-16,0.0,0.5680485372552031
17,2,random,14,8.881784197001252e-16,0.0,0.15313546138642664
17,2,random,15,2.220446049250313e-15,1.3322676295501878e-15,1.9061756160370393
17,2,random,16,0.0,4.440892098500626e-16,2.913956679730852
17,2,random,17,8.881784197001252e-16,0.0,1.6775760832640643
17,2,random,18,8.881784197001252e-16,8.881784197001252e-16,3.6196941117837547
17,2,random,19,0.0,0.0,1.238528842055457
17,3,simplex,0,1.7763568394002505e-15,0.0,2.267262165828541
17,3,simplex,1,0.0,0.0,0.021362450536493327
17,3,simplex,2,0.0,0.0,2.0242976514309987
17,3,simplex,3,0.0,8.881784197001252e-16,2.394227712170842
17,3,simplex,4,1.7763568394002505e-15,1.7763568394002505e-15,1.3656436363872402
17,3,simplex,5,1.7763568394002505e-15,1.7763568394002505e-15,0.9125800060724529
17,3,simplex,6,6.661338147750939e-16,4.440892098500626e-16,0.3953584414999902
17,3,simplex,7,0.0,0.0,5.029991677665528
17,3,simplex,8,1.3322676295501878e-15,4.440892098500626e-16,2.3863348457815228
17,3,simplex,9,1.7763568394002505e-15,1.7763568394002505e-15,0.4189990270932711
17,3,simplex,10,3.1086244689504383e-15,3.1086244689504383e-15,3.8364554414257963
17,3,simplex,11,1.7763568394002505e-15,2.220446049250313e-15,2.316266235081141
17,3,simplex,12,1.7763568394002505e-15,0.0,0.3547999373923787
17,3,simplex,13,8.881784197001252e-16,8.881784197001252e-16,5.6015331636588
17,3,simplex,14,1.3322676295501878e-15,1.3322676295501878e-15,1.5147369383870632
17,3,simplex,15,2.220446049250313e-16,1.3322676295501878e-15,2.897352975098297
17,3,simplex,16,0.0,1.3322676295501878e-15,1.3326222302456685
17,3,simplex,17,0.0,8.881784197001252e-16,0.09573295621862954
17,3,simplex,18,1.7763568394002505e-15,1.7763568394002505e-15,0.8381201162617202
17,3,simplex,19,8.881784197001252e-16,0.0,1.9189238082986648
17,3,random,0,4.440892098500626e-16,8.881784197001252e-16,3.274135306949198
17,3,random,1,0.0,1.7763568394002505e-15,8.607906607694346
17,3,random,2,3.1086244689504383e-15,3.9968028886505635e-15,1.7286754863684024
17,3,random,3,1.7763568394002505e-15,0.0,2.0195548424771843
17,3,random,4,2.6645352591003757e-15,4.440892098500626e-16,1.2846811212273437
17,3,random,5,8.881784197001252e-16,8.881784197001252e-16,3.4354516326004756
17,3,random,6,8.881784197001252e-16,8.881784197001252e-16,2.063438590922507
17,3,random,7,5.329070518200751e-15,1.7763568394002505e-15,0.0279371260173491
17,3,random,8,0.0,3.552713678800501e-15,2.3684732153889954
17,3,random,9,0.0,0.0,0.4963996611866577
17,3,random,10,0.0,0.0,0.5167076755286502
17,3,random,11,3.552713678800501e-15,5.329070518200751e-15,0.9036565236993255
17,3,random,12,0.0,0.0,0.2258788737237083
17,3,random,13,3.552713678800501e-15,0.0,1.4212568956309752
17,3,random,14,2.220446049250313e-15,2.6645352591003757e-15,3.8636504896647565
17,3,random,15,4.440892098500626e-16,1.3322676295501878e-15,1.4464013686365291
17,3,random,16,4.440892098500626e-16,4.440892098500626e-16,0.7750504627769779
17,3,random,17,1.7763568394002505e-15,0.0,3.8995189093019462
17,3,random,18,0.0,3.552713678800501e-15,1.0741937812831246
17,3,random,19,2.6645352591003757e-15,1.7763568394002505e-15,1.5137817254281565
17,4,simplex,0,1.7763568394002505e-15,1.7763568394002505e-15,1.41078505973287
17,4,simplex,1,2.6645352591003757e-15,3.552713678800501e-15,2.082991190461698
17,4,simplex,2,5.329070518200751e-15,1.7763568394002505e-15,5.954074937010617
17,4,simplex,3,2.6645352591003757e-15,0.0,2.251213066706107
17,4,simplex,4,1.3322676295501878e-15,0.0,0.5551771922501416
17,4,simplex,5,0.0,8.881784197001252e-16,3.74155265359434
17,4,simplex,6,8.881784197001252e-16,2.6645352591003757e-15,2.333805361880323
17,4,simplex,7,1.7763568394002505e-15,5.329070518200751e-15,5.472578295827784
17,4,simplex,8,8.881784197001252e-16,1.7763568394002505e-15,0.34354228708366463
17,4,simplex,9,4.440892098500626e-16,8.881784197001252e-16,3.6227997240036913
17,4,simplex,10,4.440892098500626e-16,8.881784197001252e-16,1.0962322921312122
17,4,simplex,11,3.552713678800501e-15,1.7763568394002505e-15,2.169778748728607
17,4,simplex,12,0.0,0.0,2.837984342258572
17,4,simplex,13,3.552713678800501e-15,3.552713678800501e-15,0.9210896992155035
17,4,simplex,14,2.6645352591003757e-15,3.552713678800501e-15,1.044991278395763
17,4,simplex,15,2.220446049250313e-15,8.881784197001252e-16,1.4829854600585222
17,4,simplex,16,8.881784197001252e-16,0.0,2.9831316816046893
17,4,simplex,17,3.3306690738754696e-15,1.9984014443252818e-15,1.0092821968456533
17,4,simplex,18,3.552713678800501e-15,3.552713678800501e-15,1.3262574086643895
17,4,simplex,19,2.6645352591003757e-15,1.7763568394002505e-15,6.4692059362450145
17,4,random,0,0.0,8.881784197001252e-16,1.5437994896701923
17,4,random,1,7.105427357601002e-15,1.7763568394002505e-15,3.9171704803616194
17,4,random,2,0.0,1.7763568394002505e-15,0.706396598424746
17,4,random,3,1.7763568394002505e-15,8.881784197001252e-16,3.0844716014190574
17,4,random,4,0.0,3.552713678800501e-15,3.0459531293602495
17,4,random,5,3.552713678800501e-15,3.552713678800501e-15,0.23850589048927873
17,4,random,6,2.6645352591003757e-15,1.7763568394002505e-15,1.3246396101004194
17,4,random,7,2.6645352591003757e-15,1.7763568394002505e-15,0.03207442050558029
17,4,random,8,8.881784197001252e-16,2.6645352591003757e-15,0.5484310003085735
17,4,random,9,1.7763568394002505e-15,1.7763568394002505e-15,2.220861672840787
17,4,random,10,1.7763568394002505e-15,4.440892098500626e-16,4.661050553187174
17,4,random,11,8.881784197001252e-16,2.6645352591003757e-15,1.369927174564964
17,4,random,12,1.7763568394002505e-15,0.0,1.8350860658601995
17,4,random,13,0.0,0.0,0.020715390869760597
17,4,random,14,1.7763568394002505e-15,1.7763568394002505e-15,0.9165961531198263
17,4,random,15,5.329070518200751e-15,3.1086244689504383e-15,3.7941598988628478
17,4,random,16,4.440892098500626e-16,3.1086244689504383e-15,5.05777064678928
17,4,random,17,0.0,0.0,3.5321849617943
17,4,random,18,8.881784197001252e-16,8.881784197001252e-16,0.6159740387108386
17,4,random,19,1.7763568394002505e-15,8.881784197001252e-16,6.131288090800297
17,5,simplex,0,3.552713678800501e-15,1.7763568394002505e-15,1.5267525837448517
17,5,simplex,1,8.881784197001252e-16,0.0,3.245559470333795
17,5,simplex,2,0.0,3.552713678800501e-15,1.7021568649584182
17,5,simplex,3,8.881784197001252e-16,4.440892098500626e-16,3.1805750859787736
17,5,simplex,4,4.6629367034256575e-15,2.886579864025407e-15,6.343087464725528
17,5,simplex,5,1.7208456881689926e-15,2.6645352591003757e-15,1.5935232210481587
17,5,simplex,6,0.0,0.0,7.113108247950457
17,5,simplex,7,0.0,0.0,2.2958954167383894
17,5,simplex,8,3.552713678800501e-15,1.7763568394002505e-15,0.17261016846302368
17,5,simplex,9,4.6629367034256575e-15,4.218847493575595e-15,2.0109740883953364
17,5,simplex,10,3.552713678800501e-15,1.7763568394002505e-15,9.599497953934339
17,5,simplex,11,1.7763568394002505e-15,8.881784197001252e-16,1.355389021203159
17,5,simplex,12,1.7763568394002505e-15,1.7763568394002505e-15,2.225319615738293
17,5,simplex,13,3.552713678800501e-15,3.552713678800501e-15,1.7462699089117564
17,5,simplex,14,8.881784197001252e-16,1.7763568394002505e-15,3.273656521093521
17,5,simplex,15,0.0,0.0,8.871304271133518
17,5,simplex,16,1.7763568394002505e-15,8.881784197001252e-16,3.2257820298575695
17,5,simplex,17,4.440892098500626e-16,1.7763568394002505e-15,1.6926482039906716
17,5,simplex,18,4.440892098500626e-16,8.881784197001252e-16,1.0961061115051578
17,5,simplex,19,1.3322676295501878e-15,1.3322676295501878e-15,0.6977693481908673
17,5,random,0,3.552713678800501e-15,1.7763568394002505e-15,0.4306997751458539
17,5,random,1,2.220446049250313e-15,8.881784197001252e-16,6.570537026231939
17,5,random,2,1.3322676295501878e-15,1.3322676295501878e-15,0.2690654246537889
17,5,random,3,2.220446049250313e-15,2.6645352591003757e-15,2.695831895892667
17,5,random,4,8.881784197001252e-16,8.881784197001252e-16,9.642947104964964
17,5,random,5,3.552713678800501e-15,3.552713678800501e-15,0.45135909058697976
17,5,random,6,2.6645352591003757e-15,3.3306690738754696e-15,7.168444774396541
17,5,random,7,1.9984014443252818e-15,1.7763568394002505e-15,8.524115092163541
17,5,random,8,3.552713678800501e-15,0.0,0.558194472072131
17,5,random,9,0.0,0.0,0.717354566942646
17,5,random,10,3.552713678800501e-15,3.552713678800501e-15,4.549743504927378
17,5,random,11,5.329070518200751e-15,5.329070518200751e-15,6.026163194301709
17,5,random,12,1.7763568394002505e-15,5.329070518200751e-15,5.291153066448267
17,5,random,13,0.0,0.0,2.065289683728423
17,5,random,14,3.9968028886505635e-15,1.3322676295501878e-15,4.93932391238539
17,5,random,15,1.4432899320127035e-15,1.7763568394002505e-15,1.1854664573834484
17,5,random,16,3.552713678800501e-15,1.7763568394002505e-15,7.360677278993119
17,5,random,17,0.0,0.0,2.4689852246050847
17,5,random,18,1.7763568394002505e-15,4.440892098500626e-15,2.7323834287630717
17,5,random,19,0.0,0.0,1.9885062599066359
17,8,simplex,0,8.881784197001252e-16,3.552713678800501e-15,1.983520764976312
17,8,simplex,1,3.552713678800501e-15,8.881784197001252e-16,2.7142830598536563
17,8,simplex,2,3.552713678800501e-15,0.0,0.4550253131459101
17,8,simplex,3,0.0,5.329070518200751e-15,5.232132273536308
17,8,simplex,4,1.7763568394002505e-15,8.881784197001252e-16,2.436687098238039
17,8,simplex,5,8.881784197001252e-16,0.0,4.9752066112680495
17,8,simplex,6,5.329070518200751e-15,1.7763568394002505e-15,9.825135830839947
17,8,simplex,7,3.552713678800501e-15,0.0,3.749109581264179
17,8,simplex,8,1.3322676295501878e-15,4.440892098500626e-16,4.608509091842571
17,8,simplex,9,5.329070518200751e-15,0.0,6.878445671366748
17,8,simplex,10,3.552713678800501e-15,0.0,2.5721479258643143
17,8,simplex,11,8.881784197001252e-16,0.0,3.9559878528702583
17,8,simplex,12,2.6645352591003757e-15,5.329070518200751e-15,2.4054737392106063
17,8,simplex,13,5.329070518200751e-15,5.329070518200751e-15,2.160590319230309
17,8,simplex,14,2.886579864025407e-15,3.552713678800501e-15,3.997059499423756
17,8,simplex,15,1.7763568394002505e-15,0.0,0.6953464636787601
17,8,simplex,16,3.552713678800501e-15,2.6645352591003757e-15,3.270955373822332
17,8,simplex,17,1.7763568394002505e-15,1.7763568394002505e-15,2.1912154052272825
17,8,simplex,18,1.7763568394002505e-15,0.0,2.8081183592775716
17,8,simplex,19,7.105427357601002e-15,3.552713678800501e-15,1.6453034189479752
17,8,random,0,5.329070518200751e-15,3.552713678800501e-15,0.9800749378328675
17,8,random,1,3.552713678800501e-15,0.0,4.9078427364142385
17,8,random,2,1.7763568394002505e-15,8.881784197001252e-16,4.845630527005682
17,8,random,3,5.329070518200751e-15,5.329070518200751e-15,0.20668802678572007
17,8,random,4,5.329070518200751e-15,0.0,1.0666781887339738
17,8,random,5,8.881784197001252e-16,1.7763568394002505e-15,4.840884551119146
17,8,random,6,3.552713678800501e-15,8.881784197001252e-16,0.8892887746103142
17,8,random,7,3.552713678800501e-15,3.552713678800501e-15,0.8730259153491673
17,8,random,8,1.0658141036401503e-14,0.0,5.394645905139797
17,8,random,9,8.881784197001252e-16,5.329070518200751e-15,2.987689790754203
17,8,random,10,1.0658141036401503e-14,3.552713678800501e-15,1.2638734438842434
17,8,random,11,3.552713678800501e-15,8.881784197001252e-16,3.9995538819780805
17,8,random,12,0.0,3.552713678800501e-15,1.37021754317378
17,8,random,13,2.4424906541753444e-15,6.661338147750939e-16,0.8312669286190584
17,8,random,14,1.021405182655144e-14,3.9968028886505635e-15,0.6762192130660125
17,8,random,15,7.105427357601002e-15,0.0,1.668976656181428
17,8,random,16,8.881784197001252e-16,2.6645352591003757e-15,2.467971979727764
17,8,random,17,0.0,8.881784197001252e-16,2.846456216458847
17,8,random,18,6.217248937900877e-15,1.7763568394002505e-15,2.151433744711106
17,8,random,19,5.329070518200751e-15,3.552713678800501e-15,1.5010691080845788
18,1,simplex,0,2.220446049250313e-16,2.7755575615628914e-16,0.01641715883760675
18,1,simplex,1,6.661338147750939e-16,4.440892098500626e-16,0.049406537787644034
18,1,simplex,2,6.661338147750939e-16,4.440892098500626e-16,0.0009693751313575305
18,1,simplex,3,8.881784197001252e-16,0.0,1.082588243477801
18,1,simplex,4,0.0,0.0,0.3144445965835128
18,1,simplex,5,0.0,8.881784197001252e-16,0.05203868341340545
18,1,simplex,6,6.661338147750939e-16,7.771561172376096e-16,1.887974239020286
18,1,simplex,7,0.0,8.881784197001252e-16,0.2552860564278232
18,1,simplex,8,4.440892098500626e-16,4.440892098500626e-16,1.5161037678497076
18,1,simplex,9,1.7763568394002505e-15,3.552713678800501e-15,1.9571350495914541
18,1,simplex,10,8.881784197001252e-16,6.661338147750939e-16,0.036056265017746725
18,1,simplex,11,4.440892098500626e-16,4.440892098500626e-16,3.6646594018546885
18,1,simplex,12,4.440892098500626e-16,4.440892098500626e-16,0.1431801509428201
18,1,simplex,13,0.0,0.0,0.34004670864544995
18,1,simplex,14,1.1102230246251565e-16,5.551115123125783e-16,0.025399986806125874
18,1,simplex,15,1.7763568394002505e-15,0.0,0.3326319627936005
18,1,simplex,16,8.881784197001252e-16,8.881784197001252e-16,0.14057882297142843
18,1,simplex,17,8.881784197001252e-16,4.440892098500626e-16,4.280819356360951
18,1,simplex,18,0.0,4.440892098500626e-16,1.9324007710352742
18,1,simplex,19,0.0,4.440892098500626e-16,2.7188191094488507
18,1,random,0,4.440892098500626e-16,4.440892098500626e-16,0.0004841158415285207
18,1,random,1,8.881784197001252e-16,8.881784197001252e-16,0.7244818395990107
18,1,random,2,2.220446049250313e-16,1.1102230246251565e-16,0.011034900912760381
18,1,random,3,8.881784197001252e-16,8.881784197001252e-16,1.3776556976197538
18,1,random,4,1.3322676295501878e-15,2.220446049250313e-16,0.7723746086113437
18,1,random,5,4.440892098500626e-16,0.0,0.4856957109896536
18,1,random,6,7.771561172376096e-16,3.3306690738754696e-16,0.822488762273391
18,1,random,7,0.0,0.0,1.7398845778557348
18,1,random,8,1.1102230246251565e-16,2.220446049250313e-16,0.12517800265232282
18,1,random,9,0.0,1.3322676295501878e-15,1.0447572446708087
18,1,random,10,4.440892098500626e-16,8.881784197001252e-16,0.18139250327681467
18,1,random,11,2.220446049250313e-16,4.440892098500626e-16,0.08773295551369031
18,1,random,12,2.6645352591003757e-15,8.881784197001252e-16,4.341615781253669
18,1,random,13,4.440892098500626e-16,0.0,1.6873132136802416
18,1,random,14,5.551115123125783e-17,1.6653345369377348e-16,0.31852256609619367
18,1,random,15,2.220446049250313e-16,0.0,0.3585885506132487
18,1,random,16,0.0,0.0,0.06142764412645718
18,1,random,17,8.881784197001252e-16,0.0,2.022724373752343
18,1,random,18,0.0,0.0,0.45568509877813845
18,1,random,19,8.881784197001252e-16,8.881784197001252e-16,0.4066031709938187
18,2,simplex,0,0.0,0.0,0.16423019205847567
18,2,simplex,1,0.0,1.7763568394002505e-15,4.081547783107183
18,2,simplex,2,1.7763568394002505e-15,1.7763568394002505e-15,2.6719566403034714
18,2,simplex,3,2.220446049250313e-15,8.881784197001252e-16,1.3021457633306888
18,2,simplex,4,4.440892098500626e-16,1.7763568394002505e-15,1.1277545978800454
18,2,simplex,5,0.0,0.0,0.6619015806710351
18,2,simplex,6,0.0,1.7763568394002505e-15,1.0609476997241813
18,2,simplex,7,1.3322676295501878e-15,8.881784197001252e-16,4.584928428621083
18,2,simplex,8,1.7763568394002505e-15,8.881784197001252e-16,0.3868920458910132
18,2,simplex,9,8.881784197001252e-16,1.7763568394002505e-15,1.4682231277827569
18,2,simplex,10,0.0,0.0,1.4083704624999793
18,2,simplex,11,1.1102230246251565e-15,4.440892098500626e-16,4.227425205318337
18,2,simplex,12,8.881784197001252e-16,0.0,3.9050272645895063
18,2,simplex,13,1.7763568394002505e-15,1.7763568394002505e-15,2.077331670515914
18,2,simplex,14,0.0,0.0,4.120927763228874
18,2,simplex,15,8.881784197001252e-16,1.7763568394002505e-15,3.1403618403859035
18,2,simplex,16,8.881784197001252e-16,1.7763568394002505e-15,0.18563103058446018
18,2,simplex,17,8.881784197001252e-16,2.6645352591003757e-15,0.5274607472545298
18,2,simplex,18,0.0,0.0,6.286331877226576
18,2,simplex,19,3.552713678800501e-15,0.0,3.7263997662084023
18,2,random,0,0.0,1.7763568394002505e-15,0.6269355208730758
18,2,random,1,1.3322676295501878e-15,2.220446049250313e-16,0.5212987201643742
18,2,random,2,1.7763568394002505e-15,0.0,2.0411527680003116
18,2,random,3,3.1086244689504383e-15,1.7763568394002505e-15,2.3943008331937676
18,2,random,4,2.220446049250313e-15,4.440892098500626e-16,2.0162192711435374
18,2,random,5,1.7763568394002505e-15,1.7763568394002505e-15,0.4955644713907432
18,2,random,6,0.0,8.881784197001252e-16,1.6189015096406685
18,2,random,7,4.440892098500626e-16,4.440892098500626e-16,0.706929118817321
18,2,random,8,3.552713678800501e-15,1.7763568394002505e-15,3.431467089097268
18,2,random,9,0.0,0.0,0.06900063098206033
18,2,random,10,0.0,0.0,1.5028726956945269
18,2,random,11,2.6645352591003757e-15,3.552713678800501e-15,0.7078534087529089
18,2,random,12,8.881784197001252e-16,1.7763568394002505e-15,0.17165419270281035
18,2,random,13,3.9968028886505635e-15,3.552713678800501e-15,2.4247353550725386
18,2,random,14,3.552713678800501e-15,0.0,0.9234143338583181
18,2,random,15,1.7763568394002505e-15,1.3322676295501878e-15,0.02401696860703595
18,2,random,16,1.7763568394002505e-15,0.0,1.55891530497499
18,2,random,17,2.6645352591003757e-15,2.6645352591003757e-15,8.330760338661598
18,2,random,18,6.661338147750939e-16,8.881784197001252e-16,0.59632236135689
18,2,random,19,5.329070518200751e-15,3.552713678800501e-15,1.1838273613132237
18,3,simplex,0,2.6645352591003757e-15,8.881784197001252e-16,0.9488292235645268
18,3,simplex,1,2.6645352591003757e-15,0.0,4.266061587455347
18,3,simplex,2,1.7763568394002505e-15,0.0,1.3843735105608204
18,3,simplex,3,3.552713678800501e-15,0.0,0.427427367450111
18,3,simplex,4,3.552713678800501e-15,3.552713678800501e-15,1.5055787562396077
18,3,simplex,5,6.661338147750939e-16,1.3322676295501878e-15,1.0581494520627892
18,3,simplex,6,8.881784197001252e-16,2.6645352591003757e-15,0.07999384701041024
18,3,simplex,7,3.552713678800501e-15,3.552713678800501e-15,0.9976489466782752
18,3,simplex,8,1.3322676295501878e-15,3.552713678800501e-15,2.2982256703309325
18,3,simplex,9,0.0,8.881784197001252e-16,2.366933593866243
18,3,simplex,10,2.220446049250313e-15,6.661338147750939e-16,2.4954282112011157
18,3,simplex,11,1.7763568394002505e-15,0.0,0.2651172455649906
18,3,simplex,12,2.220446049250313e-15,3.1086244689504383e-15,0.7846624288578781
18,3,simplex,13,1.7763568394002505e-15,0.0,7.627855899317108
18,3,simplex,14,0.0,2.9976021664879227e-15,1.3830518942276946
18,3,simplex,15,8.881784197001252e-16,8.881784197001252e-16,1.3710540310289439
18,3,simplex,16,3.552713678800501e-15,7.105427357601002e-15,0.8525080152224547
18,3,simplex,17,8.881784197001252e-16,0.0,3.8176216555521414
18,3,simplex,18,2.220446049250313e-15,2.220446049250313e-15,1.7958131087680727
18,3,simplex,19,0.0,3.552713678800501e-15,8.823594393186251
18,3,random,0,8.881784197001252e-16,8.881784197001252e-16,1.619631442198287
18,3,random,1,8.881784197001252e-16,8.881784197001252e-16,2.2199179708667955
18,3,random,2,1.7763568394002505e-15,0.0,0.10542929678175739
18,3,random,3,1.3322676295501878e-15,0.0,4.631558872928583
18,3,random,4,1.7763568394002505e-15,0.0,1.7640620815393149
18,3,random,5,8.881784197001252e-16,0.0,0.9910821597420565
18,3,random,6,3.552713678800501e-15,5.329070518200751e-15,0.3498967490968923
18,3,random,7,1.7763568394002505e-15,8.881784197001252e-16,1.8288592532026051
18,3,random,8,2.220446049250313e-15,2.220446049250313e-15,1.839923025006648
18,3,random,9,8.881784197001252e-16,8.881784197001252e-16,0.6281268291320963
18,3,random,10,2.6645352591003757e-15,1.7763568394002505e-15,1.417630606335834
18,3,random,11,0.0,2.220446049250313e-15,1.6442624501203937
18,3,random,12,8.881784197001252e-16,8.881784197001252e-16,0.21114083222877866
18,3,random,13,1.7763568394002505e-15,1.7763568394002505e-15,1.1307702726977524
18,3,random,14,0.0,8.881784197001252e-16,0.9748383218562005
18,3,random,15,7.105427357601002e-15,7.105427357601002e-15,1.5790594239990527
18,3,random,16,8.881784197001252e-16,0.0,2.5340962746018256
18,3,random,17,0.0,8.881784197001252e-16,3.10934309389663
18,3,random,18,1.7763568394002505e-15,0.0,1.2775825056907557
18,3,random,19,1.7763568394002505e-15,5.329070518200751e-15,0.021128575099936597
18,4,simplex,0,1.7763568394002505e-15,0.0,0.294215738496888
18,4,simplex,1,8.881784197001252e-16,8.881784197001252e-16,0.809535860219011
18,4,simplex,2,0.0,8.881784197001252e-16,1.1319480017693948
18,4,simplex,3,6.661338147750939e-16,1.3322676295501878e-15,11.201602127532198
18,4,simplex,4,2.6645352591003757e-15,2.6645352591003757e-15,1.298428133587997
18,4,simplex,5,2.220446049250313e-16,2.220446049250313e-16,2.151957257413933
18,4,simplex,6,1.7763568394002505e-15,0.0,2.7254320125615905
18,4,simplex,7,4.440892098500626e-16,1.3322676295501878e-15,0.38620766135520057
18,4,simplex,8,0.0,4.440892098500626e-16,6.639458305499005
18,4,simplex,9,3.9968028886505635e-15,1.7763568394002505e-15,0.956199681883465
18,4,simplex,10,3.552713678800501e-15,3.552713678800501e-15,1.3861108322618882
18,4,simplex,11,2.6645352591003757e-15,8.881784197001252e-16,6.138768527578208
18,4,simplex,12,1.5543122344752192e-15,2.220446049250313e-16,7.01073058201451
18,4,simplex,13,8.881784197001252e-16,2.6645352591003757e-15,0.6804770560996545
18,4,simplex,14,1.3322676295501878e-15,2.220446049250313e-15,2.653876028791988
18,4,simplex,15,0.0,2.6645352591003757e-15,1.9626152312074154
18,4,simplex,16,2.6645352591003757e-15,4.440892098500626e-15,5.121107197916061
18,4,simplex,17,8.881784197001252e-16,2.4424906541753444e-15,0.16674416243876067
18,4,simplex,18,4.218847493575595e-15,2.220446049250313e-16,1.0057351252292506
18,4,simplex,19,7.105427357601002e-15,0.0,1.7998892281263537
18,4,random,0,1.7763568394002505e-15,1.7763568394002505e-15,0.43631442720274194
18,4,random,1,8.881784197001252e-16,1.7763568394002505e-15,0.07569807851960775
18,4,random,2,1.7763568394002505e-15,1.7763568394002505e-15,0.28130014134806913
18,4,random,3,3.1086244689504383e-15,2.220446049250313e-15,0.13018582884696883
18,4,random,4,0.0,8.881784197001252e-16,3.2012081880699768
18,4,random,5,8.881784197001252e-16,0.0,0.5553443114517442
18,4,random,6,1.0658141036401503e-14,7.105427357601002e-15,1.6242803296676342
18,4,random,7,1.7763568394002505e-15,1.7763568394002505e-15,1.783977793067308
18,4,random,8,0.0,0.0,1.0139738509785374
18,4,random,9,2.220446049250313e-16,0.0,2.728050939721733
18,4,random,10,1.7763568394002505e-15,0.0,1.2355954911450944
18,4,random,11,1.7763568394002505e-15,3.552713678800501e-15,2.111712431286847
18,4,random,12,1.7763568394002505e-15,1.7763568394002505e-15,0.6055033121989126
18,4,random,13,3.552713678800501e-15,1.7763568394002505e-15,5.361033172565612
18,4,random,14,0.0,0.0,1.5304202912152576
18,4,random,15,3.552713678800501e-15,0.0,1.8916873113871588
18,4,random,16,3.552713678800501e-15,3.552713678800501e-15,0.3012885629446558
18,4,random,17,3.552713678800501e-15,3.552713678800501e-15,2.5672278812812124
18,4,random,18,0.0,0.0,1.0742006115592346
18,4,random,19,6.661338147750939e-16,6.661338147750939e-16,2.832859605569894
18,5,simplex,0,1.7763568394002505e-15,8.881784197001252e-16,4.0768397278737964
18,5,simplex,1,1.7763568394002505e-15,1.7763568394002505e-15,1.6889214002206643
18,5,simplex,2,1.7763568394002505e-15,0.0,1.004283801886281
18,5,simplex,3,1.7763568394002505e-15,1.7763568394002505e-15,0.06564325019245132
18,5,simplex,4,1.7763568394002505e-15,5.329070518200751e-15,3.712751745248383
18,5,simplex,5,4.440892098500626e-15,1.7763568394002505e-15,1.2053852028953216
18,5,simplex,6,1.7763568394002505e-15,1.7763568394002505e-15,1.1258232696148909
18,5,simplex,7,3.552713678800501e-15,0.0,1.0415054094801874
18,5,simplex,8,0.0,2.6645352591003757e-15,4.356199728287923
18,5,simplex,9,0.0,1.7763568394002505e-15,1.6645420526707255
18,5,simplex,10,2.6645352591003757e-15,0.0,0.7916859372917315
18,5,simplex,11,8.881784197001252e-16,1.7763568394002505e-15,0.827263015904613
18,5,simplex,12,0.0,0.0,2.607122171956192
18,5,simplex,13,1.7763568394002505e-15,1.7763568394002505e-15,2.555317027834249
18,5,simplex,14,5.329070518200751e-15,1.7763568394002505e-15,0.12846283466859632
18,5,simplex,15,2.6645352591003757e-15,3.552713678800501e-15,0.23842586023248913
18,5,simplex,16,1.7763568394002505e-15,2.220446049250313e-15,4.730584472913108
18,5,simplex,17,3.774758283725532e-15,1.1102230246251565e-15,1.683891195649963
18,5,simplex,18,6.217248937900877e-15,4.884981308350689e-15,3.9260026432080792
18,5,simplex,19,1.3322676295501878e-15,4.440892098500626e-16,1.5512792881887805
18,5,random,0,3.552713678800501e-15,5.329070518200751e-15,2.7710150485451877
18,5,random,1,8.881784197001252e-16,3.552713678800501e-15,2.937033734283247
18,5,random,2,1.3322676295501878e-15,2.6645352591003757e-15,2.6486138879373655
18,5,random,3,8.881784197001252e-16,1.7763568394002505e-15,2.794038015160069
18,5,random,4,0.0,0.0,2.3718402231043285
18,5,random,5,1.7763568394002505e-15,1.7763568394002505e-15,4.589000315691585
18,5,random,6,3.552713678800501e-15,3.552713678800501e-15,2.9022058936534307
18,5,random,7,0.0,7.105427357601002e-15,1.9124311823151707
18,5,random,8,0.0,3.552713678800501e-15,3.2948571579886377
18,5,random,9,1.7763568394002505e-15,3.552713678800501e-15,2.004596835753482
18,5,random,10,0.0,1.7763568394002505e-15,2.8699691899200133
18,5,random,11,8.881784197001252e-16,2.6645352591003757e-15,4.722932757408756
18,5,random,12,1.7763568394002505e-15,8.881784197001252e-16,1.6835540367340016
18,5,random,13,4.440892098500626e-16,1.7763568394002505e-15,1.600363903911223
18,5,random,14,0.0,2.6645352591003757e-15,2.2297059461101867
18,5,random,15,2.6645352591003757e-15,2.886579864025407e-15,0.4643162920467887
18,5,random,16,5.329070518200751e-15,0.0,0.26529666267381913
18,5,random,17,3.552713678800501e-15,0.0,3.8035327654311004
18,5,random,18,5.329070518200751e-15,1.7763568394002505e-15,2.6033991595390837
18,5,random,19,0.0,0.0,6.08720090698322
18,8,simplex,0,3.552713678800501e-15,3.552713678800501e-15,5.64706836135143
18,8,simplex,1,5.773159728050814e-15,3.1086244689504383e-15,4.471805228757631
18,8,simplex,2,2.6645352591003757e-15,8.881784197001252e-16,4.462140356927691
18,8,simplex,3,6.217248937900877e-15,1.7763568394002505e-15,0.7820626542875431
18,8,simplex,4,1.7763568394002505e-15,8.881784197001252e-16,2.4529141100076117
18,8,simplex,5,3.552713678800501e-15,0.0,3.223717105751266
18,8,simplex,6,3.552713678800501e-15,4.440892098500626e-15,2.304713086848551
18,8,simplex,7,3.552713678800501e-15,3.552713678800501e-15,1.275296613077714
18,8,simplex,8,8.881784197001252e-16,8.881784197001252e-16,4.372438861435363
18,8,simplex,9,0.0,0.0,1.134824317582968
18,8,simplex,10,2.6645352591003757e-15,7.105427357601002e-15,0.6223474139516938
18,8,simplex,11,8.881784197001252e-16,1.7763568394002505e-15,0.7474453872611093
18,8,simplex,12,1.7763568394002505e-15,3.552713678800501e-15,0.5145543791516118
18,8,simplex,13,2.6645352591003757e-15,0.0,2.950090106906117
18,8,simplex,14,7.105427357601002e-15,0.0,0.27165519929887694
18,8,simplex,15,1.7763568394002505e-15,3.552713678800501e-15,4.310704554217374
18,8,simplex,16,0.0,3.552713678800501e-15,10.836341936537806
18,8,simplex,17,1.7763568394002505e-15,0.0,3.18733772070086
18,8,simplex,18,7.105427357601002e-15,0.0,0.13046911003785056
18,8,simplex,19,0.0,0.0,2.7253003320909244
18,8,random,0,5.329070518200751e-15,8.881784197001252e-16,3.506096486424667
18,8,random,1,3.552713678800501e-15,1.7763568394002505e-15,6.173355240447009
18,8,random,2,7.105427357601002e-15,3.552713678800501e-15,14.939248293627678
18,8,random,3,8.881784197001252e-16,1.7763568394002505e-15,11.464173496227815
18,8,random,4,4.440892098500626e-15,2.6645352591003757e-15,4.573324503948697
18,8,random,5,1.7763568394002505e-15,0.0,1.5968130769830182
18,8,random,6,1.3322676295501878e-15,4.440892098500626e-16,8.975801813812197
18,8,random,7,1.7763568394002505e-15,3.552713678800501e-15,4.942284397036936
18,8,random,8,3.552713678800501e-15,1.7763568394002505e-15,8.937020992891405
18,8,random,9,1.7763568394002505e-15,1.7763568394002505e-15,0.2904601565780922
18,8,random,10,3.552713678800501e-15,3.552713678800501e-15,1.7368737884563359
18,8,random,11,1.7763568394002505e-15,3.552713678800501e-15,0.6564953903552535
18,8,random,12,1.7763568394002505e-15,3.552713678800501e-15,0.750514926427428
18,8,random,13,1.7763568394002505e-15,1.7763568394002505e-15,6.169339126471002
18,8,random,14,5.329070518200751e-15,3.552713678800501e-15,0.5803750235355807
18,8,random,15,3.552713678800501e-15,1.7763568394002505e-15,0.5360137561919771
18,8,random,16,7.105427357601002e-15,1.7763568394002505e-15,0.513493416685094
18,8,random,17,5.773159728050814e-15,4.440892098500626e-16,0.44674976443401704
18,8,random,18,6.217248937900877e-15,1.7763568394002505e-15,1.6517896060251118
18,8,random,19,3.552713678800501e-15,1.7763568394002505e-15,1.8265493454907045
19,1,simplex,0,4.440892098500626e-16,4.440892098500626e-16,0.027239035591545502
19,1,simplex,1,6.661338147750939e-16,8.881784197001252e-16,0.834444464737262
19,1,simplex,2,8.881784197001252e-16,8.881784197001252e-16,0.20019540616636533
19,1,simplex,3,4.440892098500626e-16,4.440892098500626e-16,0.9625288864238555
19,1,simplex,4,4.440892098500626e-16,4.440892098500626e-16,0.021605302506007007
19,1,simplex,5,8.881784197001252e-16,4.440892098500626e-16,2.240618404591413
19,1,simplex,6,2.220446049250313e-16,2.220446049250313e-16,0.28498243729168937
19,1,simplex,7,4.440892098500626e-16,6.661338147750939e-16,0.8315086305882256
19,1,simplex,8,4.440892098500626e-16,0.0,3.51427755694055
19,1,simplex,9,4.440892098500626e-16,8.881784197001252e-16,0.47718000992267307
19,1,simplex,10,0.0,0.0,0.923649439064441
19,1,simplex,11,0.0,4.440892098500626e-16,1.14437197835923
19,1,simplex,12,4.440892098500626e-16,4.440892098500626e-16,0.31976905944117107
19,1,simplex,13,1.7763568394002505e-15,0.0,0.43030699513052983
19,1,simplex,14,4.440892098500626e-16,4.440892098500626e-16,1.0753088575953456
19,1,simplex,15,8.881784197001252e-16,0.0,1.9936180679787237
19,1,simplex,16,8.881784197001252e-16,8.881784197001252e-16,2.3940324162212967
19,1,simplex,17,1.3322676295501878e-15,4.440892098500626e-16,0.9627311154932467
19,1,simplex,18,4.440892098500626e-16,0.0,7.289279040693811
19,1,simplex,19,4.440892098500626e-16,4.440892098500626e-16,0.614589709082634
19,1,random,0,0.0,4.440892098500626e-16,2.6748194870950215
19,1,random,1,8.881784197001252e-16,4.440892098500626e-16,0.8884827575115248
19,1,random,2,0.0,0.0,0.51576270049034
19,1,random,3,8.881784197001252e-16,0.0,0.5095467908160458
19,1,random,4,0.0,0.0,0.4007644385431064
19,1,random,5,0.0,1.7763568394002505e-15,0.17959780226517275
19,1,random,6,8.881784197001252e-16,0.0,1.7257870761564824
19,1,random,7,4.440892098500626e-16,4.440892098500626e-16,1.3997141069735486
19,1,random,8,4.440892098500626e-16,8.881784197001252e-16,0.4353499500891509
19,1,random,9,2.220446049250313e-16,4.440892098500626e-16,4.0869755919173985
19,1,random,10,8.881784197001252e-16,0.0,3.6400349205364186
19,1,random,11,2.220446049250313e-16,2.220446049250313e-16,0.45202384084807434
19,1,random,12,0.0,0.0,0.12530508978406907
19,1,random,13,4.440892098500626e-16,0.0,2.263245353768496
19,1,random,14,1.1102230246251565e-15,8.881784197001252e-16,0.3045613925687167
19,1,random,15,8.881784197001252e-16,8.881784197001252e-16,0.5613486445563005
19,1,random,16,0.0,8.881784197001252e-16,0.21269133445462884
19,1,random,17,4.440892098500626e-16,0.0,0.012827583939041709
19,1,random,18,8.881784197001252e-16,0.0,1.0051037262610816
19,1,random,19,2.220446049250313e-16,2.220446049250313e-16,1.8551653658563332
19,2,simplex,0,1.3322676295501878e-15,1.3322676295501878e-15,2.0965304012306625
19,2,simplex,1,3.552713678800501e-15,3.552713678800501e-15,1.063887787346271
19,2,simplex,2,0.0,3.552713678800501e-15,2.858478405921483
19,2,simplex,3,2.6645352591003757e-15,2.6645352591003757e-15,2.2309741810562347
19,2,simplex,4,0.0,1.7763568394002505e-15,7.8384419952224
19,2,simplex,5,0.0,0.0,0.5340461859650958
19,2,simplex,6,0.0,3.552713678800501e-15,2.660014709442997
19,2,simplex,7,1.7763568394002505e-15,1.7763568394002505e-15,5.652823243323548
19,2,simplex,8,2.6645352591003757e-15,0.0,2.358958405342218
19,2,simplex,9,8.881784197001252e-16,8.881784197001252e-16,3.7802013865215294
19,2,simplex,10,2.6645352591003757e-15,4.440892098500626e-16,0.5392531932034821
19,2,simplex,11,4.440892098500626e-16,4.440892098500626e-16,0.930149003998352
19,2,simplex,12,1.7763568394002505e-15,1.7763568394002505e-15,1.7117099780277734
19,2,simplex,13,0.0,0.0,0.6744202281692289
19,2,simplex,14,8.881784197001252e-16,0.0,0.4546851038114319
19,2,simplex,15,8.881784197001252e-16,0.0,2.7387720269921605
19,2,simplex,16,1.7763568394002505e-15,1.7763568394002505e-15,1.8921821538890953
19,2,simplex,17,3.552713678800501e-15,2.6645352591003757e-15,2.583910774296921
19,2,simplex,18,0.0,8.881784197001252e-16,0.36920246552110214
19,2,simplex,19,1.7763568394002505e-15,1.7763568394002505e-15,0.42985188109795835
19,2,random,0,0.0,1.3322676295501878e-15,0.09854963949994833
19,2,random,1,0.0,1.7763568394002505e-15,2.098729116130059
19,2,random,2,1.7763568394002505e-15,1.7763568394002505e-15,1.1382824021198452
19,2,random,3,0.0,1.7763568394002505e-15,0.41646324703547055
19,2,random,4,4.440892098500626e-16,1.3322676295501878e-15,0.06609664037843999
19,2,random,5,8.881784197001252e-16,1.7763568394002505e-15,0.5344093749421184
19,2,random,6,0.0,1.3322676295501878e-15,0.2605062472944546
19,2,random,7,0.0,1.7763568394002505e-15,0.4569486759554451
19,2,random,8,7.771561172376096e-16,1.1102230246251565e-15,1.9195492086598627
19,2,random,9,8.881784197001252e-16,8.881784197001252e-16,1.734617541841292
19,2,random,10,8.881784197001252e-16,0.0,0.49770670484679513
19,2,random,11,8.881784197001252e-16,4.440892098500626e-16,0.37492393200450813
19,2,random,12,2.220446049250313e-15,8.881784197001252e-16,2.9883610799514706
19,2,random,13,8.881784197001252e-16,2.220446049250313e-15,0.08591958146458722
19,2,random,14,0.0,0.0,0.20598359854560755
19,2,random,15,1.3322676295501878e-15,4.440892098500626e-16,2.848549537543162
19,2,random,16,0.0,0.0,0.5158224093644996
19,2,random,17,0.0,8.881784197001252e-16,1.905917322420649
19,2,random,18,0.0,1.7763568394002505e-15,5.893369831545392
19,2,random,19,0.0,0.0,0.2832190826484329
19,3,simplex,0,1.7763568394002505e-15,0.0,0.3783659344657977
19,3,simplex,1,1.7763568394002505e-15,1.7763568394002505e-15,0.38976489396532976
19,3,simplex,2,0.0,1.7763568394002505e-15,1.4779607033357074
19,3,simplex,3,8.881784197001252e-16,2.220446049250313e-16,8.49912142173255
19,3,simplex,4,0.0,1.7763568394002505e-15,2.8393205313671217
19,3,simplex,5,3.552713678800501e-15,0.0,0.29642037882473105
19,3,simplex,6,1.7763568394002505e-15,0.0,8.02408670664244
19,3,simplex,7,1.3322676295501878e-15,8.881784197001252e-16,8.102335367169623
19,3,simplex,8,6.661338147750939e-16,1.7763568394002505e-15,1.106580733110544
19,3,simplex,9,3.552713678800501e-15,2.6645352591003757e-15,1.3668901059608096
19,3,simplex,10,8.881784197001252e-16,2.220446049250313e-15,1.5302532004245002
19,3,simplex,11,0.0,3.552713678800501e-15,1.0840210431135588
19,3,simplex,12,0.0,1.7763568394002505e-15,3.243648784944238
19,3,simplex,13,1.7763568394002505e-15,0.0,3.255467573247305
19,3,simplex,14,0.0,8.881784197001252e-16,0.3137524338751341
19,3,simplex,15,3.552713678800501e-15,1.7763568394002505e-15,0.7600693946879113
19,3,simplex,16,2.6645352591003757e-15,1.7763568394002505e-15,1.2466295679501016
19,3,simplex,17,1.7763568394002505e-15,0.0,1.5941019373020957
19,3,simplex,18,0.0,0.0,0.7613360350978766
19,3,simplex,19,1.7763568394002505e-15,1.7763568394002505e-15,0.5689025930739433
19,3,random,0,0.0,0.0,2.0849310456976777
19,3,random,1,1.3322676295501878e-15,1.3322676295501878e-15,2.5757368718247484
19,3,random,2,1.7763568394002505e-15,2.6645352591003757e-15,0.19446920236899246
19,3,random,3,1.3322676295501878e-15,1.7763568394002505e-15,0.9445144117107951
19,3,random,4,0.0,8.881784197001252e-16,2.080937689905751
19,3,random,5,0.0,1.7763568394002505e-15,2.134641000664004
19,3,random,6,0.0,1.7763568394002505e-15,2.3624230102995014
19,3,random,7,2.4424906541753444e-15,6.661338147750939e-16,1.5578393533370694
19,3,random,8,2.886579864025407e-15,1.3322676295501878e-15,1.822995637810715
19,3,random,9,4.440892098500626e-15,8.881784197001252e-16,1.519716575638391
19,3,random,10,4.440892098500626e-16,0.0,2.395169228553778
19,3,random,11,1.7763568394002505e-15,0.0,0.7979145747752554
19,3,random,12,3.1086244689504383e-15,1.3322676295501878e-15,1.3102147938876172
19,3,random,13,4.440892098500626e-16,1.3322676295501878e-15,0.5341392548323167
19,3,random,14,0.0,8.881784197001252e-16,1.7511469526961085
19,3,random,15,3.552713678800501e-15,1.7763568394002505e-15,0.2660445471916191
19,3,random,16,0.0,0.0,0.44509791642832397
19,3,random,17,0.0,3.552713678800501e-15,2.381449694589044
19,3,random,18,8.881784197001252e-16,8.881784197001252e-16,1.53069910938315
19,3,random,19,2.220446049250313e-15,4.440892098500626e-16,2.2796374580958485
19,4,simplex,0,0.0,0.0,4.508792845557082
19,4,simplex,1,1.7763568394002505e-15,3.552713678800501e-15,1.3384833776976492
19,4,simplex,2,8.881784197001252e-16,4.440892098500626e-16,0.30446350957949164
19,4,simplex,3,0.0,8.881784197001252e-16,1.405422489837548
19,4,simplex,4,8.881784197001252e-16,0.0,1.4192404195151411
19,4,simplex,5,0.0,1.7763568394002505e-15,0.34223212330202557
19,4,simplex,6,1.7763568394002505e-15,3.552713678800501e-15,2.288147392004504
19,4,simplex,7,3.552713678800501e-15,3.552713678800501e-15,2.82665664700378
19,4,simplex,8,0.0,0.0,3.119508439158011
19,4,simplex,9,3.552713678800501e-15,0.0,0.2296895993468766
19,4,simplex,10,8.881784197001252e-16,1.7763568394002505e-15,1.0538107505976342
19,4,simplex,11,8.881784197001252e-16,4.440892098500626e-16,3.801094521623284
19,4,simplex,12,0.0,1.7763568394002505e-15,0.20588534026314598
19,4,simplex,13,0.0,0.0,0.5262455259303742
19,4,simplex,14,1.7763568394002505e-15,1.7763568394002505e-15,8.013737420171736
19,4,simplex,15,2.220446049250313e-15,0.0,1.8270274033361318
19,4,simplex,16,6.661338147750939e-15,3.9968028886505635e-15,1.9655031441196158
19,4,simplex,17,1.7763568394002505e-15,0.0,1.7395066059360218
19,4,simplex,18,1.7763568394002505e-15,1.7763568394002505e-15,0.72842053436462
19,4,simplex,19,1.7763568394002505e-15,3.1086244689504383e-15,2.5815069413715293
19,4,random,0,0.0,0.0,1.4713513811697965
19,4,random,1,1.7763568394002505e-15,0.0,2.4166465166592346
19,4,random,2,7.105427357601002e-15,3.552713678800501e-15,0.3476575145220764
19,4,random,3,7.105427357601002e-15,0.0,0.18175013055156342
19,4,random,4,3.552713678800501e-15,1.7763568394002505e-15,4.666266238195064
19,4,random,5,3.9968028886505635e-15,5.773159728050814e-15,2.7975151160690714
19,4,random,6,1.3322676295501878e-15,1.7763568394002505e-15,0.7981958893321845
19,4,random,7,8.881784197001252e-16,1.7763568394002505e-15,0.622967878609991
19,4,random,8,1.7763568394002505e-15,3.552713678800501e-15,5.538801535320722
19,4,random,9,0.0,7.105427357601002e-15,2.537397637714502
19,4,random,10,3.552713678800501e-15,2.6645352591003757e-15,3.1261251461393726
19,4,random,11,1.7763568394002505e-15,1.7763568394002505e-15,1.4068862498516417
19,4,random,12,1.7763568394002505e-15,1.7763568394002505e-15,2.26835221298078
19,4,random,13,2.220446049250313e-16,2.220446049250313e-16,1.2229879731900581
19,4,random,14,3.552713678800501e-15,0.0,4.848291229011711
19,4,random,15,1.3322676295501878e-15,0.0,2.655426490633868
19,4,random,16,3.552713678800501e-15,5.329070518200751e-15,1.8192031021205182
19,4,random,17,1.7763568394002505e-15,3.552713678800501e-15,1.1110928682146124
19,4,random,18,1.7763568394002505e-15,8.881784197001252e-16,2.0362836180220114
19,4,random,19,1.7763568394002505e-15,0.0,2.3292620823442363
19,5,simplex,0,1.0658141036401503e-14,3.552713678800501e-15,1.744924398862075
19,5,simplex,1,1.7763568394002505e-15,1.7763568394002505e-15,6.743626783667949
19,5,simplex,2,1.9984014443252818e-15,6.661338147750939e-16,0.29844313899569386
19,5,simplex,3,1.7763568394002505e-15,1.7763568394002505e-15,2.5022219875785936
19,5,simplex,4,2.6645352591003757e-15,2.6645352591003757e-15,1.4812942123593444
19,5,simplex,5,8.881784197001252e-16,2.6645352591003757e-15,0.7369292793354631
19,5,simplex,6,1.7763568394002505e-15,1.7763568394002505e-15,4.597171279636925
19,5,simplex,7,0.0,0.0,1.0649656506079808
19,5,simplex,8,0.0,0.0,0.9889624580018506
19,5,simplex,9,8.881784197001252e-16,1.7763568394002505e-15,2.356089728711531
19,5,simplex,10,3.552713678800501e-15,0.0,1.4670055072324644
19,5,simplex,11,3.552713678800501e-15,7.105427357601002e-15,1.1557263648675615
19,5,simplex,12,1.7763568394002505e-15,1.7763568394002505e-15,3.1394310552391502
19,5,simplex,13,0.0,3.1086244689504383e-15,1.7428673286312417
19,5,simplex,14,2.6645352591003757e-15,4.440892098500626e-15,1.2296132697801703
19,5,simplex,15,1.7763568394002505e-15,0.0,8.222424989948266
19,5,simplex,16,3.552713678800501e-15,8.881784197001252e-16,0.24665417645583076
19,5,simplex,17,8.881784197001252e-16,8.881784197001252e-16,5.39876973023555
19,5,simplex,18,1.7763568394002505e-15,1.7763568394002505e-15,0.800573318143087
19,5,simplex,19,3.552713678800501e-15,0.0,1.8452059481553746
19,5,random,0,1.7763568394002505e-15,3.552713678800501e-15,3.390315074815348
19,5,random,1,4.440892098500626e-16,2.6645352591003757e-15,2.331701593565704
19,5,random,2,0.0,1.1102230246251565e-15,9.015344973410777
19,5,random,3,0.0,4.440892098500626e-16,1.6727243371712177
19,5,random,4,2.6645352591003757e-15,2.6645352591003757e-15,0.5970706331074354
19,5,random,5,0.0,3.552713678800501e-15,4.528666204598018
19,5,random,6,5.329070518200751e-15,5.329070518200751e-15,0.9283776732761844
19,5,random,7,8.881784197001252e-16,1.7763568394002505e-15,1.7932409802902427
19,5,random,8,3.552713678800501e-15,1.7763568394002505e-15,2.247368620536605
19,5,random,9,3.552713678800501e-15,4.440892098500626e-15,2.6189874395209927
19,5,random,10,1.7763568394002505e-15,1.7763568394002505e-15,4.731769700686989
19,5,random,11,3.552713678800501e-15,2.6645352591003757e-15,3.779896392566073
19,5,random,12,0.0,1.7763568394002505e-15,5.233283467177092
19,5,random,13,5.329070518200751e-15,4.440892098500626e-16,1.205537800870502
19,5,random,14,0.0,3.552713678800501e-15,0.3455285208923726
19,5,random,15,1.7763568394002505e-15,1.7763568394002505e-15,3.850859920903794
19,5,random,16,0.0,1.7763568394002505e-15,0.3893327992613109
19,5,random,17,1.7763568394002505e-15,1.7763568394002505e-15,1.667626180943003
19,5,random,18,0.0,7.105427357601002e-15,2.9865223989318253
19,5,random,19,2.6645352591003757e-15,3.552713678800501e-15,4.616111660943655
19,8,simplex,0,8.881784197001252e-16,8.881784197001252e-16,1.5714485841627237
19,8,simplex,1,7.105427357601002e-15,3.552713678800501e-15,2.1609196330954106
19,8,simplex,2,0.0,0.0,1.2205820244048482
19,8,simplex,3,3.552713678800501e-15,3.1086244689504383e-15,1.4868002879890128
19,8,simplex,4,0.0,0.0,0.34306234018932713
19,8,simplex,5,0.0,2.6645352591003757e-15,3.7982213790648416
19,8,simplex,6,1.7763568394002505e-15,0.0,4.179391031208532
19,8,simplex,7,1.7763568394002505e-15,2.220446049250313e-15,2.6077902496475645
19,8,simplex,8,2.6645352591003757e-15,8.881784197001252e-16,2.0741243776569434
19,8,simplex,9,3.552713678800501e-15,1.7763568394002505e-15,4.70293949881497
19,8,simplex,10,0.0,1.7763568394002505e-15,2.5591123845106267
19,8,simplex,11,3.552713678800501e-15,3.552713678800501e-15,1.3283057144699768
19,8,simplex,12,8.881784197001252e-16,8.881784197001252e-16,1.8431041229104324
19,8,simplex,13,5.329070518200751e-15,2.6645352591003757e-15,2.8161299443985257
19,8,simplex,14,4.440892098500626e-15,5.329070518200751e-15,15.982240270330898
19,8,simplex,15,3.552713678800501e-15,0.0,0.40963825325808756
19,8,simplex,16,3.552713678800501e-15,3.552713678800501e-15,1.1511532478806856
19,8,simplex,17,5.329070518200751e-15,7.105427357601002e-15,3.2062007958438343
19,8,simplex,18,1.7763568394002505e-15,3.552713678800501e-15,3.75337301034574
19,8,simplex,19,1.7763568394002505e-15,1.7763568394002505e-15,0.7825598219054086
19,8,random,0,7.105427357601002e-15,0.0,3.1149553480438925
19,8,random,1,1.7763568394002505e-15,8.881784197001252e-16,0.5173943085447306
19,8,random,2,0.0,0.0,0.2206111379520479
19,8,random,3,3.552713678800501e-15,1.7763568394002505e-15,5.472659245512595
19,8,random,4,1.7763568394002505e-15,3.552713678800501e-15,1.7975633774070872
19,8,random,5,7.105427357601002e-15,7.105427357601002e-15,8.407417401349676
19,8,random,6,3.552713678800501e-15,8.881784197001252e-16,1.4801594407126188
19,8,random,7,0.0,0.0,1.1829904222299135
19,8,random,8,0.0,1.7763568394002505e-15,2.848797314741155
19,8,random,9,3.552713678800501e-15,3.552713678800501e-15,0.5659283618959421
19,8,random,10,5.329070518200751e-15,1.7763568394002505e-15,15.471612538664516
19,8,random,11,0.0,0.0,5.8019429819566
19,8,random,12,3.552713678800501e-15,1.7763568394002505e-15,3.2280506198042644
19,8,random,13,3.552713678800501e-15,1.7763568394002505e-15,1.5889726082475448
19,8,random,14,3.552713678800501e-15,4.440892098500626e-15,2.7705314512501857
19,8,random,15,1.7763568394002505e-15,1.7763568394002505e-15,2.1044334026927025
19,8,random,16,3.552713678800501e-15,3.552713678800501e-15,1.2931289804120922
19,8,random,17,3.552713678800501e-15,0.0,2.191057924720262
19,8,random,18,3.552713678800501e-15,1.7763568394002505e-15,1.6562991055098024
19,8,random,19,3.552713678800501e-15,0.0,0.5542038795614417
20,1,simplex,0,2.220446049250313e-16,3.3306690738754696e-16,2.9005322179596016
20,1,simplex,1,8.881784197001252e-16,0.0,1.6429141220264123
20,1,simplex,2,0.0,0.0,0.5906008463024843
20,1,simplex,3,1.7763568394002505e-15,1.7763568394002505e-15,0.549400488282
20,1,simplex,4,8.881784197001252e-16,8.881784197001252e-16,3.8366434391740443
20,1,simplex,5,1.7763568394002505e-15,4.440892098500626e-16,0.4869650672043453
20,1,simplex,6,0.0,0.0,2.8290812194012496
20,1,simplex,7,0.0,0.0,0.34033932498541475
20,1,simplex,8,8.881784197001252e-16,8.881784197001252e-16,0.6156641801320362
20,1,simplex,9,8.881784197001252e-16,0.0,0.5192223534631077
20,1,simplex,10,0.0,1.7763568394002505e-15,4.836067272486596
20,1,simplex,11,1.7763568394002505e-15,4.440892098500626e-16,0.24617998994504653
20,1,simplex,12,2.220446049250313e-16,0.0,1.3766578081234826
20,1,simplex,13,0.0,0.0,1.6207325961918864
20,1,simplex,14,0.0,8.881784197001252e-16,0.3204499676302319
20,1,simplex,15,1.7763568394002505e-15,0.0,0.4288792341028298
20,1,simplex,16,0.0,8.881784197001252e-16,0.13463594967335712
20,1,simplex,17,0.0,4.440892098500626e-16,4.199425802482271
20,1,simplex,18,4.440892098500626e-16,1.3322676295501878e-15,0.44976568279051765
20,1,simplex,19,8.881784197001252e-16,8.881784197001252e-16,1.1454523500859395
20,1,random,0,8.881784197001252e-16,0.0,1.066606283218503
20,1,random,1,0.0,8.881784197001252e-16,5.602278417076603
20,1,random,2,0.0,0.0,0.10681687243087268
20,1,random,3,0.0,0.0,0.24887020511752667
20,1,random,4,4.440892098500626e-16,4.440892098500626e-16,2.894119707282079
20,1,random,5,1.7763568394002505e-15,4.440892098500626e-16,1.5031051745446131
20,1,random,6,0.0,0.0,0.0915733936083063
20,1,random,7,0.0,8.881784197001252e-16,1.028391310485679
20,1,random,8,1.7763568394002505e-15,0.0,0.3434753352709907
20,1,random,9,8.881784197001252e-16,0.0,1.44407807791064
20,1,random,10,4.440892098500626e-16,8.881784197001252e-16,0.9849582247006179
20,1,random,11,1.3322676295501878e-15,4.440892098500626e-16,0.1333906355173271
20,1,random,12,8.881784197001252e-16,8.881784197001252e-16,0.8308252689770876
20,1,random,13,4.440892098500626e-16,0.0,1.5637525219534978
20,1,random,14,0.0,0.0,2.8410807288505513
20,1,random,15,8.881784197001252e-16,8.881784197001252e-16,0.8797588127953202
20,1,random,16,4.440892098500626e-16,8.881784197001252e-16,0.2096305569662853
20,1,random,17,0.0,0.0,0.06562595805761795
20,1,random,18,0.0,8.881784197001252e-16,0.12834986897152767
20,1,random,19,2.6645352591003757e-15,8.881784197001252e-16,1.0916591876497836
20,2,simplex,0,1.7763568394002505e-15,8.881784197001252e-16,2.3101726496186235
20,2,simplex,1,0.0,1.7763568394002505e-15,0.030811744716110923
20,2,simplex,2,1.7763568394002505e-15,1.7763568394002505e-15,0.2689936094743075
20,2,simplex,3,1.3322676295501878e-15,2.220446049250313e-16,2.1795591923713182
20,2,simplex,4,1.7763568394002505e-15,1.7763568394002505e-15,0.3403685061333128
20,2,simplex,5,1.7763568394002505e-15,8.881784197001252e-16,0.5680507222301472
20,2,simplex,6,4.440892098500626e-16,1.5543122344752192e-15,2.7822048083260142
20,2,simplex,7,8.881784197001252e-16,1.7763568394002505e-15,1.8216220236831369
20,2,simplex,8,6.661338147750939e-16,0.0,0.025516586976834787
20,2,simplex,9,1.3322676295501878e-15,4.440892098500626e-16,1.4373163882173863
20,2,simplex,10,1.7763568394002505e-15,0.0,0.44016794405052906
20,2,simplex,11,8.881784197001252e-16,4.440892098500626e-16,0.8502035241497694
20,2,simplex,12,0.0,0.0,9.138269915421517
20,2,simplex,13,0.0,1.3322676295501878e-15,3.1586949429449067
20,2,simplex,14,1.3322676295501878e-15,5.551115123125783e-15,0.3233291509564644
20,2,simplex,15,0.0,0.0,0.4510477969959261
20,2,simplex,16,8.881784197001252e-16,8.881784197001252e-16,0.7216147744919894
20,2,simplex,17,1.7763568394002505e-15,0.0,0.06923087605315814
20,2,simplex,18,8.881784197001252e-16,1.7763568394002505e-15,1.7411896008277594
20,2,simplex,19,8.881784197001252e-16,6.661338147750939e-16,3.3068636206506667
20,2,random,0,8.881784197001252e-16,4.440892098500626e-16,0.40909378071544467
20,2,random,1,3.552713678800501e-15,3.552713678800501e-15,1.0252893626969115
20,2,random,2,1.7763568394002505e-15,4.440892098500626e-15,1.6907400307336502
20,2,random,3,8.881784197001252e-16,0.0,2.689407790254908
20,2,random,4,1.7763568394002505e-15,1.7763568394002505e-15,2.279478574075636
20,2,random,5,4.440892098500626e-16,2.220446049250313e-16,1.2168939962949743
20,2,random,6,8.881784197001252e-16,8.881784197001252e-16,1.3044935880652133
20,2,random,7,0.0,1.7763568394002505e-15,0.9425144858949306
20,2,random,8,0.0,8.881784197001252e-16,3.090214061316061
20,2,random,9,0.0,0.0,2.0849076871491476
20,2,random,10,4.440892098500626e-16,8.881784197001252e-16,0.9079457051932813
20,2,random,11,4.440892098500626e-16,1.1102230246251565e-15,0.6905331548895006
20,2,random,12,8.881784197001252e-16,0.0,2.006662654370409
20,2,random,13,4.440892098500626e-16,8.881784197001252e-16,3.4270276766714396
20,2,random,14,8.881784197001252e-16,8.881784197001252e-16,0.9625226680512595
20,2,random,15,1.7763568394002505e-15,0.0,0.9234750114181338
20,2,random,16,8.881784197001252e-16,0.0,1.4214380618563793
20,2,random,17,8.881784197001252e-16,0.0,1.7182412941437555
20,2,random,18,2.6645352591003757e-15,2.220446049250313e-15,0.34268931987595863
20,2,random,19,0.0,1.7763568394002505e-15,1.1773249159083452
20,3,simplex,0,0.0,8.881784197001252e-16,0.5280977033541845
20,3,simplex,1,2.220446049250313e-15,4.440892098500626e-16,2.436501866813348
20,3,simplex,2,2.6645352591003757e-15,1.7763568394002505e-15,1.6665479745409613
20,3,simplex,3,2.886579864025407e-15,1.5543122344752192e-15,0.46522375435986163
20,3,simplex,4,2.6645352591003757e-15,1.7763568394002505e-15,0.5581238400036241
20,3,simplex,5,8.881784197001252e-16,4.440892098500626e-16,4.419357825960084
20,3,simplex,6,0.0,1.7763568394002505e-15,2.2021781197781465
20,3,simplex,7,0.0,0.0,5.05091352747446
20,3,simplex,8,0.0,8.881784197001252e-16,2.975805387463879
20,3,simplex,9,2.6645352591003757e-15,1.3322676295501878e-15,0.421145590263734
20,3,simplex,10,1.7763568394002505e-15,1.7763568394002505e-15,0.07333327491896036
20,3,simplex,11,3.552713678800501e-15,1.7763568394002505e-15,0.49468652418239145
20,3,simplex,12,1.7763568394002505e-15,1.7763568394002505e-15,3.7000907494177007
20,3,simplex,13,0.0,1.7763568394002505e-15,1.1816452193221707
20,3,simplex,14,8.881784197001252e-16,8.881784197001252e-16,3.791792751386975
20,3,simplex,15,2.6645352591003757e-15,1.3322676295501878e-15,0.11152683759426907
20,3,simplex,16,0.0,0.0,1.0563778925833347
20,3,simplex,17,3.552713678800501e-15,0.0,6.386035633873817
20,3,simplex,18,0.0,3.552713678800501e-15,2.5973882692853465
20,3,simplex,19,1.7763568394002505e-15,4.440892098500626e-16,0.058873385910569453
20,3,random,0,0.0,3.552713678800501e-15,6.183830456465902
20,3,random,1,8.881784197001252e-16,1.7763568394002505e-15,1.2700645727727746
20,3,random,2,0.0,1.7763568394002505e-15,6.445141101300749
20,3,random,3,2.6645352591003757e-15,3.1086244689504383e-15,0.32200177368178373
20,3,random,4,1.7763568394002505e-15,1.7763568394002505e-15,2.571532433575328
20,3,random,5,0.0,4.440892098500626e-16,1.0161625449823362
20,3,random,6,1.1102230246251565e-15,1.9984014443252818e-15,1.8185845344611415
20,3,random,7,8.881784197001252e-16,7.105427357601002e-15,0.7608299786100403
20,3,random,8,8.881784197001252e-16,8.881784197001252e-16,0.6323745464913593
20,3,random,9,8.881784197001252e-16,8.881784197001252e-16,1.4330775207180935
20,3,random,10,1.7763568394002505e-15,1.7763568394002505e-15,1.097916859178028
20,3,random,11,5.329070518200751e-15,8.881784197001252e-16,6.742025874944368
20,3,random,12,2.6645352591003757e-15,0.0,2.9765766146561994
20,3,random,13,1.7763568394002505e-15,1.7763568394002505e-15,4.082670474518508
20,3,random,14,3.552713678800501e-15,3.552713678800501e-15,8.993285600939124
20,3,random,15,1.7763568394002505e-15,0.0,1.6155483848107082
20,3,random,16,1.1102230246251565e-15,1.3322676295501878e-15,0.2525550323049828
20,3,random,17,1.7763568394002505e-15,1.7763568394002505e-15,1.099161569499966
20,3,random,18,3.552713678800501e-15,1.7763568394002505e-15,1.6565829185593497
20,3,random,19,2.6645352591003757e-15,8.881784197001252e-16,4.824436077943279
20,4,simplex,0,1.7763568394002505e-15,1.7763568394002505e-15,2.421594412988746
20,4,simplex,1,2.7755575615628914e-15,5.551115123125783e-16,1.2790367385594692
20,4,simplex,2,4.440892098500626e-15,3.1086244689504383e-15,3.6072714049304224
20,4,simplex,3,3.552713678800501e-15,0.0,1.299593654586797
20,4,simplex,4,8.881784197001252e-16,8.881784197001252e-16,6.110136851581263
20,4,simplex,5,3.552713678800501e-15,0.0,0.6131634033498052
20,4,simplex,6,2.6645352591003757e-15,8.881784197001252e-16,1.5164079366731649
20,4,simplex,7,1.7763568394002505e-15,3.1086244689504383e-15,0.6258143924675714
20,4,simplex,8,1.3322676295501878e-15,1.3322676295501878e-15,0.7987733460850173
20,4,simplex,9,4.440892098500626e-15,5.329070518200751e-15,0.48608212229179415
20,4,simplex,10,0.0,0.0,9.243834058031696
20,4,simplex,11,2.6645352591003757e-15,6.217248937900877e-15,0.6915658371868076
20,4,simplex,12,0.0,0.0,0.5142302959457083
20,4,simplex,13,1.7763568394002505e-15,3.552713678800501e-15,1.800170524876311
20,4,simplex,14,7.771561172376096e-16,1.3322676295501878e-15,0.5402489856894661
20,4,simplex,15,0.0,0.0,14.96411604055082
20,4,simplex,16,1.7763568394002505e-15,1.7763568394002505e-15,2.24027821861646
20,4,simplex,17,1.7763568394002505e-15,2.6645352591003757e-15,0.9067139140643619
20,4,simplex,18,4.440892098500626e-16,0.0,3.508767397454122
20,4,simplex,19,4.440892098500626e-16,0.0,4.4229040161694435
20,4,random,0,8.881784197001252e-16,8.881784197001252e-16,2.971293572935622
20,4,random,1,8.881784197001252e-16,8.881784197001252e-16,0.30787050908077873
20,4,random,2,4.440892098500626e-15,4.440892098500626e-16,1.152506514978434
20,4,random,3,3.552713678800501e-15,7.105427357601002e-15,1.2337163642502063
20,4,random,4,4.440892098500626e-16,4.440892098500626e-16,2.9459174242645574
20,4,random,5,8.881784197001252e-16,1.7763568394002505e-15,0.479939966411969
20,4,random,6,8.881784197001252e-16,1.7763568394002505e-15,0.8870556755072769
20,4,random,7,3.552713678800501e-15,1.7763568394002505e-15,8.593808232986142
20,4,random,8,1.7763568394002505e-15,8.881784197001252e-16,3.6418119286428663
20,4,random,9,2.4424906541753444e-15,5.10702591327572e-15,2.1127013272255013
20,4,random,10,8.881784197001252e-16,8.881784197001252e-16,5.648256763457908
20,4,random,11,3.552713678800501e-15,1.7763568394002505e-15,2.790001289421845
20,4,random,12,2.6645352591003757e-15,4.440892098500626e-16,1.5011108572644787
20,4,random,13,4.440892098500626e-16,6.661338147750939e-16,1.7888250682660605
20,4,random,14,4.440892098500626e-16,4.440892098500626e-16,0.6781653166572177
20,4,random,15,0.0,0.0,1.9776956046742242
20,4,random,16,5.329070518200751e-15,3.552713678800501e-15,4.425963931038595
20,4,random,17,0.0,1.7763568394002505e-15,1.4637130017692783
20,4,random,18,0.0,0.0,4.428281890668302
20,4,random,19,8.881784197001252e-16,1.7763568394002505e-15,0.8422413820809425
20,5,simplex,0,0.0,3.552713678800501e-15,6.938364079906847
20,5,simplex,1,0.0,3.552713678800501e-15,0.8809666173285109
20,5,simplex,2,8.881784197001252e-16,8.881784197001252e-16,3.629397699842972
20,5,simplex,3,1.7763568394002505e-15,3.552713678800501e-15,0.46009351296945056
20,5,simplex,4,1.7763568394002505e-15,2.6645352591003757e-15,4.582021373613522
20,5,simplex,5,0.0,3.552713678800501e-15,1.6934353072036892
20,5,simplex,6,0.0,3.552713678800501e-15,0.5972839320627372
20,5,simplex,7,8.881784197001252e-16,4.440892098500626e-16,1.8325797603567082
20,5,simplex,8,7.105427357601002e-15,1.7763568394002505e-15,2.3980692532631664
20,5,simplex,9,1.7763568394002505e-15,1.7763568394002505e-15,4.544609029404889
20,5,simplex,10,0.0,0.0,0.1108308796877111
20,5,simplex,11,0.0,0.0,4.529269583828132
20,5,simplex,12,3.552713678800501e-15,5.329070518200751e-15,1.5555233853678843
20,5,simplex,13,0.0,1.7763568394002505e-15,1.763894246298804
20,5,simplex,14,4.440892098500626e-16,4.440892098500626e-16,0.3010277810134525
20,5,simplex,15,1.7763568394002505e-15,3.552713678800501e-15,2.7665056063126414
20,5,simplex,16,4.440892098500626e-16,8.881784197001252e-16,2.2080478925915017
20,5,simplex,17,8.881784197001252e-16,1.7763568394002505e-15,1.8963771729022412
20,5,simplex,18,0.0,4.440892098500626e-15,6.433069857126611
20,5,simplex,19,2.6645352591003757e-15,8.881784197001252e-16,1.0649686059729788
20,5,random,0,3.552713678800501e-15,0.0,2.5287733527173053
20,5,random,1,0.0,1.7763568394002505e-15,2.0702247544863326
20,5,random,2,8.881784197001252e-16,3.552713678800501e-15,1.7529069283691001
20,5,random,3,5.329070518200751e-15,1.7763568394002505e-15,1.4619798698837343
20,5,random,4,3.552713678800501e-15,0.0,1.3051686203160813
20,5,random,5,6.661338147750939e-16,4.440892098500626e-16,2.341126366835681
20,5,random,6,7.105427357601002e-15,7.105427357601002e-15,2.2748848695222996
20,5,random,7,8.881784197001252e-16,0.0,1.817742913534353
20,5,random,8,2.6645352591003757e-15,2.220446049250313e-15,0.4976141389543258
20,5,random,9,4.440892098500626e-16,4.440892098500626e-16,2.5275592100910487
20,5,random,10,0.0,1.7763568394002505e-15,1.7869686343044613
20,5,random,11,1.7763568394002505e-15,0.0,2.7748157996673086
20,5,random,12,3.552713678800501e-15,0.0,0.6960052648408634
20,5,random,13,8.881784197001252e-16,3.552713678800501e-15,0.5967494564080624
20,5,random,14,1.7763568394002505e-15,2.220446049250313e-15,0.7174249211426371
20,5,random,15,8.881784197001252e-16,0.0,3.425757294320441
20,5,random,16,3.552713678800501e-15,0.0,4.559364222087083
20,5,random,17,5.329070518200751e-15,3.552713678800501e-15,4.842408077718694
20,5,random,18,0.0,0.0,0.5681396130815983
20,5,random,19,1.7763568394002505e-15,3.552713678800501e-15,2.983642148011299
20,8,simplex,0,2.6645352591003757e-15,0.0,4.520209857953702
20,8,simplex,1,3.552713678800501e-15,1.7763568394002505e-15,4.3504257066355905
20,8,simplex,2,7.105427357601002e-15,5.329070518200751e-15,6.542883981535496
20,8,simplex,3,8.881784197001252e-16,3.552713678800501e-15,1.1581966700485253
20,8,simplex,4,3.552713678800501e-15,0.0,1.6562849596996827
20,8,simplex,5,5.329070518200751e-15,7.993605777301127e-15,3.9567104302138887
20,8,simplex,6,3.552713678800501e-15,3.552713678800501e-15,2.0934449581231647
20,8,simplex,7,0.0,0.0,0.663162815691301
20,8,simplex,8,1.5543122344752192e-15,6.661338147750939e-16,0.6514849977506287
20,8,simplex,9,0.0,3.552713678800501e-15,2.594019690884096
20,8,simplex,10,1.7763568394002505e-15,0.0,1.4498482212143813
20,8,simplex,11,3.552713678800501e-15,7.105427357601002e-15,4.664493268789045
20,8,simplex,12,0.0,0.0,1.0579680739439965
20,8,simplex,13,0.0,3.552713678800501e-15,5.882114773085036
20,8,simplex,14,0.0,1.7763568394002505e-15,0.5396805621540892
20,8,simplex,15,2.6645352591003757e-15,3.9968028886505635e-15,1.2286731879308803
20,8,simplex,16,2.6645352591003757e-15,2.6645352591003757e-15,1.3709026462614133
20,8,simplex,17,1.3322676295501878e-15,1.7763568394002505e-15,2.845406336246853
20,8,simplex,18,0.0,0.0,1.3512514637373272
20,8,simplex,19,0.0,3.552713678800501e-15,7.3922756567929895
20,8,random,0,8.881784197001252e-15,0.0,5.585449758747757
20,8,random,1,1.7763568394002505e-15,2.6645352591003757e-15,1.808699851773369
20,8,random,2,3.552713678800501e-15,3.552713678800501e-15,1.9444811733323704
20,8,random,3,1.7763568394002505e-15,0.0,1.314228984773088
20,8,random,4,8.881784197001252e-16,1.7763568394002505e-15,2.900497169101854
20,8,random,5,3.552713678800501e-15,3.552713678800501e-15,3.9707900891059893
20,8,random,6,1.7763568394002505e-15,3.552713678800501e-15,3.396083434221609
20,8,random,7,3.552713678800501e-15,1.7763568394002505e-15,2.127376167809288
20,8,random,8,1.7763568394002505e-15,1.7763568394002505e-15,0.05495623513186132
20,8,random,9,0.0,3.552713678800501e-15,3.9541473799385685
20,8,random,10,0.0,1.7763568394002505e-15,2.288491692141932
20,8,random,11,3.552713678800501e-15,0.0,6.573781679780154
20,8,random,12,0.0,3.552713678800501e-15,6.984954008928753
20,8,random,13,3.552713678800501e-15,3.552713678800501e-15,1.6794018628132648
20,8,random,14,0.0,1.7763568394002505e-15,1.008496826471223
20,8,random,15,1.7763568394002505e-15,3.552713678800501e-15,0.7384302013374864
20,8,random,16,3.552713678800501e-15,3.552713678800501e-15,1.610919530909669
20,8,random,17,3.552713678800501e-15,5.329070518200751e-15,1.599927162031527
20,8,random,18,3.552713678800501e-15,0.0,3.0708035835132677
20,8,random,19,3.552713678800501e-15,3.552713678800501e-15,1.8773556914671587
21,1,simplex,0,1.7763568394002505e-15,1.7763568394002505e-15,0.7626283576132096
21,1,simplex,1,4.440892098500626e-16,4.440892098500626e-16,1.0081299594528428
21,1,simplex,2,4.440892098500626e-16,0.0,3.2707901164135116
21,1,simplex,3,0.0,4.440892098500626e-16,0.33655057593823656
21,1,simplex,4,2.220446049250313e-16,2.220446049250313e-16,0.40533250152747957
21,1,simplex,5,1.5543122344752192e-15,1.1102230246251565e-15,0.799648936470108
21,1,simplex,6,3.3306690738754696e-16,4.440892098500626e-16,1.212166056824429
21,1,simplex,7,1.1102230246251565e-16,2.7755575615628914e-16,0.42313001010899143
21,1,simplex,8,0.0,4.440892098500626e-16,1.2814061123571596
21,1,simplex,9,0.0,4.440892098500626e-16,0.2873669328887125
21,1,simplex,10,2.220446049250313e-16,2.220446049250313e-16,0.03665854029694415
21,1,simplex,11,8.881784197001252e-16,8.881784197001252e-16,1.5587239770551236
21,1,simplex,12,0.0,0.0,0.8101759148167123
21,1,simplex,13,4.440892098500626e-16,4.440892098500626e-16,2.0418918098429515
21,1,simplex,14,9.992007221626409e-16,2.220446049250313e-16,1.1046448301218401
21,1,simplex,15,1.3322676295501878e-15,8.881784197001252e-16,0.8366695571330798
21,1,simplex,16,8.881784197001252e-16,4.440892098500626e-16,0.3496719556681791
21,1,simplex,17,0.0,8.881784197001252e-16,0.07434932023482066
21,1,simplex,18,8.881784197001252e-16,8.881784197001252e-16,1.3832294027559806
21,1,simplex,19,0.0,1.7763568394002505e-15,3.497482629944564
21,1,random,0,8.881784197001252e-16,8.881784197001252e-16,1.8873024486279597
21,1,random,1,4.440892098500626e-16,4.440892098500626e-16,0.5475300549549402
21,1,random,2,6.661338147750939e-16,6.661338147750939e-16,0.04961299660725693
21,1,random,3,8.881784197001252e-16,8.881784197001252e-16,0.002090379985483004
21,1,random,4,2.220446049250313e-16,0.0,0.0421355094050071
21,1,random,5,0.0,0.0,1.8957848759124007
21,1,random,6,4.440892098500626e-16,1.3322676295501878e-15,0.6333907171463746
21,1,random,7,7.771561172376096e-16,1.1102230246251565e-16,0.5293814734893676
21,1,random,8,8.881784197001252e-16,0.0,1.9582284891450588
21,1,random,9,2.220446049250313e-16,6.661338147750939e-16,0.041454049212005906
21,1,random,10,0.0,0.0,0.31180422448862033
21,1,random,11,3.3306690738754696e-16,3.3306690738754696e-16,0.0990644547809989
21,1,random,12,8.881784197001252e-16,8.881784197001252e-16,1.7142500958021714
21,1,random,13,0.0,4.440892098500626e-16,0.610109582993541
21,1,random,14,0.0,0.0,0.3036054240565864
21,1,random,15,8.881784197001252e-16,1.7763568394002505e-15,1.397752586942057
21,1,random,16,3.3306690738754696e-16,1.1102230246251565e-16,0.5263284704340192
21,1,random,17,3.885780586188048e-16,2.220446049250313e-16,0.49882484262864146
21,1,random,18,4.440892098500626e-16,8.881784197001252e-16,0.8177065925543019
21,1,random,19,8.881784197001252e-16,4.440892098500626e-16,3.7283632875477313
21,2,simplex,0,0.0,4.440892098500626e-16,0.8041561857230839
21,2,simplex,1,8.881784197001252e-16,0.0,2.4316623380071967
21,2,simplex,2,8.881784197001252e-16,0.0,1.6738707643551933
21,2,simplex,3,2.6645352591003757e-15,8.881784197001252e-16,2.087821440055194
21,2,simplex,4,0.0,1.7763568394002505e-15,1.4157627532359705
21,2,simplex,5,0.0,4.440892098500626e-16,0.8450841862818343
21,2,simplex,6,0.0,1.7763568394002505e-15,2.914962942958155
21,2,simplex,7,8.881784197001252e-16,1.7763568394002505e-15,1.178838635510182
21,2,simplex,8,4.440892098500626e-16,4.440892098500626e-16,1.9155218778323064
21,2,simplex,9,8.881784197001252e-16,1.7763568394002505e-15,0.5528167795415655
21,2,simplex,10,3.552713678800501e-15,3.552713678800501e-15,0.10661336164152502
21,2,simplex,11,0.0,1.6653345369377348e-15,2.5260098412026153
21,2,simplex,12,8.881784197001252e-16,1.7763568394002505e-15,0.14858157458351684
21,2,simplex,13,1.7763568394002505e-15,0.0,0.5761490735392396
21,2,simplex,14,0.0,1.9984014443252818e-15,0.08672499193420435
21,2,simplex,15,1.7763568394002505e-15,8.881784197001252e-16,0.6153666869948182
21,2,simplex,16,6.661338147750939e-16,2.220446049250313e-16,0.33377374361911905
21,2,simplex,17,1.7763568394002505e-15,1.7763568394002505e-15,0.33929225884485215
21,2,simplex,18,1.7763568394002505e-15,8.881784197001252e-16,3.1009355126919154
21,2,simplex,19,3.1086244689504383e-15,6.661338147750939e-16,0.23048840667723702
21,2,random,0,1.3322676295501878e-15,4.440892098500626e-16,1.4484998820331114
21,2,random,1,0.0,0.0,2.2858141876567686
21,2,random,2,1.7763568394002505e-15,8.881784197001252e-16,9.726265239214204
21,2,random,3,0.0,0.0,1.2416884854129044
21,2,random,4,0.0,0.0,3.9579713206552043
21,2,random,5,2.6645352591003757e-15,8.881784197001252e-16,0.3352168589234594
21,2,random,6,0.0,0.0,2.4216005163177456
21,2,random,7,1.7763568394002505e-15,8.881784197001252e-16,2.52721124820512
21,2,random,8,1.7763568394002505e-15,3.552713678800501e-15,0.26643301019794663
21,2,random,9,8.881784197001252e-16,4.440892098500626e-16,0.20589238819485445
21,2,random,10,1.7763568394002505e-15,4.440892098500626e-16,4.049543512171539
21,2,random,11,3.3306690738754696e-16,4.440892098500626e-16,0.14039105289105436
21,2,random,12,1.7763568394002505e-15,1.7763568394002505e-15,2.415249421795515
21,2,random,13,8.881784197001252e-16,0.0,1.2430076218262656
21,2,random,14,4.440892098500626e-16,8.881784197001252e-16,0.03941864610503032
21,2,random,15,1.7763568394002505e-15,1.7763568394002505e-15,0.4605706206789719
21,2,random,16,0.0,2.220446049250313e-16,0.5854143866087362
21,2,random,17,4.440892098500626e-16,8.881784197001252e-16,3.749869120917406
21,2,random,18,8.881784197001252e-16,1.7763568394002505e-15,2.951184646194715
21,2,random,19,1.7763568394002505e-15,0.0,0.33300248485487316
21,3,simplex,0,0.0,3.552713678800501e-15,0.4385451429681879
21,3,simplex,1,1.7763568394002505e-15,1.7763568394002505e-15,2.267595518640647
21,3,simplex,2,1.7763568394002505e-15,2.6645352591003757e-15,0.2517186857237732
21,3,simplex,3,1.7763568394002505e-15,0.0,5.3517621641227215
21,3,simplex,4,8.881784197001252e-16,0.0,2.582590856181099
21,3,simplex,5,1.1102230246251565e-15,2.220446049250313e-16,4.4072408842217
21,3,simplex,6,1.7763568394002505e-15,3.552713678800501e-15,0.8186081639616347
21,3,simplex,7,8.881784197001252e-16,4.440892098500626e-16,3.6200510422307985
21,3,simplex,8,0.0,8.881784197001252e-16,4.772108062732709
21,3,simplex,9,2.6645352591003757e-15,1.7763568394002505e-15,0.9118517475409504
21,3,simplex,10,0.0,1.7763568394002505e-15,0.19007859140838335
21,3,simplex,11,4.440892098500626e-16,5.551115123125783e-16,1.3178588502018584
21,3,simplex,12,1.7763568394002505e-15,1.7763568394002505e-15,1.979217259434563
21,3,simplex,13,2.220446049250313e-16,4.440892098500626e-16,1.5398805059245078
21,3,simplex,14,4.440892098500626e-16,1.3322676295501878e-15,1.0918289413831666
21,3,simplex,15,1.7763568394002505e-15,1.7763568394002505e-15,3.0733194037868863
21,3,simplex,16,2.886579864025407e-15,6.661338147750939e-16,1.2543376821143681
21,3,simplex,17,0.0,8.881784197001252e-16,3.379391641520421
21,3,simplex,18,1.7763568394002505e-15,8.881784197001252e-16,0.10073886450280511
21,3,simplex,19,5.329070518200751e-15,3.552713678800501e-15,1.8262065896277448
21,3,random,0,0.0,1.7763568394002505e-15,1.097548138409742
21,3,random,1,1.7763568394002505e-15,0.0,2.071024428414024
21,3,random,2,0.0,0.0,1.6748175866605202
21,3,random,3,1.7763568394002505e-15,0.0,0.24989880126093666
21,3,random,4,1.7763568394002505e-15,4.440892098500626e-16,3.5171512073298885
21,3,random,5,0.0,1.1102230246251565e-15,1.4406630670959402
21,3,random,6,3.552713678800501e-15,1.7763568394002505e-15,1.529775173238047
21,3,random,7,8.881784197001252e-16,2.6645352591003757e-15,0.3433359085889087
21,3,random,8,1.7763568394002505e-15,1.7763568394002505e-15,0.602808447826785
21,3,random,9,4.440892098500626e-15,2.6645352591003757e-15,2.368472101214852
21,3,random,10,8.881784197001252e-16,8.881784197001252e-16,1.4579863817782055
21,3,random,11,3.552713678800501e-15,3.552713678800501e-15,1.102681878105603
21,3,random,12,3.552713678800501e-15,1.7763568394002505e-15,0.9080410150615315
21,3,random,13,1.7763568394002505e-15,1.7763568394002505e-15,2.557953391720332
21,3,random,14,3.552713678800501e-15,1.7763568394002505e-15,0.14773931517134997
21,3,random,15,8.881784197001252e-16,4.440892098500626e-16,2.762169182865968
21,3,random,16,1.7763568394002505e-15,1.7763568394002505e-15,0.7791426748825003
21,3,random,17,4.440892098500626e-16,1.7763568394002505e-15,1.187936868057534
21,3,random,18,0.0,0.0,0.3011552478113231
21,3,random,19,8.881784197001252e-16,2.220446049250313e-15,0.5982188855183495
21,4,simplex,0,4.440892098500626e-16,1.3322676295501878e-15,0.41351889954108145
21,4,simplex,1,2.220446049250313e-15,2.220446049250313e-15,1.9115179322684703
21,4,simplex,2,1.7763568394002505e-15,2.6645352591003757e-15,0.17391661908746414
21,4,simplex,3,2.220446049250313e-15,8.881784197001252e-16,2.1420648846202113
21,4,simplex,4,0.0,0.0,4.957962616594884
21,4,simplex,5,0.0,8.881784197001252e-16,0.6950639580015228
21,4,simplex,6,4.440892098500626e-16,8.881784197001252e-16,0.37687525622545337
21,4,simplex,7,3.552713678800501e-15,7.105427357601002e-15,0.5672301387250389
21,4,simplex,8,1.7763568394002505e-15,0.0,1.5765256103890621
21,4,simplex,9,1.7763568394002505e-15,0.0,1.8869588206074468
21,4,simplex,10,1.7763568394002505e-15,1.7763568394002505e-15,1.170267374037941
21,4,simplex,11,7.105427357601002e-15,2.6645352591003757e-15,2.66269685667622
21,4,simplex,12,5.329070518200751e-15,3.1086244689504383e-15,3.5325240945685863
21,4,simplex,13,4.218847493575595e-15,1.3322676295501878e-15,0.9175385241386707
21,4,simplex,14,8.881784197001252e-16,8.881784197001252e-16,3.9069503613176906
21,4,simplex,15,1.7763568394002505e-15,1.7763568394002505e-15,2.0040469593261676
21,4,simplex,16,8.881784197001252e-16,0.0,3.0482377145769775
21,4,simplex,17,3.552713678800501e-15,0.0,0.2160457539240852
21,4,simplex,18,2.220446049250313e-15,1.7763568394002505e-15,1.945755222409531
21,4,simplex,19,1.3322676295501878e-15,1.7763568394002505e-15,1.8261873621064204
21,4,random,0,8.881784197001252e-16,2.6645352591003757e-15,0.07398485910967167
21,4,random,1,0.0,8.881784197001252e-16,1.7438271416667561
21,4,random,2,8.881784197001252e-16,4.440892098500626e-16,5.7867488597124215
21,4,random,3,1.7763568394002505e-15,1.7763568394002505e-15,0.2933487458167434
21,4,random,4,1.7763568394002505e-15,0.0,0.47818418845506017
21,4,random,5,1.7763568394002505e-15,3.552713678800501e-15,3.476207695069135
21,4,random,6,1.7763568394002505e-15,1.7763568394002505e-15,2.97109508541142
21,4,random,7,4.440892098500626e-16,8.881784197001252e-16,4.028599269554142
21,4,random,8,0.0,3.552713678800501e-15,1.4146138889829913
21,4,random,9,1.7763568394002505e-15,3.552713678800501e-15,0.7633138985324024
21,4,random,10,2.6645352591003757e-15,1.7763568394002505e-15,1.3636238166741066
21,4,random,11,8.881784197001252e-16,8.881784197001252e-16,2.0268973595098885
21,4,random,12,3.552713678800501e-15,0.0,3.631281579524355
21,4,random,13,1.7763568394002505e-15,0.0,2.047210294746723
21,4,random,14,8.881784197001252e-16,4.440892098500626e-16,1.196279360378238
21,4,random,15,0.0,1.7763568394002505e-15,0.9751752651464187
21,4,random,16,2.6645352591003757e-15,4.440892098500626e-15,5.613482782119389
21,4,random,17,1.7763568394002505e-15,1.7763568394002505e-15,2.498519309123296
21,4,random,18,5.329070518200751e-15,3.552713678800501e-15,4.413343551476309
21,4,random,19,1.3322676295501878e-15,4.440892098500626e-16,0.5316624971156969
21,5,simplex,0,1.7763568394002505e-15,1.7763568394002505e-15,1.5663653313298838
21,5,simplex,1,2.6645352591003757e-15,0.0,1.0339824626833192
21,5,simplex,2,3.552713678800501e-15,3.552713678800501e-15,0.11468721770214074
21,5,simplex,3,8.881784197001252e-16,2.6645352591003757e-15,2.5151522421858274
21,5,simplex,4,3.552713678800501e-15,8.881784197001252e-16,2.0594112870999126
21,5,simplex,5,2.6645352591003757e-15,4.440892098500626e-16,0.3875931943203881
21,5,simplex,6,1.7763568394002505e-15,0.0,3.2348102288300495
21,5,simplex,7,0.0,1.7763568394002505e-15,1.650745462066645
21,5,simplex,8,3.552713678800501e-15,1.7763568394002505e-15,6.568677268413552
21,5,simplex,9,8.881784197001252e-16,3.552713678800501e-15,4.185457750821286
21,5,simplex,10,0.0,1.7763568394002505e-15,4.327300035940176
21,5,simplex,11,1.7763568394002505e-15,8.881784197001252e-16,1.2068148123538727
21,5,simplex,12,1.7763568394002505e-15,2.6645352591003757e-15,4.563053657030494
21,5,simplex,13,5.329070518200751e-15,0.0,1.1292066376416017
21,5,simplex,14,0.0,1.7763568394002505e-15,1.1542817611328218
21,5,simplex,15,3.552713678800501e-15,3.552713678800501e-15,2.4159371765831352
21,5,simplex,16,8.881784197001252e-16,2.6645352591003757e-15,0.7315294403125776
21,5,simplex,17,3.1086244689504383e-15,4.440892098500626e-16,4.243577415903481
21,5,simplex,18,3.774758283725532e-15,0.0,5.6282722233121305
21,5,simplex,19,0.0,1.3322676295501878e-15,1.631458163977932
21,5,random,0,3.552713678800501e-15,3.552713678800501e-15,1.5263065254759027
21,5,random,1,1.7763568394002505e-15,1.7763568394002505e-15,0.39590914760322704
21,5,random,2,1.7763568394002505e-15,1.7763568394002505e-15,1.072510406265863
21,5,random,3,8.881784197001252e-16,8.881784197001252e-16,4.020219081473805
21,5,random,4,3.552713678800501e-15,2.220446049250313e-15,0.8148738478351376
21,5,random,5,2.6645352591003757e-15,5.329070518200751e-15,5.073754306948864
21,5,random,6,8.881784197001252e-16,2.6645352591003757e-15,3.1748778364020254
21,5,random,7,3.552713678800501e-15,0.0,6.265784459601008
21,5,random,8,0.0,1.7763568394002505e-15,5.980542043387615
21,5,random,9,1.7763568394002505e-15,1.7763568394002505e-15,0.17937817696350322
21,5,random,10,0.0,1.7763568394002505e-15,3.6881619954899136
21,5,random,11,8.881784197001252e-16,0.0,0.5453984370471332
21,5,random,12,7.105427357601002e-15,7.105427357601002e-15,4.154303591116767
21,5,random,13,4.440892098500626e-15,1.7763568394002505e-15,2.735027530975664
21,5,random,14,4.440892098500626e-16,1.7763568394002505e-15,0.9124101953897679
21,5,random,15,1.7763568394002505e-15,3.552713678800501e-15,1.6603618481728866
21,5,random,16,1.3322676295501878e-15,1.7763568394002505e-15,0.5238246859572513
21,5,random,17,5.329070518200751e-15,7.105427357601002e-15,6.20796492755688
21,5,random,18,2.886579864025407e-15,3.9968028886505635e-15,0.5456763584374897
21,5,random,19,8.881784197001252e-16,2.6645352591003757e-15,2.185649459054332
21,8,simplex,0,8.881784197001252e-16,8.881784197001252e-16,8.848413027353118
21,8,simplex,1,1.7763568394002505e-15,8.881784197001252e-16,2.966988938620929
21,8,simplex,2,3.1086244689504383e-15,1.3322676295501878e-15,1.4490361653337374
21,8,simplex,3,4.440892098500626e-16,0.0,3.1636920796393184
21,8,simplex,4,1.7763568394002505e-15,2.6645352591003757e-15,1.535982320475405
21,8,simplex,5,1.7763568394002505e-15,0.0,6.356545450371307
21,8,simplex,6,0.0,3.552713678800501e-15,1.3277534021396065
21,8,simplex,7,1.7763568394002505e-15,3.552713678800501e-15,10.312791999252035
21,8,simplex,8,4.440892098500626e-16,1.7763568394002505e-15,0.34452911410436116
21,8,simplex,9,1.0658141036401503e-14,3.552713678800501e-15,4.775555599518114
21,8,simplex,10,0.0,3.552713678800501e-15,1.1377237180118271
21,8,simplex,11,8.881784197001252e-16,3.552713678800501e-15,4.3134683873696815
21,8,simplex,12,1.3322676295501878e-15,4.440892098500626e-16,1.1094506386763356
21,8,simplex,13,1.7763568394002505e-15,1.7763568394002505e-15,1.253859503097118
21,8,simplex,14,0.0,3.552713678800501e-15,0.5802794622654659
21,8,simplex,15,0.0,3.552713678800501e-15,4.501451645915132
21,8,simplex,16,6.217248937900877e-15,4.440892098500626e-15,5.716780146010279
21,8,simplex,17,7.105427357601002e-15,7.105427357601002e-15,4.619167079637691
21,8,simplex,18,0.0,3.552713678800501e-15,1.881065482699377
21,8,simplex,19,8.881784197001252e-16,8.881784197001252e-16,0.9808646185238672
21,8,random,0,3.552713678800501e-15,8.881784197001252e-16,5.759926560524136
21,8,random,1,0.0,3.552713678800501e-15,1.557247703753724
21,8,random,2,3.552713678800501e-15,0.0,6.614390968523821
21,8,random,3,6.217248937900877e-15,1.7763568394002505e-15,8.756095871699287
21,8,random,4,1.7763568394002505e-15,0.0,4.477655185202472
21,8,random,5,5.329070518200751e-15,3.552713678800501e-15,2.0442698441353
21,8,random,6,1.7763568394002505e-15,8.881784197001252e-16,3.4940866918222397
21,8,random,7,4.884981308350689e-15,3.1086244689504383e-15,1.1146504068929275
21,8,random,8,7.105427357601002e-15,7.105427357601002e-15,3.4612901609143023
21,8,random,9,1.7763568394002505e-15,3.552713678800501e-15,1.34968891659976
21,8,random,10,3.552713678800501e-15,1.7763568394002505e-15,1.287332455377296
21,8,random,11,7.105427357601002e-15,1.7763568394002505e-15,3.0505964838832966
21,8,random,12,4.440892098500626e-15,1.7763568394002505e-15,2.546126100402759
21,8,random,13,0.0,3.552713678800501e-15,7.726726345583444
21,8,random,14,0.0,3.552713678800501e-15,11.19575002039295
21,8,random,15,5.329070518200751e-15,6.217248937900877e-15,1.9684930586267484
21,8,random,16,0.0,0.0,1.3125358934966727
21,8,random,17,3.552713678800501e-15,3.552713678800501e-15,3.643363612110136
21,8,random,18,3.552713678800501e-15,0.0,3.0277431784044495
21,8,random,19,3.1086244689504383e-15,3.552713678800501e-15,2.6410228825519297
22,1,simplex,0,1.1102230246251565e-15,2.220446049250313e-16,2.894347769257193
22,1,simplex,1,8.881784197001252e-16,8.881784197001252e-16,0.5714819105908058
22,1,simplex,2,6.661338147750939e-16,3.3306690738754696e-16,0.2024188745464901
22,1,simplex,3,1.1102230246251565e-15,6.661338147750939e-16,2.4199650620416913
22,1,simplex,4,0.0,0.0,0.7252344095851111
22,1,simplex,5,0.0,0.0,0.3848298088715003
22,1,simplex,6,2.220446049250313e-16,2.220446049250313e-16,0.2696909449583842
22,1,simplex,7,8.881784197001252e-16,0.0,0.1114979414285564
22,1,simplex,8,8.881784197001252e-16,8.881784197001252e-16,0.5074543962691722
22,1,simplex,9,0.0,4.440892098500626e-16,0.9509654461983246
22,1,simplex,10,1.7763568394002505e-15,1.7763568394002505e-15,1.1778683219176709
22,1,simplex,11,8.881784197001252e-16,8.881784197001252e-16,0.38941830371807384
22,1,simplex,12,4.440892098500626e-16,4.440892098500626e-16,3.810832610201997
22,1,simplex,13,6.661338147750939e-16,0.0,0.07463348344959542
22,1,simplex,14,2.220446049250313e-16,4.440892098500626e-16,0.021062784252579902
22,1,simplex,15,8.881784197001252e-16,1.3322676295501878e-15,0.5411225272285076
22,1,simplex,16,3.3306690738754696e-16,1.1102230246251565e-15,0.6664367178551434
22,1,simplex,17,4.440892098500626e-16,4.440892098500626e-16,3.200022966844065
22,1,simplex,18,1.7763568394002505e-15,8.881784197001252e-16,1.3279847470423505
22,1,simplex,19,8.881784197001252e-16,8.881784197001252e-16,0.07348450996263978
22,1,random,0,0.0,0.0,0.4141147021553233
22,1,random,1,1.7763568394002505e-15,8.881784197001252e-16,1.0469073706225025
22,1,random,2,6.661338147750939e-16,0.0,0.09002015927050078
22,1,random,3,0.0,0.0,0.6562846498764294
22,1,random,4,8.881784197001252e-16,8.881784197001252e-16,0.5589273430403368
22,1,random,5,0.0,8.881784197001252e-16,0.8684907707842964
22,1,random,6,0.0,0.0,1.1153030889502222
22,1,random,7,0.0,0.0,0.027609388569729276
22,1,random,8,2.220446049250313e-16,0.0,0.947921393645359
22,1,random,9,0.0,1.1102230246251565e-16,0.35459801003231917
22,1,random,10,8.881784197001252e-16,0.0,0.27019399185464277
22,1,random,11,0.0,0.0,0.36737009352845806
22,1,random,12,1.3322676295501878e-15,1.3322676295501878e-15,5.472316795252391
22,1,random,13,4.440892098500626e-16,4.440892098500626e-16,1.384802384575103
22,1,random,14,4.440892098500626e-16,4.440892098500626e-16,0.834762523099351
22,1,random,15,8.881784197001252e-16,8.881784197001252e-16,0.02616069075158478
22,1,random,16,0.0,8.881784197001252e-16,1.4804992875376985
22,1,random,17,0.0,0.0,0.19077898491117118
22,1,random,18,8.881784197001252e-16,4.440892098500626e-16,0.6674982871800221
22,1,random,19,6.661338147750939e-16,4.440892098500626e-16,0.0282302814926787
22,2,simplex,0,0.0,0.0,1.3315306370329338
22,2,simplex,1,1.7763568394002505e-15,0.0,1.076480382297408
22,2,simplex,2,1.7763568394002505e-15,3.552713678800501e-15,2.5868971560485825
22,2,simplex,3,0.0,1.7763568394002505e-15,4.467251999167649
22,2,simplex,4,1.7763568394002505e-15,0.0,2.454737224566685
22,2,simplex,5,8.881784197001252e-16,0.0,0.8226575996121248
22,2,simplex,6,1.7763568394002505e-15,3.552713678800501e-15,1.004733797196577
22,2,simplex,7,0.0,4.440892098500626e-16,2.3484159945213356
22,2,simplex,8,2.6645352591003757e-15,4.440892098500626e-16,0.7797549244714475
22,2,simplex,9,0.0,2.220446049250313e-16,1.124846322582954
22,2,simplex,10,8.881784197001252e-16,8.881784197001252e-16,3.520402202748663
22,2,simplex,11,0.0,0.0,1.4972306805900217
22,2,simplex,12,3.552713678800501e-15,3.552713678800501e-15,0.8056277837994728
22,2,simplex,13,8.881784197001252e-16,0.0,5.983477270540227
22,2,simplex,14,0.0,8.881784197001252e-16,1.025871976765849
22,2,simplex,15,0.0,1.7763568394002505e-15,0.16872471675926093
22,2,simplex,16,1.7763568394002505e-15,1.3322676295501878e-15,0.1344975891264859
22,2,simplex,17,1.7763568394002505e-15,0.0,2.049107621917628
22,2,simplex,18,0.0,1.7763568394002505e-15,2.689164123852125
22,2,simplex,19,0.0,8.881784197001252e-16,1.3591285491345744
22,2,random,0,2.220446049250313e-16,6.661338147750939e-16,0.3746126193845356
22,2,random,1,4.440892098500626e-15,3.552713678800501e-15,1.7699362972641808
22,2,random,2,8.881784197001252e-16,1.7763568394002505e-15,0.5589293004435447
22,2,random,3,0.0,0.0,1.0396985842582254
22,2,random,4,0.0,1.7763568394002505e-15,0.20215129867482595
22,2,random,5,8.881784197001252e-16,1.7763568394002505e-15,2.5847262570430534
22,2,random,6,2.6645352591003757e-15,1.7763568394002505e-15,0.5121318685734764
22,2,random,7,3.552713678800501e-15,1.5543122344752192e-15,0.9666679825624342
22,2,random,8,0.0,0.0,5.051969625842437
22,2,random,9,8.881784197001252e-16,4.440892098500626e-16,0.637994463568063
22,2,random,10,0.0,9.992007221626409e-16,0.022439265220441484
22,2,random,11,8.881784197001252e-16,0.0,2.580035633115024
22,2,random,12,1.7763568394002505e-15,0.0,1.820345368571683
22,2,random,13,3.552713678800501e-15,1.7763568394002505e-15,2.1906581311328317
22,2,random,14,1.7763568394002505e-15,1.7763568394002505e-15,2.731526510877302
22,2,random,15,1.3322676295501878e-15,8.881784197001252e-16,4.2931636445458885
22,2,random,16,1.7763568394002505e-15,1.7763568394002505e-15,0.8684112862450135
22,2,random,17,8.881784197001252e-16,4.440892098500626e-16,0.2689055495975481
22,2,random,18,1.3322676295501878e-15,2.6645352591003757e-15,1.4516935739926016
22,2,random,19,4.440892098500626e-16,1.3322676295501878e-15,0.8938447654463175
22,3,simplex,0,1.7763568394002505e-15,5.329070518200751e-15,0.8885316907313232
22,3,simplex,1,0.0,8.881784197001252e-16,0.15453247687561245
22,3,simplex,2,8.881784197001252e-16,4.440892098500626e-16,0.12802898687362685
22,3,simplex,3,8.881784197001252e-16,2.6645352591003757e-15,2.50318753076996
22,3,simplex,4,1.1102230246251565e-15,1.3322676295501878e-15,2.2942852452158107
22,3,simplex,5,8.881784197001252e-16,8.881784197001252e-16,0.7422492883366019
22,3,simplex,6,7.105427357601002e-15,7.105427357601002e-15,6.704963416037479
22,3,simplex,7,1.7763568394002505e-15,3.552713678800501e-15,0.3277854441335961
22,3,simplex,8,2.6645352591003757e-15,8.881784197001252e-16,1.2422202757801806
22,3,simplex,9,1.7763568394002505e-15,8.881784197001252e-16,0.7887435226763202
22,3,simplex,10,1.7763568394002505e-15,3.552713678800501e-15,4.429671733528128
22,3,simplex,11,5.773159728050814e-15,3.552713678800501e-15,1.0325498080075803
22,3,simplex,12,8.881784197001252e-16,8.881784197001252e-16,2.180994515366205
22,3,simplex,13,1.5543122344752192e-15,2.6645352591003757e-15,1.772136996536613
22,3,simplex,14,4.440892098500626e-15,1.7763568394002505e-15,0.06314163804064066
22,3,simplex,15,2.6645352591003757e-15,0.0,3.5769506248959075
22,3,simplex,16,6.661338147750939e-16,6.661338147750939e-16,1.0522856324357406
22,3,simplex,17,8.881784197001252e-16,1.3322676295501878e-15,0.8988309480410237
22,3,simplex,18,2.6645352591003757e-15,8.881784197001252e-16,3.389361894276952
22,3,simplex,19,8.881784197001252e-16,8.881784197001252e-16,1.2466020509351772
22,3,random,0,1.9984014443252818e-15,8.881784197001252e-16,2.3846985940848526
22,3,random,1,1.7763568394002505e-15,1.7763568394002505e-15,1.1590090487242568
22,3,random,2,8.881784197001252e-16,2.6645352591003757e-15,1.3787062587096095
22,3,random,3,4.440892098500626e-16,8.881784197001252e-16,0.0848891085176362
22,3,random,4,0.0,1.7763568394002505e-15,4.837194704509976
22,3,random,5,1.7763568394002505e-15,5.329070518200751e-15,0.8494322518938375
22,3,random,6,1.7763568394002505e-15,0.0,0.6428018386721135
22,3,random,7,3.552713678800501e-15,3.552713678800501e-15,1.4336885498659981
22,3,random,8,8.881784197001252e-16,8.881784197001252e-16,5.255615853126326
22,3,random,9,0.0,0.0,1.3916231512700392
22,3,random,10,8.881784197001252e-16,4.440892098500626e-16,1.7685494140344105
22,3,random,11,2.6645352591003757e-15,2.220446049250313e-16,0.9345146140059342
22,3,random,12,1.7763568394002505e-15,1.7763568394002505e-15,1.7115870507476671
22,3,random,13,0.0,6.661338147750939e-16,13.351760090135212
22,3,random,14,1.7763568394002505e-15,2.6645352591003757e-15,3.9673700475958213
22,3,random,15,4.440892098500626e-16,4.440892098500626e-16,0.7767856294048698
22,3,random,16,0.0,0.0,1.8767205587329343
22,3,random,17,8.881784197001252e-16,0.0,0.6402486887422665
22,3,random,18,3.552713678800501e-15,3.552713678800501e-15,1.0731407268407267
22,3,random,19,0.0,1.7763568394002505e-15,0.35400814530947855
22,4,simplex,0,3.552713678800501e-15,0.0,0.7279743686306333
22,4,simplex,1,0.0,1.7763568394002505e-15,2.272339427687484
22,4,simplex,2,3.552713678800501e-15,3.552713678800501e-15,2.4473866890224336
22,4,simplex,3,1.7763568394002505e-15,0.0,1.2974090476071485
22,4,simplex,4,8.881784197001252e-16,1.7763568394002505e-15,1.5710876500233368
22,4,simplex,5,8.881784197001252e-16,8.881784197001252e-16,2.7982342327780145
22,4,simplex,6,8.881784197001252e-16,2.6645352591003757e-15,0.9173640094169002
22,4,simplex,7,0.0,3.552713678800501e-15,2.2991179067755567
22,4,simplex,8,3.552713678800501e-15,1.7763568394002505e-15,0.4187122132861454
22,4,simplex,9,0.0,1.7763568394002505e-15,0.12836718200253472
22,4,simplex,10,1.7763568394002505e-15,1.7763568394002505e-15,5.988434342047313
22,4,simplex,11,0.0,3.552713678800501e-15,2.5656833011604263
22,4,simplex,12,0.0,7.105427357601002e-15,0.9428286270074295
22,4,simplex,13,3.552713678800501e-15,8.881784197001252e-16,4.936419256425459
22,4,simplex,14,0.0,0.0,2.2062245154152045
22,4,simplex,15,3.552713678800501e-15,7.105427357601002e-15,1.9686310008049244
22,4,simplex,16,2.6645352591003757e-15,8.881784197001252e-16,0.8116857492632832
22,4,simplex,17,0.0,0.0,0.16718370301876462
22,4,simplex,18,0.0,1.7763568394002505e-15,0.6458475785871123
22,4,simplex,19,0.0,1.3322676295501878e-15,0.6296800395650521
22,4,random,0,8.881784197001252e-16,1.7763568394002505e-15,1.8706213711680633
22,4,random,1,1.7763568394002505e-15,0.0,1.2722686607692992
22,4,random,2,3.552713678800501e-15,1.3322676295501878e-15,0.05275735564441675
22,4,random,3,4.440892098500626e-15,2.886579864025407e-15,6.920522208820014
22,4,random,4,1.7763568394002505e-15,1.7763568394002505e-15,1.3831122345496283
22,4,random,5,0.0,0.0,1.6694419033160983
22,4,random,6,5.329070518200751e-15,1.7763568394002505e-15,1.0065719916977187
22,4,random,7,0.0,1.7763568394002505e-15,1.0512707555981962
22,4,random,8,0.0,1.3322676295501878e-15,0.2686398734508444
22,4,random,9,3.552713678800501e-15,8.881784197001252e-16,2.2257213785211007
22,4,random,10,8.881784197001252e-16,2.6645352591003757e-15,2.3430209701963776
22,4,random,11,3.552713678800501e-15,6.661338147750939e-16,2.4246856614766763
22,4,random,12,8.881784197001252e-16,8.881784197001252e-16,4.0014414221714
22,4,random,13,4.440892098500626e-16,2.6645352591003757e-15,0.885133534624913
22,4,random,14,1.7763568394002505e-15,3.552713678800501e-15,0.30212258102832834
22,4,random,15,4.440892098500626e-16,2.220446049250313e-15,4.800102746494609
22,4,random,16,2.0539125955565396e-15,8.881784197001252e-16,1.670317592552962
22,4,random,17,3.552713678800501e-15,3.552713678800501e-15,0.4513797165987796
22,4,random,18,8.881784197001252e-16,0.0,2.5822023336924502
22,4,random,19,1.7763568394002505e-15,0.0,4.367277418592998
22,5,simplex,0,3.552713678800501e-15,3.552713678800501e-15,1.0079494656387329
22,5,simplex,1,7.105427357601002e-15,0.0,3.0604665379624834
22,5,simplex,2,2.220446049250313e-15,4.440892098500626e-16,4.629916842734403
22,5,simplex,3,3.1086244689504383e-15,8.881784197001252e-16,0.7781469106481538
22,5,simplex,4,3.552713678800501e-15,0.0,0.17445427009596415
22,5,simplex,5,1.7763568394002505e-15,7.105427357601002e-15,5.130515859139095
22,5,simplex,6,2.6645352591003757e-15,8.881784197001252e-16,2.013606653931866
22,5,simplex,7,5.329070518200751e-15,5.329070518200751e-15,6.005718338291302
22,5,simplex,8,2.220446049250313e-15,1.3322676295501878e-15,1.4739788445634652
22,5,simplex,9,3.552713678800501e-15,3.552713678800501e-15,1.9500704405008022
22,5,simplex,10,1.7763568394002505e-15,2.3314683517128287e-15,2.467361136005529
22,5,simplex,11,3.552713678800501e-15,1.1102230246251565e-15,0.8776555369630827
22,5,simplex,12,0.0,2.6645352591003757e-15,5.997643374912599
22,5,simplex,13,0.0,8.881784197001252e-16,4.877923269318266
22,5,simplex,14,3.552713678800501e-15,3.552713678800501e-15,0.7448174132318286
22,5,simplex,15,4.440892098500626e-15,8.881784197001252e-16,0.7557331171054784
22,5,simplex,16,8.881784197001252e-16,3.552713678800501e-15,2.3995166982296325
22,5,simplex,17,3.552713678800501e-15,1.7763568394002505e-15,1.178630956501479
22,5,simplex,18,1.7763568394002505e-15,2.6645352591003757e-15,2.3964996534458436
22,5,simplex,19,1.7763568394002505e-15,2.220446049250313e-15,5.1883884644445075
22,5,random,0,1.7763568394002505e-15,0.0,1.3654751715642206
22,5,random,1,8.881784197001252e-16,1.7763568394002505e-15,2.830599395193566
22,5,random,2,8.881784197001252e-16,2.6645352591003757e-15,2.4359639342860433
22,5,random,3,0.0,3.552713678800501e-15,0.6314163196570313
22,5,random,4,5.329070518200751e-15,1.7763568394002505e-15,3.464224159846353
22,5,random,5,3.552713678800501e-15,2.6645352591003757e-15,0.10056827774903354
22,5,random,6,3.1086244689504383e-15,3.1086244689504383e-15,1.4835059514970368
22,5,random,7,0.0,8.881784197001252e-16,9.369253316483505
22,5,random,8,1.7763568394002505e-15,1.7763568394002505e-15,4.5263002341044185
22,5,random,9,1.7763568394002505e-15,2.9976021664879227e-15,5.139168274990013
22,5,random,10,3.552713678800501e-15,1.7763568394002505e-15,5.80510997515637
22,5,random,11,1.7763568394002505e-15,1.7763568394002505e-15,1.2071480211632633
22,5,random,12,1.3322676295501878e-15,4.440892098500626e-16,0.22747149674859202
22,5,random,13,3.552713678800501e-15,1.7763568394002505e-15,2.0685997339405837
22,5,random,14,3.1086244689504383e-15,4.440892098500626e-16,3.676751752778017
22,5,random,15,0.0,0.0,4.609502461943229
22,5,random,16,0.0,2.6645352591003757e-15,3.389196123376088
22,5,random,17,3.552713678800501e-15,1.7763568394002505e-15,0.8200945355532667
22,5,random,18,0.0,8.881784197001252e-16,1.8855002519611332
22,5,random,19,0.0,0.0,1.8198635004250647
22,8,simplex,0,1.7763568394002505e-15,1.7763568394002505e-15,1.3903416924600975
22,8,simplex,1,3.552713678800501e-15,8.881784197001252e-16,5.229252967201717
22,8,simplex,2,7.993605777301127e-15,3.9968028886505635e-15,3.8514550412756776
22,8,simplex,3,8.881784197001252e-16,8.881784197001252e-16,1.093246377642302
22,8,simplex,4,1.7763568394002505e-15,3.552713678800501e-15,1.5250110252135798
22,8,simplex,5,1.7763568394002505e-15,1.7763568394002505e-15,5.624897930628677
22,8,simplex,6,1.7763568394002505e-15,3.552713678800501e-15,1.7096017133441137
22,8,simplex,7,6.217248937900877e-15,5.329070518200751e-15,2.1045633509484674
22,8,simplex,8,0.0,1.7763568394002505e-15,0.5085931573960565
22,8,simplex,9,1.7763568394002505e-15,0.0,2.5760901489808035
22,8,simplex,10,7.105427357601002e-15,3.552713678800501e-15,2.792416842707013
22,8,simplex,11,1.7763568394002505e-15,1.7763568394002505e-15,7.829491205525869
22,8,simplex,12,5.329070518200751e-15,0.0,1.444341338838015
22,8,simplex,13,3.552713678800501e-15,7.105427357601002e-15,6.4737105180922185
22,8,simplex,14,3.552713678800501e-15,0.0,3.2233938710939896
22,8,simplex,15,4.440892098500626e-15,6.217248937900877e-15,4.488272816056067
22,8,simplex,16,1.7763568394002505e-15,1.7763568394002505e-15,1.4154651136132372
22,8,simplex,17,4.440892098500626e-15,2.6645352591003757e-15,0.527454562578427
22,8,simplex,18,0.0,1.7763568394002505e-15,3.6824322422540234
22,8,simplex,19,3.552713678800501e-15,5.329070518200751e-15,1.1357665919400404
22,8,random,0,4.440892098500626e-15,3.552713678800501e-15,5.731557164953216
22,8,random,1,3.552713678800501e-15,1.7763568394002505e-15,0.14560257927816167
22,8,random,2,1.4210854715202004e-14,0.0,7.056578561150587
22,8,random,3,0.0,3.552713678800501e-15,6.5075221484705
22,8,random,4,0.0,7.105427357601002e-15,2.0873043806835696
22,8,random,5,0.0,7.105427357601002e-15,9.16266967057598
22,8,random,6,5.329070518200751e-15,4.440892098500626e-15,3.329681039642381
22,8,random,7,1.7763568394002505e-15,2.6645352591003757e-15,9.83137981225768
22,8,random,8,3.552713678800501e-15,4.440892098500626e-15,5.336242147815696
22,8,random,9,3.552713678800501e-15,3.552713678800501e-15,1.22386700498555
22,8,random,10,1.7763568394002505e-15,2.220446049250313e-15,3.544926128776538
22,8,random,11,8.881784197001252e-16,4.440892098500626e-16,0.49222978003984963
22,8,random,12,1.7763568394002505e-15,5.329070518200751e-15,5.33449630269466
22,8,random,13,0.0,5.329070518200751e-15,5.665836582495558
22,8,random,14,3.552713678800501e-15,7.105427357601002e-15,10.096412832136508
22,8,random,15,3.552713678800501e-15,3.552713678800501e-15,1.5171899849727453
22,8,random,16,3.552713678800501e-15,7.105427357601002e-15,0.6949936006462423
22,8,random,17,7.105427357601002e-15,5.329070518200751e-15,3.37380835190924
22,8,random,18,4.440892098500626e-15,1.7763568394002505e-15,6.312737586191602
22,8,random,19,0.0,7.105427357601002e-15,2.68436335467522
23,1,simplex,0,8.881784197001252e-16,0.0,1.6591865837476902
23,1,simplex,1,4.440892098500626e-16,4.440892098500626e-16,0.9117813004080677
23,1,simplex,2,0.0,8.881784197001252e-16,0.025108488409987473
23,1,simplex,3,0.0,8.881784197001252e-16,0.01050722204875143
23,1,simplex,4,2.220446049250313e-16,0.0,1.6623196212649685
23,1,simplex,5,8.881784197001252e-16,8.881784197001252e-16,0.32489363571953955
23,1,simplex,6,1.7763568394002505e-15,0.0,0.2168386023926514
23,1,simplex,7,1.5543122344752192e-15,1.3322676295501878e-15,2.178657445171619
23,1,simplex,8,2.220446049250313e-16,2.220446049250313e-16,0.03125471975017646
23,1,simplex,9,1.1102230246251565e-16,6.661338147750939e-16,1.3395701350063236
23,1,simplex,10,0.0,0.0,0.17925841342445992
23,1,simplex,11,1.7763568394002505e-15,0.0,0.9862492344446867
23,1,simplex,12,4.440892098500626e-16,4.440892098500626e-16,0.11741730603773881
23,1,simplex,13,8.881784197001252e-16,8.881784197001252e-16,1.6090428078030676
23,1,simplex,14,1.7763568394002505e-15,8.881784197001252e-16,0.26158011096224865
23,1,simplex,15,4.440892098500626e-16,8.881784197001252e-16,0.5528183219670417
23,1,simplex,16,8.881784197001252e-16,8.881784197001252e-16,1.4432688971919303
23,1,simplex,17,4.440892098500626e-16,4.440892098500626e-16,1.9812632505836936
23,1,simplex,18,1.1102230246251565e-16,1.1102230246251565e-16,0.6349890015378641
23,1,simplex,19,0.0,8.881784197001252e-16,3.656507772847567
23,1,random,0,2.220446049250313e-16,2.220446049250313e-16,1.6223432123274915
23,1,random,1,1.1102230246251565e-15,6.661338147750939e-16,0.43615104290204787
23,1,random,2,2.220446049250313e-16,2.220446049250313e-16,0.18088936635595054
23,1,random,3,6.661338147750939e-16,4.440892098500626e-16,1.8863017502077906
23,1,random,4,5.551115123125783e-16,3.3306690738754696e-16,0.41998203290947167
23,1,random,5,0.0,0.0,0.8252474061858113
23,1,random,6,8.881784197001252e-16,0.0,1.709258506786874
23,1,random,7,8.881784197001252e-16,8.881784197001252e-16,0.9204234873270156
23,1,random,8,8.881784197001252e-16,0.0,0.02352329410776921
23,1,random,9,8.881784197001252e-16,1.2212453270876722e-15,0.06685019510278156
23,1,random,10,0.0,0.0,0.4775329599933258
23,1,random,11,0.0,8.881784197001252e-16,1.0227585174819547
23,1,random,12,4.440892098500626e-16,0.0,0.16360503679484495
23,1,random,13,1.7763568394002505e-15,1.7763568394002505e-15,4.369248944123306
23,1,random,14,8.881784197001252e-16,0.0,0.13670126824296602
23,1,random,15,0.0,0.0,0.008179615186032052
23,1,random,16,2.220446049250313e-16,8.881784197001252e-16,0.30506543419525656
23,1,random,17,1.7763568394002505e-15,8.881784197001252e-16,0.35313633930373634
23,1,random,18,0.0,4.440892098500626e-16,0.02862095485090066
23,1,random,19,8.881784197001252e-16,1.3322676295501878e-15,0.06306064948323886
23,2,simplex,0,1.1102230246251565e-15,3.552713678800501e-15,3.222407981524057
23,2,simplex,1,0.0,0.0,0.7885876110908363
23,2,simplex,2,1.3322676295501878e-15,8.881784197001252e-16,0.32836989159734387
23,2,simplex,3,0.0,1.7763568394002505e-15,0.18664031530099123
23,2,simplex,4,1.3322676295501878e-15,8.881784197001252e-16,0.44656240043970996
23,2,simplex,5,4.440892098500626e-16,8.881784197001252e-16,1.30011110066026
23,2,simplex,6,1.7763568394002505e-15,5.329070518200751e-15,0.024922870950733866
23,2,simplex,7,4.440892098500626e-16,1.3322676295501878e-15,1.8826721371854802
23,2,simplex,8,0.0,2.6645352591003757e-15,0.1497372879274792
23,2,simplex,9,2.220446049250313e-15,4.440892098500626e-16,0.3657373643717179
23,2,simplex,10,0.0,1.7763568394002505e-15,0.570863390752578
23,2,simplex,11,1.7763568394002505e-15,0.0,2.970090356585885
23,2,simplex,12,0.0,8.881784197001252e-16,1.2859175060462178
23,2,simplex,13,8.881784197001252e-16,1.7763568394002505e-15,0.19852039761653195
23,2,simplex,14,1.7763568394002505e-15,0.0,0.9215337093676652
23,2,simplex,15,3.552713678800501e-15,1.7763568394002505e-15,3.45106046403329
23,2,simplex,16,1.7763568394002505e-15,1.7763568394002505e-15,0.6856649653288116
23,2,simplex,17,1.7763568394002505e-15,0.0,3.5568590060980156
23,2,simplex,18,1.7763568394002505e-15,0.0,0.7363725662110028
23,2,simplex,19,2.6645352591003757e-15,8.881784197001252e-16,1.8836563918871843
23,2,random,0,4.440892098500626e-16,2.220446049250313e-16,3.4867530548051953
23,2,random,1,8.881784197001252e-16,0.0,1.7596731096019944
23,2,random,2,3.552713678800501e-15,1.7763568394002505e-15,1.768902894699579
23,2,random,3,1.9984014443252818e-15,4.440892098500626e-16,4.173055904218046
23,2,random,4,8.881784197001252e-16,1.3322676295501878e-15,0.14093064150534218
23,2,random,5,4.440892098500626e-16,0.0,0.32391342427722236
23,2,random,6,1.7763568394002505e-15,1.7763568394002505e-15,1.6358971179617576
23,2,random,7,1.7763568394002505e-15,1.7763568394002505e-15,0.14670775431383376
23,2,random,8,1.7763568394002505e-15,1.7763568394002505e-15,0.25692222950257104
23,2,random,9,0.0,0.0,0.2877812231921908
23,2,random,10,3.552713678800501e-15,0.0,1.507207730815395
23,2,random,11,0.0,3.552713678800501e-15,5.985076385462328
23,2,random,12,0.0,0.0,0.21137082529853757
23,2,random,13,0.0,0.0,3.0236222793994063
23,2,random,14,8.881784197001252e-16,8.881784197001252e-16,0.19235423249840977
23,2,random,15,0.0,1.7763568394002505e-15,0.8786804863670845
23,2,random,16,0.0,0.0,1.7381733324128774
23,2,random,17,8.881784197001252e-16,8.881784197001252e-16,1.0733258427315775
23,2,random,18,0.0,1.7763568394002505e-15,2.781084142342964
23,2,random,19,4.440892098500626e-16,8.881784197001252e-16,0.044349333682685455
23,3,simplex,0,1.7763568394002505e-15,1.3322676295501878e-15,5.521705306989354
23,3,simplex,1,1.7763568394002505e-15,2.6645352591003757e-15,1.459027749071816
23,3,simplex,2,2.220446049250313e-16,1.9984014443252818e-15,3.10552294193133
23,3,simplex,3,3.552713678800501e-15,0.0,0.3416143605432467
23,3,simplex,4,8.881784197001252e-16,8.881784197001252e-16,2.8349692207230284
23,3,simplex,5,8.881784197001252e-16,8.881784197001252e-16,4.839354744325391
23,3,simplex,6,3.552713678800501e-15,0.0,1.262841282093568
23,3,simplex,7,8.881784197001252e-16,2.6645352591003757e-15,2.7887269820469243
23,3,simplex,8,2.6645352591003757e-15,8.881784197001252e-16,0.41241591204210337
23,3,simplex,9,1.7763568394002505e-15,1.7763568394002505e-15,1.257677958147518
23,3,simplex,10,0.0,0.0,0.4842961788125919
23,3,simplex,11,8.881784197001252e-16,8.881784197001252e-16,4.658672157270107
23,3,simplex,12,1.7763568394002505e-15,8.881784197001252e-16,5.4018606732525285
23,3,simplex,13,8.881784197001252e-16,6.661338147750939e-16,8.410238061415118
23,3,simplex,14,6.661338147750939e-16,1.1102230246251565e-16,3.722753897984795
23,3,simplex,15,0.0,0.0,2.115444141063641
23,3,simplex,16,2.6645352591003757e-15,1.3322676295501878e-15,3.6628490399711993
23,3,simplex,17,0.0,8.881784197001252e-16,1.598760633186064
23,3,simplex,18,4.440892098500626e-16,4.440892098500626e-16,3.082874044755048
23,3,simplex,19,8.881784197001252e-16,8.881784197001252e-16,5.189874812600156
23,3,random,0,8.881784197001252e-16,0.0,1.4743911802488014
23,3,random,1,1.7763568394002505e-15,1.7763568394002505e-15,6.187625888284124
23,3,random,2,0.0,2.6645352591003757e-15,0.0795910610226116
23,3,random,3,8.881784197001252e-16,1.1102230246251565e-15,2.204698298462546
23,3,random,4,0.0,1.7763568394002505e-15,0.4837155180143746
23,3,random,5,8.881784197001252e-16,0.0,1.2296835097415268
23,3,random,6,1.3322676295501878e-15,1.7763568394002505e-15,2.4305328243816007
23,3,random,7,1.7763568394002505e-15,3.552713678800501e-15,1.8508521196642391
23,3,random,8,1.3322676295501878e-15,0.0,1.3950837266045433
23,3,random,9,8.881784197001252e-16,8.881784197001252e-16,2.875693162448151
23,3,random,10,8.881784197001252e-16,4.440892098500626e-16,1.1022970555312757
23,3,random,11,6.661338147750939e-16,2.220446049250313e-16,0.35657273534327416
23,3,random,12,7.105427357601002e-15,3.552713678800501e-15,0.201097758415834
23,3,random,13,3.9968028886505635e-15,4.440892098500626e-16,0.10606705232938296
23,3,random,14,1.7763568394002505e-15,1.7763568394002505e-15,2.327002024194492
23,3,random,15,1.1102230246251565e-16,1.1102230246251565e-16,1.6528285843570494
23,3,random,16,2.6645352591003757e-15,8.881784197001252e-16,1.3819011414292959
23,3,random,17,1.7763568394002505e-15,0.0,0.14866264332876966
23,3,random,18,0.0,1.7763568394002505e-15,6.8203190323677845
23,3,random,19,1.7763568394002505e-15,8.881784197001252e-16,2.2344290508151836
23,4,simplex,0,1.7763568394002505e-15,8.881784197001252e-16,3.440220990266326
23,4,simplex,1,1.7763568394002505e-15,3.3306690738754696e-15,2.7874521913833448
23,4,simplex,2,2.6645352591003757e-15,3.552713678800501e-15,0.30283972792121716
23,4,simplex,3,3.552713678800501e-15,8.881784197001252e-16,2.513595740816964
23,4,simplex,4,2.4424906541753444e-15,1.1102230246251565e-15,0.7163151551116442
23,4,simplex,5,0.0,1.7763568394002505e-15,1.4349829365362439
23,4,simplex,6,2.6645352591003757e-15,8.881784197001252e-16,1.800159546282309
23,4,simplex,7,1.7763568394002505e-15,1.7763568394002505e-15,2.1590433990281355
23,4,simplex,8,8.881784197001252e-16,2.6645352591003757e-15,0.7405774165873211
23,4,simplex,9,0.0,2.220446049250313e-15,2.2152456248460553
23,4,simplex,10,3.552713678800501e-15,1.7763568394002505e-15,1.0959229536629156
23,4,simplex,11,1.7763568394002505e-15,8.881784197001252e-16,0.5126836091245863
23,4,simplex,12,7.105427357601002e-15,0.0,0.5352540848874412
23,4,simplex,13,2.886579864025407e-15,2.220446049250313e-15,4.166621134539991
23,4,simplex,14,3.552713678800501e-15,4.440892098500626e-15,4.141691586255803
23,4,simplex,15,2.6645352591003757e-15,0.0,3.7907010517540343
23,4,simplex,16,3.552713678800501e-15,3.552713678800501e-15,0.6666982777419754
23,4,simplex,17,1.7763568394002505e-15,1.7763568394002505e-15,1.1164910031624231
23,4,simplex,18,8.881784197001252e-16,0.0,1.6487837351136392
23,4,simplex,19,2.6645352591003757e-15,3.552713678800501e-15,0.8364349678966079
23,4,random,0,7.105427357601002e-15,7.105427357601002e-15,1.62319163487021
23,4,random,1,4.440892098500626e-15,4.9960036108132044e-15,0.4189863869857149
23,4,random,2,2.6645352591003757e-15,8.881784197001252e-16,1.0363648372822105
23,4,random,3,1.7763568394002505e-15,0.0,2.3092112575158765
23,4,random,4,1.7763568394002505e-15,1.3322676295501878e-15,0.44512870945980865
23,4,random,5,3.552713678800501e-15,3.552713678800501e-15,1.2984003789623202
23,4,random,6,2.220446049250313e-15,2.6645352591003757e-15,2.33761377879123
23,4,random,7,7.105427357601002e-15,3.552713678800501e-15,3.263697962143439
23,4,random,8,7.105427357601002e-15,8.881784197001252e-16,0.8238208894617145
23,4,random,9,4.440892098500626e-16,2.6645352591003757e-15,2.1995821119834105
23,4,random,10,1.7763568394002505e-15,3.552713678800501e-15,10.291802905005877
23,4,random,11,0.0,0.0,7.4674425148573
23,4,random,12,3.552713678800501e-15,2.6645352591003757e-15,2.9806969025916743
23,4,random,13,3.552713678800501e-15,3.552713678800501e-15,2.819680256141595
23,4,random,14,3.552713678800501e-15,3.552713678800501e-15,0.6108750700685839
23,4,random,15,3.552713678800501e-15,1.7763568394002505e-15,0.5376090900019648
23,4,random,16,3.552713678800501e-15,3.552713678800501e-15,8.998224543251247
23,4,random,17,4.440892098500626e-15,1.7763568394002505e-15,3.7987808696173886
23,4,random,18,3.552713678800501e-15,3.552713678800501e-15,2.4458618659638702
23,4,random,19,3.552713678800501e-15,0.0,3.082492464610752
23,5,simplex,0,8.881784197001252e-16,4.440892098500626e-16,4.928629146461013
23,5,simplex,1,3.3306690738754696e-15,3.774758283725532e-15,4.771065961013051
23,5,simplex,2,3.552713678800501e-15,2.6645352591003757e-15,0.7853606558369179
23,5,simplex,3,1.7763568394002505e-15,0.0,5.032896889891383
23,5,simplex,4,0.0,8.881784197001252e-16,0.27886518340926614
23,5,simplex,5,0.0,0.0,6.006056833140768
23,5,simplex,6,1.7763568394002505e-15,1.7763568394002505e-15,2.6324773235934273
23,5,simplex,7,1.7763568394002505e-15,2.6645352591003757e-15,1.9889276116987062
23,5,simplex,8,2.6645352591003757e-15,1.7763568394002505e-15,2.169221226003202
23,5,simplex,9,7.105427357601002e-15,3.552713678800501e-15,1.4652415089011015
23,5,simplex,10,1.7763568394002505e-15,6.661338147750939e-16,0.4428752298780054
23,5,simplex,11,4.440892098500626e-16,3.552713678800501e-15,0.3573600180247567
23,5,simplex,12,1.7763568394002505e-15,1.3322676295501878e-15,4.606746469484396
23,5,simplex,13,0.0,8.881784197001252e-16,3.433564258271197
23,5,simplex,14,7.105427357601002e-15,7.105427357601002e-15,2.0103172564071627
23,5,simplex,15,2.220446049250313e-15,8.881784197001252e-16,0.3372370876733157
23,5,simplex,16,8.881784197001252e-16,4.440892098500626e-16,1.2716316692391487
23,5,simplex,17,0.0,5.329070518200751e-15,3.204545057680008
23,5,simplex,18,1.7763568394002505e-15,8.881784197001252e-16,6.049676639199447
23,5,simplex,19,8.881784197001252e-15,4.440892098500626e-15,0.3284702221321467
23,5,random,0,2.6645352591003757e-15,5.329070518200751e-15,1.135506841370436
23,5,random,1,1.7763568394002505e-15,4.440892098500626e-16,2.600895046522986
23,5,random,2,1.7763568394002505e-15,0.0,1.2713316203075493
23,5,random,3,5.329070518200751e-15,3.552713678800501e-15,0.22881958637267985
23,5,random,4,8.881784197001252e-16,0.0,5.33261719348657
23,5,random,5,1.7763568394002505e-15,1.7763568394002505e-15,3.5903301841365547
23,5,random,6,7.105427357601002e-15,7.105427357601002e-15,0.37417856201769695
23,5,random,7,1.7763568394002505e-15,5.329070518200751e-15,7.669335995591588
23,5,random,8,4.440892098500626e-15,5.329070518200751e-15,0.8192399441734324
23,5,random,9,0.0,0.0,0.6826428757084742
23,5,random,10,1.7763568394002505e-15,0.0,4.137776293772028
23,5,random,11,2.6645352591003757e-15,1.3322676295501878e-15,2.2633708057031114
23,5,random,12,1.5543122344752192e-15,4.440892098500626e-16,0.5154304053370211
23,5,random,13,1.7763568394002505e-15,1.7763568394002505e-15,0.8771208073183772
23,5,random,14,3.552713678800501e-15,3.552713678800501e-15,0.18652290371336377
23,5,random,15,1.7763568394002505e-15,3.552713678800501e-15,0.2890682677836267
23,5,random,16,4.440892098500626e-16,1.3322676295501878e-15,2.1795811762530306
23,5,random,17,1.7763568394002505e-15,8.881784197001252e-16,2.2784219556278913
23,5,random,18,0.0,0.0,1.8387494416465948
23,5,random,19,1.7763568394002505e-15,1.7763568394002505e-15,0.3844826546688225
23,8,simplex,0,3.552713678800501e-15,0.0,0.02657846426884447
23,8,simplex,1,7.105427357601002e-15,7.105427357601002e-15,1.9064365956714084
23,8,simplex,2,7.105427357601002e-15,0.0,3.2604993265039184
23,8,simplex,3,1.7763568394002505e-15,1.7763568394002505e-15,9.889968715420352
23,8,simplex,4,3.552713678800501e-15,3.552713678800501e-15,6.696079793335073
23,8,simplex,5,3.552713678800501e-15,7.105427357601002e-15,0.38471950902413
23,8,simplex,6,1.7763568394002505e-15,0.0,1.5498696885293413
23,8,simplex,7,1.7763568394002505e-15,1.7763568394002505e-15,6.597706448723251
23,8,simplex,8,5.329070518200751e-15,3.552713678800501e-15,2.129068530059712
23,8,simplex,9,3.552713678800501e-15,3.552713678800501e-15,0.16221218363975254
23,8,simplex,10,8.881784197001252e-16,1.7763568394002505e-15,2.5846366285018405
23,8,simplex,11,1.7763568394002505e-15,0.0,0.4824645186268981
23,8,simplex,12,2.6645352591003757e-15,8.881784197001252e-16,5.111691583600347
23,8,simplex,13,5.329070518200751e-15,1.7763568394002505e-15,1.2607935289913001
23,8,simplex,14,4.3298697960381105e-15,3.1086244689504383e-15,2.3556723906133215
23,8,simplex,15,3.552713678800501e-15,3.552713678800501e-15,2.9204321371389454
23,8,simplex,16,1.7763568394002505e-15,0.0,3.359481700759119
23,8,simplex,17,8.881784197001252e-16,2.6645352591003757e-15,0.2605809754035633
23,8,simplex,18,0.0,1.3322676295501878e-15,2.9239859541732756
23,8,simplex,19,0.0,1.7763568394002505e-15,0.20491566494821
23,8,random,0,5.773159728050814e-15,3.774758283725532e-15,0.12096355424959881
23,8,random,1,3.552713678800501e-15,1.7763568394002505e-15,5.960461043418761
23,8,random,2,8.881784197001252e-16,8.881784197001252e-16,2.0175454447778947
23,8,random,3,3.552713678800501e-15,5.329070518200751e-15,2.698575789291098
23,8,random,4,0.0,3.552713678800501e-15,2.380627318173268
23,8,random,5,7.105427357601002e-15,5.329070518200751e-15,5.06848101048368
23,8,random,6,2.6645352591003757e-15,8.881784197001252e-16,6.930059406718243
23,8,random,7,1.7763568394002505e-15,3.552713678800501e-15,1.9332178239030426
23,8,random,8,3.552713678800501e-15,0.0,4.491521769297897
23,8,random,9,8.881784197001252e-15,3.552713678800501e-15,2.7775140650180106
23,8,random,10,5.329070518200751e-15,1.7763568394002505e-15,6.641330614288876
23,8,random,11,3.552713678800501e-15,3.552713678800501e-15,2.4068409478638984
23,8,random,12,7.105427357601002e-15,0.0,4.0475053454623975
23,8,random,13,0.0,5.329070518200751e-15,1.8545823548863893
23,8,random,14,0.0,1.7763568394002505e-15,1.392755693709983
23,8,random,15,0.0,3.552713678800501e-15,2.4766128816326685
23,8,random,16,3.9968028886505635e-15,4.440892098500626e-16,2.4523955040627214
23,8,random,17,4.440892098500626e-16,8.881784197001252e-16,4.708610083295305
23,8,random,18,3.552713678800501e-15,3.552713678800501e-15,3.9442981378838624
23,8,random,19,3.552713678800501e-15,0.0,5.830826199116501
24,1,simplex,0,0.0,0.0,0.6140695341673439
24,1,simplex,1,0.0,4.440892098500626e-16,0.559163247150394
24,1,simplex,2,8.881784197001252e-16,0.0,2.8686220006569254
24,1,simplex,3,0.0,1.7763568394002505e-15,3.5589660112200234
24,1,simplex,4,1.1102230246251565e-15,0.0,4.0593651451227
24,1,simplex,5,4.440892098500626e-16,4.440892098500626e-16,0.19573213708978188
24,1,simplex,6,4.440892098500626e-16,0.0,1.496704209711531
24,1,simplex,7,8.881784197001252e-16,0.0,4.246477961146653
24,1,simplex,8,8.881784197001252e-16,8.881784197001252e-16,0.2068373313066676
24,1,simplex,9,4.440892098500626e-16,6.661338147750939e-16,0.7621497560314658
24,1,simplex,10,0.0,4.440892098500626e-16,1.5419432720206547
24,1,simplex,11,8.881784197001252e-16,8.881784197001252e-16,2.4154305240613194
24,1,simplex,12,0.0,0.0,0.06841688821093328
24,1,simplex,13,5.551115123125783e-16,3.3306690738754696e-16,0.18964472909858276
24,1,simplex,14,6.661338147750939e-16,2.220446049250313e-16,0.8632729853107595
24,1,simplex,15,2.220446049250313e-16,1.1102230246251565e-16,0.11014891767174761
24,1,simplex,16,4.440892098500626e-16,0.0,2.00287912810733
24,1,simplex,17,3.3306690738754696e-16,2.220446049250313e-16,0.08258266536936532
24,1,simplex,18,1.7763568394002505e-15,8.881784197001252e-16,0.17040097480492555
24,1,simplex,19,8.881784197001252e-16,0.0,0.9251488817685831
24,1,random,0,5.551115123125783e-16,3.3306690738754696e-16,0.057075305745959426
24,1,random,1,0.0,0.0,0.08171384247275171
24,1,random,2,8.881784197001252e-16,0.0,0.6047618753030397
24,1,random,3,0.0,0.0,0.24283131961820636
24,1,random,4,0.0,2.220446049250313e-16,1.8707803015858335
24,1,random,5,4.440892098500626e-16,1.1102230246251565e-15,3.431626266230799
24,1,random,6,4.440892098500626e-16,4.440892098500626e-16,1.8147033240303747
24,1,random,7,1.7763568394002505e-15,1.7763568394002505e-15,0.0343028465211912
24,1,random,8,8.881784197001252e-16,0.0,1.2679240637483031
24,1,random,9,8.881784197001252e-16,0.0,0.18787597690429614
24,1,random,10,1.1102230246251565e-16,3.3306690738754696e-16,0.022486134075411
24,1,random,11,4.440892098500626e-16,8.881784197001252e-16,0.7480853865537238
24,1,random,12,2.220446049250313e-16,4.440892098500626e-16,0.9729711263604441
24,1,random,13,1.3322676295501878e-15,4.440892098500626e-16,2.079357097108012
24,1,random,14,0.0,0.0,1.3137406303584669
24,1,random,15,4.440892098500626e-16,0.0,0.1967254921387216
24,1,random,16,4.440892098500626e-16,4.440892098500626e-16,0.28157292983566773
24,1,random,17,1.1102230246251565e-16,5.551115123125783e-16,1.0604941806034631
24,1,random,18,0.0,0.0,0.11399178868503368
24,1,random,19,8.881784197001252e-16,4.440892098500626e-16,0.2836483508839862
24,2,simplex,0,8.881784197001252e-16,4.440892098500626e-16,0.08220958324550409
24,2,simplex,1,8.881784197001252e-16,0.0,0.1568119697832664
24,2,simplex,2,1.3322676295501878e-15,1.3322676295501878e-15,3.9229081867233937
24,2,simplex,3,1.7763568394002505e-15,1.7763568394002505e-15,2.555450641123425
24,2,simplex,4,1.7763568394002505e-15,2.6645352591003757e-15,0.4040517132038062
24,2,simplex,5,0.0,1.7763568394002505e-15,0.9947456656384368
24,2,simplex,6,3.552713678800501e-15,3.552713678800501e-15,0.6963640150045087
24,2,simplex,7,2.220446049250313e-15,2.220446049250313e-15,2.1204779679736205
24,2,simplex,8,8.881784197001252e-16,0.0,5.409571520642601
24,2,simplex,9,1.7763568394002505e-15,0.0,3.888380129127391
24,2,simplex,10,3.552713678800501e-15,0.0,0.453536945220538
24,2,simplex,11,0.0,8.881784197001252e-16,0.02567046747179269
24,2,simplex,12,2.6645352591003757e-15,1.7763568394002505e-15,0.05094957065412231
24,2,simplex,13,2.6645352591003757e-15,2.220446049250313e-15,4.992156891718256
24,2,simplex,14,8.881784197001252e-16,0.0,2.1134439524586046
24,2,simplex,15,1.7763568394002505e-15,0.0,0.03373681774621673
24,2,simplex,16,3.552713678800501e-15,0.0,0.42420155766368595
24,2,simplex,17,8.881784197001252e-16,8.881784197001252e-16,0.6857189036276745
24,2,simplex,18,2.220446049250313e-16,1.1102230246251565e-15,3.0930579706743657
24,2,simplex,19,8.881784197001252e-16,0.0,0.1726795617560164
24,2,random,0,0.0,8.881784197001252e-16,1.0816392950238818
24,2,random,1,1.7763568394002505e-15,0.0,0.8177554691721163
24,2,random,2,0.0,0.0,1.5567352993941448
24,2,random,3,2.6645352591003757e-15,8.881784197001252e-16,1.1057744231563476
24,2,random,4,1.7763568394002505e-15,0.0,0.6341335044730876
24,2,random,5,2.220446049250313e-15,4.440892098500626e-16,9.241273869410795
24,2,random,6,8.881784197001252e-16,1.7763568394002505e-15,0.48828294344302137
24,2,random,7,0.0,8.881784197001252e-16,1.9858785617628847
24,2,random,8,1.7763568394002505e-15,4.440892098500626e-16,0.8796053033560618
24,2,random,9,3.552713678800501e-15,0.0,0.10027937709368695
24,2,random,10,8.881784197001252e-16,1.7763568394002505e-15,5.731523136463732
24,2,random,11,2.220446049250313e-16,1.5543122344752192e-15,0.5975015010746745
24,2,random,12,5.329070518200751e-15,1.7763568394002505e-15,1.9211012624632673
24,2,random,13,0.0,1.7763568394002505e-15,2.123317405652813
24,2,random,14,0.0,0.0,2.2885368245130238
24,2,random,15,0.0,1.7763568394002505e-15,0.6697165864986871
24,2,random,16,1.7763568394002505e-15,1.7763568394002505e-15,0.4413398435972402
24,2,random,17,0.0,8.881784197001252e-16,0.948692318766863
24,2,random,18,1.3322676295501878e-15,8.881784197001252e-16,0.41405948683739524
24,2,random,19,2.6645352591003757e-15,2.6645352591003757e-15,2.5727542039116043
24,3,simplex,0,8.881784197001252e-16,0.0,0.6714591379342707
24,3,simplex,1,4.440892098500626e-15,1.7763568394002505e-15,0.2443437519874081
24,3,simplex,2,3.1086244689504383e-15,1.3322676295501878e-15,2.4899998490733637
24,3,simplex,3,0.0,0.0,1.1113633375354333
24,3,simplex,4,1.7763568394002505e-15,1.7763568394002505e-15,1.6561527270412846
24,3,simplex,5,1.7763568394002505e-15,1.7763568394002505e-15,1.7476580342238464
24,3,simplex,6,1.7763568394002505e-15,8.881784197001252e-16,1.3525776338184556
24,3,simplex,7,1.7763568394002505e-15,1.7763568394002505e-15,0.7547873656078394
24,3,simplex,8,3.9968028886505635e-15,1.7763568394002505e-15,0.3146868520821151
24,3,simplex,9,3.552713678800501e-15,1.7763568394002505e-15,8.118063717977947
24,3,simplex,10,3.552713678800501e-15,1.7763568394002505e-15,0.8078447036292786
24,3,simplex,11,1.7763568394002505e-15,1.7763568394002505e-15,2.6393151437216247
24,3,simplex,12,2.6645352591003757e-15,1.1102230246251565e-15,2.6430140070380723
24,3,simplex,13,1.7763568394002505e-15,3.552713678800501e-15,0.4929618687353994
24,3,simplex,14,3.552713678800501e-15,0.0,2.5817447547351513
24,3,simplex,15,3.552713678800501e-15,0.0,3.4572128544888656
24,3,simplex,16,8.881784197001252e-16,0.0,2.87572285498452
24,3,simplex,17,1.5543122344752192e-15,3.774758283725532e-15,2.157688718740946
24,3,simplex,18,8.881784197001252e-16,0.0,0.729069074695758
24,3,simplex,19,0.0,8.881784197001252e-16,0.2872134350389972
24,3,random,0,3.552713678800501e-15,0.0,1.199652450634261
24,3,random,1,0.0,1.7763568394002505e-15,0.8710675157314327
24,3,random,2,1.7763568394002505e-15,0.0,2.565716011627753
24,3,random,3,8.881784197001252e-16,0.0,1.407517224838358
24,3,random,4,1.1102230246251565e-15,1.7763568394002505e-15,1.1414884681640842
24,3,random,5,8.881784197001252e-16,8.881784197001252e-16,2.2544270995407896
24,3,random,6,3.552713678800501e-15,0.0,1.3425855146377046
24,3,random,7,4.440892098500626e-16,4.440892098500626e-16,2.365164243465994
24,3,random,8,0.0,4.440892098500626e-16,3.5932796982825046
24,3,random,9,1.7763568394002505e-15,1.7763568394002505e-15,4.392005769793741
24,3,random,10,1.7763568394002505e-15,1.7763568394002505e-15,0.23047530550990558
24,3,random,11,8.881784197001252e-16,1.7763568394002505e-15,0.7208985266550947
24,3,random,12,0.0,4.440892098500626e-16,1.6140634307964525
24,3,random,13,3.774758283725532e-15,4.440892098500626e-16,5.253351899217666
24,3,random,14,1.5543122344752192e-15,3.1086244689504383e-15,1.3146283144227873
24,3,random,15,0.0,0.0,0.1123356179681192
24,3,random,16,1.3322676295501878e-15,1.3322676295501878e-15,1.0071215451308113
24,3,random,17,2.6645352591003757e-15,1.7763568394002505e-15,0.08185000756343186
24,3,random,18,3.552713678800501e-15,0.0,4.548370664678153
24,3,random,19,1.7763568394002505e-15,8.881784197001252e-16,0.8399858034120768
24,4,simplex,0,1.7763568394002505e-15,3.552713678800501e-15,0.6734929171014521
24,4,simplex,1,1.7763568394002505e-15,0.0,4.462442755379321
24,4,simplex,2,2.6645352591003757e-15,3.552713678800501e-15,1.8777413834425687
24,4,simplex,3,0.0,1.7763568394002505e-15,3.4784063903177476
24,4,simplex,4,0.0,3.552713678800501e-15,4.836269602665027
24,4,simplex,5,4.440892098500626e-15,0.0,4.195790383803505
24,4,simplex,6,8.881784197001252e-16,8.881784197001252e-16,2.9244158424399487
24,4,simplex,7,8.881784197001252e-16,0.0,3.0535369235027687
24,4,simplex,8,3.552713678800501e-15,0.0,2.8830700064929466
24,4,simplex,9,0.0,0.0,6.93971597482178
24,4,simplex,10,3.552713678800501e-15,1.7763568394002505e-15,0.7390375979340185
24,4,simplex,11,0.0,0.0,12.324171104586739
24,4,simplex,12,8.881784197001252e-16,1.3322676295501878e-15,0.8534527568634118
24,4,simplex,13,4.440892098500626e-16,0.0,1.6309913231841833
24,4,simplex,14,1.7763568394002505e-15,0.0,2.1320500920718573
24,4,simplex,15,0.0,1.7763568394002505e-15,1.900533488241237
24,4,simplex,16,5.551115123125783e-16,2.3314683517128287e-15,2.4855729291190727
24,4,simplex,17,1.7763568394002505e-15,0.0,1.6696481090461148
24,4,simplex,18,0.0,0.0,0.8939191889828262
24,4,simplex,19,1.1102230246251565e-15,2.220446049250313e-16,4.6005676815246375
24,4,random,0,1.5543122344752192e-15,1.1102230246251565e-15,0.8913516340209995
24,4,random,1,3.552713678800501e-15,3.552713678800501e-15,3.432407959688021
24,4,random,2,8.881784197001252e-16,8.881784197001252e-16,4.320889524494071
24,4,random,3,0.0,3.552713678800501e-15,2.1376118836056133
24,4,random,4,1.3322676295501878e-15,1.3322676295501878e-15,5.639531776220636
24,4,random,5,1.7763568394002505e-15,1.7763568394002505e-15,0.9331581027379201
24,4,random,6,0.0,1.7763568394002505e-15,4.729230629487176
24,4,random,7,4.440892098500626e-15,0.0,4.380600604012919
24,4,random,8,1.7763568394002505e-15,0.0,6.048958483751964
24,4,random,9,8.881784197001252e-16,4.440892098500626e-16,2.3988490697795157
24,4,random,10,0.0,1.7763568394002505e-15,2.149731563779298
24,4,random,11,2.6645352591003757e-15,0.0,1.1827887419441794
24,4,random,12,2.220446049250313e-15,1.7763568394002505e-15,2.7210960930850376
24,4,random,13,2.6645352591003757e-15,1.7763568394002505e-15,4.8257401258491015
24,4,random,14,8.881784197001252e-16,4.440892098500626e-15,1.8067670850337159
24,4,random,15,8.881784197001252e-16,8.881784197001252e-16,0.30006097850640856
24,4,random,16,1.7763568394002505e-15,4.440892098500626e-15,1.1666171352405286
24,4,random,17,1.3322676295501878e-15,3.1086244689504383e-15,1.1549126541641002
24,4,random,18,0.0,0.0,2.403615623283912
24,4,random,19,3.552713678800501e-15,0.0,2.4209335744527074
24,5,simplex,0,1.7763568394002505e-15,1.7763568394002505e-15,2.4596746221947896
24,5,simplex,1,0.0,3.552713678800501e-15,3.8799060456945966
24,5,simplex,2,3.1086244689504383e-15,1.3322676295501878e-15,0.4329732976368845
24,5,simplex,3,5.329070518200751e-15,1.7763568394002505e-15,0.09707562079678667
24,5,simplex,4,3.552713678800501e-15,0.0,3.082930956411179
24,5,simplex,5,1.7763568394002505e-15,0.0,5.1819278907426245
24,5,simplex,6,1.3322676295501878e-15,2.6645352591003757e-15,3.5295923386064487
24,5,simplex,7,7.105427357601002e-15,6.217248937900877e-15,2.6050791783225122
24,5,simplex,8,1.7763568394002505e-15,1.7763568394002505e-15,0.1416036352409371
24,5,simplex,9,1.7763568394002505e-15,8.881784197001252e-16,1.2568558924759827
24,5,simplex,10,8.881784197001252e-16,0.0,0.49371688909342737
24,5,simplex,11,3.552713678800501e-15,4.440892098500626e-15,2.921557348062329
24,5,simplex,12,8.881784197001252e-16,2.220446049250313e-15,2.0761422197412465
24,5,simplex,13,1.7763568394002505e-15,3.552713678800501e-15,2.6154694277939043
24,5,simplex,14,4.440892098500626e-15,8.881784197001252e-16,2.5867088548480552
24,5,simplex,15,0.0,3.552713678800501e-15,5.577378883040829
24,5,simplex,16,1.7763568394002505e-15,0.0,5.152449128871254
24,5,simplex,17,2.220446049250313e-15,2.220446049250313e-15,4.597274066519034
24,5,simplex,18,3.552713678800501e-15,0.0,0.09022900357198793
24,5,simplex,19,1.7763568394002505e-15,3.552713678800501e-15,3.002352380135001
24,5,random,0,2.220446049250313e-16,6.661338147750939e-16,0.19353320405434005
24,5,random,1,3.552713678800501e-15,1.7763568394002505e-15,2.625180664915476
24,5,random,2,0.0,3.552713678800501e-15,1.8747004079966487
24,5,random,3,1.7763568394002505e-15,0.0,0.2946268014056841
24,5,random,4,2.6645352591003757e-15,1.7763568394002505e-15,3.2418392681208203
24,5,random,5,8.881784197001252e-16,2.220446049250313e-15,1.0023510374392899
24,5,random,6,1.7763568394002505e-15,1.7763568394002505e-15,5.170921329718929
24,5,random,7,5.329070518200751e-15,0.0,2.300430167257929
24,5,random,8,2.6645352591003757e-15,1.7763568394002505e-15,2.072922295384558
24,5,random,9,3.552713678800501e-15,4.440892098500626e-15,2.9569867685055655
24,5,random,10,1.7763568394002505e-15,0.0,1.1670055378674107
24,5,random,11,3.552713678800501e-15,3.552713678800501e-15,1.7411310950369767
24,5,random,12,0.0,1.7763568394002505e-15,2.5519211684094785
24,5,random,13,0.0,0.0,5.310420897729514
24,5,random,14,1.7763568394002505e-15,2.6645352591003757e-15,0.05071652065878851
24,5,random,15,3.552713678800501e-15,3.552713678800501e-15,0.994203656503382
24,5,random,16,1.7763568394002505e-15,1.7763568394002505e-15,5.537138431405694
24,5,random,17,2.6645352591003757e-15,3.552713678800501e-15,3.3004202306886867
24,5,random,18,3.552713678800501e-15,3.552713678800501e-15,1.4216816178956506
24,5,random,19,2.4424906541753444e-15,5.551115123125783e-15,3.306115440099923
24,8,simplex,0,4.884981308350689e-15,4.440892098500626e-16,2.245008523952052
24,8,simplex,1,0.0,1.7763568394002505e-15,3.5264905642631135
24,8,simplex,2,8.881784197001252e-16,5.329070518200751e-15,0.2132287421417658
24,8,simplex,3,0.0,1.7763568394002505e-15,0.26980694435644637
24,8,simplex,4,4.440892098500626e-15,8.881784197001252e-16,2.2514005133421477
24,8,simplex,5,4.440892098500626e-16,1.3322676295501878e-15,1.831032356278314
24,8,simplex,6,8.881784197001252e-16,4.440892098500626e-15,0.5606361177219981
24,8,simplex,7,0.0,1.7763568394002505e-15,0.3293383585875773
24,8,simplex,8,3.552713678800501e-15,1.7763568394002505e-15,0.8418126642485859
24,8,simplex,9,5.329070518200751e-15,1.7763568394002505e-15,3.062530601273835
24,8,simplex,10,7.105427357601002e-15,0.0,2.8803789723699253
24,8,simplex,11,2.6645352591003757e-15,8.881784197001252e-16,0.1912586379149701
24,8,simplex,12,8.881784197001252e-16,8.881784197001252e-16,1.9083758428485282
24,8,simplex,13,2.220446049250313e-15,4.440892098500626e-16,6.209100170576484
24,8,simplex,14,3.552713678800501e-15,1.7763568394002505e-15,1.9544805199050117
24,8,simplex,15,0.0,7.105427357601002e-15,1.0070058236856028
24,8,simplex,16,2.220446049250313e-15,8.881784197001252e-16,6.303330102826678
24,8,simplex,17,3.552713678800501e-15,0.0,1.9959237732055897
24,8,simplex,18,1.7763568394002505e-15,1.7763568394002505e-15,2.6272902057669256
24,8,simplex,19,7.105427357601002e-15,0.0,9.765677232246837
24,8,random,0,8.881784197001252e-16,0.0,1.6417653751832972
24,8,random,1,3.552713678800501e-15,1.7763568394002505e-15,2.137642062631727
24,8,random,2,4.440892098500626e-16,4.440892098500626e-16,3.2598668734498375
24,8,random,3,3.552713678800501e-15,0.0,2.6808149851664496
24,8,random,4,8.881784197001252e-16,1.7763568394002505e-15,3.5219197537333145
24,8,random,5,1.7763568394002505e-15,1.7763568394002505e-15,1.6801522725964304
24,8,random,6,1.7763568394002505e-15,3.552713678800501e-15,5.9060857716595905
24,8,random,7,1.7763568394002505e-15,5.329070518200751e-15,4.822254751460122
24,8,random,8,0.0,0.0,2.1367649857187345
24,8,random,9,0.0,0.0,2.514416846991466
24,8,random,10,2.6645352591003757e-15,2.6645352591003757e-15,4.2118197642199675
24,8,random,11,7.993605777301127e-15,8.881784197001252e-16,2.260932831958094
24,8,random,12,3.552713678800501e-15,0.0,0.5625194532126727
24,8,random,13,2.6645352591003757e-15,4.440892098500626e-15,0.0446881356311053
24,8,random,14,3.9968028886505635e-15,1.3322676295501878e-15,1.5464314577332203
24,8,random,15,3.552713678800501e-15,1.7763568394002505e-15,1.3580810906140357
24,8,random,16,1.7763568394002505e-15,1.7763568394002505e-15,3.5662452718616464
24,8,random,17,2.6645352591003757e-15,3.552713678800501e-15,2.109712243385161
24,8,random,18,1.7763568394002505e-15,0.0,0.9852372798254692
24,8,random,19,0.0,5.329070518200751e-15,1.3468389686019435
25,1,simplex,0,0.0,0.0,0.04133170007407472
25,1,simplex,1,4.996003610813204e-16,7.216449660063518e-16,1.231833441285417
25,1,simplex,2,1.1102230246251565e-16,1.1102230246251565e-16,0.7284089111170218
25,1,simplex,3,8.881784197001252e-16,8.881784197001252e-16,2.0070173595528207
25,1,simplex,4,0.0,0.0,0.05178465677696309
25,1,simplex,5,6.106226635438361e-16,8.326672684688674e-16,1.4615227432435205
25,1,simplex,6,0.0,8.881784197001252e-16,0.06113273975690947
25,1,simplex,7,0.0,4.440892098500626e-16,0.06713317806447527
25,1,simplex,8,4.440892098500626e-16,5.551115123125783e-16,0.20957246937755403
25,1,simplex,9,0.0,4.440892098500626e-16,1.2964879805367842
25,1,simplex,10,4.440892098500626e-16,2.220446049250313e-16,0.23422859125403228
25,1,simplex,11,1.942890293094024e-15,1.1657341758564144e-15,1.8078900660453385
25,1,simplex,12,6.661338147750939e-16,5.551115123125783e-16,1.9943303949158988
25,1,simplex,13,1.7763568394002505e-15,0.0,3.226137141957981
25,1,simplex,14,2.220446049250313e-16,6.661338147750939e-16,0.792294095243756
25,1,simplex,15,4.440892098500626e-16,4.440892098500626e-16,1.5331707973773536
25,1,simplex,16,4.440892098500626e-16,4.440892098500626e-16,3.3253057117305254
25,1,simplex,17,4.440892098500626e-16,1.7763568394002505e-15,0.09400636469686852
25,1,simplex,18,0.0,0.0,0.18500489091674766
25,1,simplex,19,0.0,0.0,5.010780352300095
25,1,random,0,4.440892098500626e-16,0.0,0.0923514056021828
25,1,random,1,8.881784197001252e-16,0.0,0.11587892264874888
25,1,random,2,8.881784197001252e-16,8.881784197001252e-16,0.13176444481025218
25,1,random,3,8.881784197001252e-16,4.440892098500626e-16,0.8095822528354315
25,1,random,4,8.881784197001252e-16,8.881784197001252e-16,0.477535195119434
25,1,random,5,7.771561172376096e-16,4.996003610813204e-16,0.009346973164092276
25,1,random,6,8.881784197001252e-16,1.3322676295501878e-15,0.5135911097245067
25,1,random,7,4.440892098500626e-16,8.881784197001252e-16,0.49817286658860915
25,1,random,8,2.220446049250313e-16,6.661338147750939e-16,0.22148326050706046
25,1,random,9,0.0,0.0,0.3893574949206844
25,1,random,10,4.440892098500626e-16,4.440892098500626e-16,4.519723206748873
25,1,random,11,1.7763568394002505e-15,0.0,0.3297814394813088
25,1,random,12,4.440892098500626e-16,8.881784197001252e-16,0.12523928550156604
25,1,random,13,5.551115123125783e-17,1.6653345369377348e-16,4.094180868959008
25,1,random,14,8.881784197001252e-16,4.440892098500626e-16,1.0484991153653311
25,1,random,15,8.881784197001252e-16,1.3322676295501878e-15,0.12623349071145107
25,1,random,16,8.881784197001252e-16,8.881784197001252e-16,2.003277363452497
25,1,random,17,0.0,4.440892098500626e-16,1.8986815391865859
25,1,random,18,1.3322676295501878e-15,0.0,0.2759046770809599
25,1,random,19,1.7763568394002505e-15,3.552713678800501e-15,0.3900408769857364
25,2,simplex,0,8.881784197001252e-16,0.0,0.770531407006299
25,2,simplex,1,2.6645352591003757e-15,4.440892098500626e-16,1.2297069129101246
25,2,simplex,2,0.0,1.7763568394002505e-15,5.4976872343824965
25,2,simplex,3,3.552713678800501e-15,3.552713678800501e-15,3.3407855529546104
25,2,simplex,4,0.0,1.7763568394002505e-15,5.282751358343674
25,2,simplex,5,1.7763568394002505e-15,1.7763568394002505e-15,4.964772168320341
25,2,simplex,6,1.5543122344752192e-15,6.661338147750939e-16,7.099498038055849
25,2,simplex,7,4.440892098500626e-16,8.881784197001252e-16,0.8084795685829853
25,2,simplex,8,1.7763568394002505e-15,1.7763568394002505e-15,0.442944627361463
25,2,simplex,9,4.440892098500626e-16,1.1102230246251565e-15,0.14944591263590823
25,2,simplex,10,8.881784197001252e-16,0.0,1.6693243319427573
25,2,simplex,11,8.881784197001252e-16,4.440892098500626e-16,3.302683788674244
25,2,simplex,12,1.7763568394002505e-15,8.881784197001252e-16,1.093877382181482
25,2,simplex,13,0.0,1.7763568394002505e-15,2.847703190237967
25,2,simplex,14,0.0,0.0,1.247704556105326
25,2,simplex,15,1.7763568394002505e-15,0.0,1.2773746184076487
25,2,simplex,16,1.3322676295501878e-15,8.881784197001252e-16,0.4186769310125591
25,2,simplex,17,1.3322676295501878e-15,1.5543122344752192e-15,0.02560132212411048
25,2,simplex,18,1.7763568394002505e-15,3.552713678800501e-15,1.3291952201687778
25,2,simplex,19,0.0,0.0,0.6122340446929115
25,2,random,0,1.7763568394002505e-15,0.0,0.1324018223627732
25,2,random,1,8.881784197001252e-16,1.7763568394002505e-15,1.554641973736853
25,2,random,2,8.881784197001252e-16,8.881784197001252e-16,1.0676134708939307
25,2,random,3,0.0,0.0,1.2279931954967083
25,2,random,4,0.0,0.0,1.1624190736432283
25,2,random,5,0.0,0.0,6.8973349623780695
25,2,random,6,3.552713678800501e-15,1.7763568394002505e-15,2.225014108114406
25,2,random,7,2.6645352591003757e-15,2.220446049250313e-15,0.043679894135749464
25,2,random,8,8.881784197001252e-16,8.881784197001252e-16,1.538927428361892
25,2,random,9,2.6645352591003757e-15,0.0,8.22821102174484
25,2,random,10,8.881784197001252e-16,8.881784197001252e-16,1.244269871769296
25,2,random,11,2.220446049250313e-15,8.881784197001252e-16,1.4655722216045657
25,2,random,12,4.440892098500626e-16,8.881784197001252e-16,3.6942973479947874
25,2,random,13,8.881784197001252e-16,8.881784197001252e-16,2.626251007364118
25,2,random,14,2.6645352591003757e-15,3.1086244689504383e-15,0.29148374471321503
25,2,random,15,4.440892098500626e-16,2.4424906541753444e-15,4.223521150225736
25,2,random,16,4.440892098500626e-16,4.440892098500626e-16,1.003633123845816
25,2,random,17,8.881784197001252e-16,0.0,4.508251284281135
25,2,random,18,0.0,6.661338147750939e-16,3.1718340874674347
25,2,random,19,1.3322676295501878e-15,4.440892098500626e-16,2.3684824559692075
25,3,simplex,0,4.440892098500626e-16,4.440892098500626e-16,7.050627954186176
25,3,simplex,1,4.440892098500626e-15,2.6645352591003757e-15,1.5022186215040172
25,3,simplex,2,1.7763568394002505e-15,5.329070518200751e-15,5.285777202207921
25,3,simplex,3,1.7763568394002505e-15,1.7763568394002505e-15,2.508914517417878
25,3,simplex,4,1.7763568394002505e-15,1.7763568394002505e-15,0.33636556202342405
25,3,simplex,5,1.7763568394002505e-15,3.552713678800501e-15,5.287610290812012
25,3,simplex,6,2.220446049250313e-15,1.7763568394002505e-15,0.19090665401118656
25,3,simplex,7,0.0,0.0,3.6049068002385667
25,3,simplex,8,8.881784197001252e-16,0.0,1.1300477307326382
25,3,simplex,9,4.440892098500626e-16,8.881784197001252e-16,3.5821807277669215
25,3,simplex,10,2.4424906541753444e-15,2.220446049250313e-16,1.6510714994879478
25,3,simplex,11,1.7763568394002505e-15,1.7763568394002505e-15,4.985522310560427
25,3,simplex,12,8.881784197001252e-16,8.881784197001252e-16,2.5748249234855294
25,3,simplex,13,1.7763568394002505e-15,1.7763568394002505e-15,2.5590662243305093
25,3,simplex,14,8.881784197001252e-16,1.7763568394002505e-15,4.755648748457119
25,3,simplex,15,3.552713678800501e-15,8.881784197001252e-16,1.8076663416478915
25,3,simplex,16,1.7763568394002505e-15,1.7763568394002505e-15,1.4378029992901986
25,3,simplex,17,8.881784197001252e-16,0.0,1.4579507850927556
25,3,simplex,18,0.0,0.0,1.0355137834969597
25,3,simplex,19,3.552713678800501e-15,0.0,3.5912310198532325
25,3,random,0,0.0,0.0,2.8694301552030836
25,3,random,1,2.6645352591003757e-15,1.7763568394002505e-15,0.5240535449868489
25,3,random,2,2.6645352591003757e-15,4.440892098500626e-16,8.019366988393617
25,3,random,3,8.881784197001252e-16,8.881784197001252e-16,3.711929096543564
25,3,random,4,0.0,2.220446049250313e-15,3.5733936609401624
25,3,random,5,0.0,8.881784197001252e-16,3.3316620356077387
25,3,random,6,0.0,0.0,1.0685468422416378
25,3,random,7,3.552713678800501e-15,3.552713678800501e-15,0.14375282946492351
25,3,random,8,8.881784197001252e-16,8.881784197001252e-16,4.138865288437799
25,3,random,9,1.3322676295501878e-15,4.440892098500626e-16,7.313975203280258
25,3,random,10,0.0,0.0,2.0245839279775666
25,3,random,11,1.7763568394002505e-15,4.440892098500626e-16,1.8564150453342592
25,3,random,12,8.881784197001252e-16,4.440892098500626e-16,2.0698327391214733
25,3,random,13,1.7763568394002505e-15,2.220446049250313e-15,0.9711221820476048
25,3,random,14,0.0,3.552713678800501e-15,1.2683273454800599
25,3,random,15,0.0,8.881784197001252e-16,1.3537937263086057
25,3,random,16,0.0,0.0,5.085677930509419
25,3,random,17,3.552713678800501e-15,2.6645352591003757e-15,2.712247007268683
25,3,random,18,3.552713678800501e-15,0.0,1.4659998343873113
25,3,random,19,2.6645352591003757e-15,1.3322676295501878e-15,1.8000986280598568
25,4,simplex,0,2.886579864025407e-15,2.220446049250313e-16,3.1912268643075947
25,4,simplex,1,4.440892098500626e-16,8.881784197001252e-16,2.2207088660980645
25,4,simplex,2,1.7763568394002505e-15,1.7763568394002505e-15,0.08959089043637292
25,4,simplex,3,0.0,3.552713678800501e-15,2.091336913598269
25,4,simplex,4,7.105427357601002e-15,0.0,1.122658404594592
25,4,simplex,5,1.7763568394002505e-15,0.0,0.7104443353089769
25,4,simplex,6,1.7763568394002505e-15,0.0,5.073963681491694
25,4,simplex,7,0.0,0.0,0.3197038865332509
25,4,simplex,8,1.7763568394002505e-15,5.329070518200751e-15,0.9923944277478967
25,4,simplex,9,3.552713678800501e-15,0.0,5.119564895600577
25,4,simplex,10,4.440892098500626e-15,3.552713678800501e-15,2.3434341326576273
25,4,simplex,11,3.552713678800501e-15,2.6645352591003757e-15,2.5740454528551417
25,4,simplex,12,3.552713678800501e-15,3.552713678800501e-15,4.116093140976524
25,4,simplex,13,0.0,1.7763568394002505e-15,6.162611639557685
25,4,simplex,14,3.552713678800501e-15,0.0,4.287473987490614
25,4,simplex,15,2.6645352591003757e-15,3.552713678800501e-15,2.386312898602693
25,4,simplex,16,8.881784197001252e-16,0.0,2.627173223562579
25,4,simplex,17,0.0,0.0,3.553797348341541
25,4,simplex,18,8.881784197001252e-16,2.6645352591003757e-15,4.859759972738065
25,4,simplex,19,8.881784197001252e-16,0.0,1.706997844736783
25,4,random,0,8.881784197001252e-16,1.7763568394002505e-15,0.9891707508233409
25,4,random,1,3.552713678800501e-15,5.329070518200751e-15,7.239110597300261
25,4,random,2,1.7763568394002505e-15,0.0,1.5678045918761612
25,4,random,3,4.440892098500626e-16,8.881784197001252e-16,0.5739433812466146
25,4,random,4,3.552713678800501e-15,3.552713678800501e-15,3.5626911332219002
25,4,random,5,3.552713678800501e-15,0.0,4.2181556403523786
25,4,random,6,8.881784197001252e-16,8.881784197001252e-16,0.2864651095121502
25,4,random,7,3.552713678800501e-15,1.7763568394002505e-15,0.37613667432815845
25,4,random,8,2.6645352591003757e-15,8.881784197001252e-16,4.0345765749023705
25,4,random,9,2.6645352591003757e-15,8.881784197001252e-16,0.5933364429247945
25,4,random,10,1.1102230246251565e-15,6.661338147750939e-16,1.428402085074616
25,4,random,11,0.0,8.881784197001252e-16,2.9688466357677328
25,4,random,12,1.7763568394002505e-15,4.440892098500626e-16,3.4379094533077748
25,4,random,13,1.7763568394002505e-15,0.0,2.2665573417229368
25,4,random,14,8.881784197001252e-16,1.7763568394002505e-15,0.14837520692643125
25,4,random,15,2.6645352591003757e-15,2.6645352591003757e-15,1.7086379075615312
25,4,random,16,0.0,1.7763568394002505e-15,1.1782086719053808
25,4,random,17,0.0,8.881784197001252e-16,1.8085338156270012
25,4,random,18,5.329070518200751e-15,1.7763568394002505e-15,2.0169609949594474
25,4,random,19,0.0,0.0,0.863624389887363
25,5,simplex,0,2.220446049250313e-15,0.0,1.491552722736774
25,5,simplex,1,8.881784197001252e-16,1.7763568394002505e-15,4.626640600285938
25,5,simplex,2,5.329070518200751e-15,3.552713678800501e-15,1.9408734395733234
25,5,simplex,3,3.552713678800501e-15,5.329070518200751e-15,7.631904787855699
25,5,simplex,4,2.6645352591003757e-15,8.881784197001252e-16,3.1200668812892616
25,5,simplex,5,1.7763568394002505e-15,8.881784197001252e-16,1.7827208189553652
25,5,simplex,6,0.0,8.881784197001252e-16,0.7179585211949018
25,5,simplex,7,1.7763568394002505e-15,0.0,5.300126994702936
25,5,simplex,8,0.0,1.7763568394002505e-15,0.8223591443102904
25,5,simplex,9,1.3322676295501878e-15,2.220446049250313e-15,0.4885285336951952
25,5,simplex,10,4.440892098500626e-16,1.7763568394002505e-15,0.2586186649293367
25,5,simplex,11,1.7763568394002505e-15,1.7763568394002505e-15,0.7434336789499412
25,5,simplex,12,0.0,7.105427357601002e-15,7.716502104934527
25,5,simplex,13,0.0,1.7763568394002505e-15,2.0715037193454364
25,5,simplex,14,3.552713678800501e-15,3.552713678800501e-15,2.276381359154989
25,5,simplex,15,4.884981308350689e-15,4.440892098500626e-16,2.4151972522032494
25,5,simplex,16,3.552713678800501e-15,7.105427357601002e-15,1.5241973871965087
25,5,simplex,17,2.6645352591003757e-15,1.7763568394002505e-15,1.5573922964135107
25,5,simplex,18,7.105427357601002e-15,7.105427357601002e-15,3.7260015789668373
25,5,simplex,19,8.881784197001252e-16,1.7763568394002505e-15,1.3282906880343006
25,5,random,0,1.7763568394002505e-15,1.3322676295501878e-15,0.637564870931314
25,5,random,1,1.7763568394002505e-15,1.7763568394002505e-15,0.8166699451899859
25,5,random,2,1.7763568394002505e-15,4.440892098500626e-16,2.7363276360811852
25,5,random,3,1.7763568394002505e-15,1.7763568394002505e-15,5.457812554165876
25,5,random,4,3.1086244689504383e-15,3.9968028886505635e-15,0.3466191663813589
25,5,random,5,8.881784197001252e-16,3.552713678800501e-15,2.82639301185705
25,5,random,6,2.6645352591003757e-15,8.881784197001252e-16,2.2224072223352103
25,5,random,7,1.1102230246251565e-15,1.1102230246251565e-15,4.188230762777465
25,5,random,8,3.552713678800501e-15,0.0,7.691263579330297
25,5,random,9,1.7763568394002505e-15,3.552713678800501e-15,8.023362812552406
25,5,random,10,1.3322676295501878e-15,1.1102230246251565e-15,4.510371448934748
25,5,random,11,5.329070518200751e-15,7.105427357601002e-15,3.980664497718138
25,5,random,12,1.9984014443252818e-15,1.9984014443252818e-15,1.9193547647987756
25,5,random,13,1.3322676295501878e-15,1.7763568394002505e-15,0.47545903456568794
25,5,random,14,7.105427357601002e-15,4.440892098500626e-15,2.211015691241677
25,5,random,15,4.440892098500626e-16,4.440892098500626e-16,1.7666008910347628
25,5,random,16,3.9968028886505635e-15,6.661338147750939e-16,3.099457457232866
25,5,random,17,8.881784197001252e-16,0.0,1.16648742922348
25,5,random,18,3.552713678800501e-15,4.440892098500626e-16,2.375350469903772
25,5,random,19,0.0,0.0,2.332512838473974
25,8,simplex,0,1.7763568394002505e-15,8.881784197001252e-16,2.3122873815105933
25,8,simplex,1,0.0,3.1086244689504383e-15,0.016919748529474532
25,8,simplex,2,3.552713678800501e-15,3.552713678800501e-15,0.4898586930617128
25,8,simplex,3,7.105427357601002e-15,3.552713678800501e-15,2.9167753515873187
25,8,simplex,4,1.7763568394002505e-15,3.552713678800501e-15,7.041800725749013
25,8,simplex,5,2.4424906541753444e-15,2.6645352591003757e-15,3.4551433809332863
25,8,simplex,6,1.7763568394002505e-15,0.0,7.473107050653674
25,8,simplex,7,2.6645352591003757e-15,8.881784197001252e-16,7.758373366788646
25,8,simplex,8,3.552713678800501e-15,0.0,4.746996813488792
25,8,simplex,9,0.0,3.552713678800501e-15,9.302645126299247
25,8,simplex,10,1.7763568394002505e-15,1.7763568394002505e-15,2.7240482952946934
25,8,simplex,11,0.0,0.0,6.401255326517969
25,8,simplex,12,2.6645352591003757e-15,1.7763568394002505e-15,7.020075491434099
25,8,simplex,13,2.6645352591003757e-15,0.0,2.7306809479611474
25,8,simplex,14,6.217248937900877e-15,1.7763568394002505e-15,1.8488440381935618
25,8,simplex,15,7.105427357601002e-15,3.552713678800501e-15,1.4590639958789495
25,8,simplex,16,0.0,0.0,0.44930183936399715
25,8,simplex,17,1.7763568394002505e-15,0.0,6.153107896619531
25,8,simplex,18,3.552713678800501e-15,3.552713678800501e-15,2.5532568120206776
25,8,simplex,19,1.7763568394002505e-15,0.0,2.8356414739846656
25,8,random,0,3.552713678800501e-15,0.0,3.927979257235357
25,8,random,1,2.6645352591003757e-15,8.881784197001252e-16,4.074881799693401
25,8,random,2,3.552713678800501e-15,8.881784197001252e-16,1.4531928803576335
25,8,random,3,0.0,1.7763568394002505e-15,4.7817862275337575
25,8,random,4,4.884981308350689e-15,2.6645352591003757e-15,2.5155229909809123
25,8,random,5,0.0,1.7763568394002505e-15,4.075995654342826
25,8,random,6,4.440892098500626e-16,4.440892098500626e-16,0.8872052566327469
25,8,random,7,3.552713678800501e-15,3.552713678800501e-15,1.8476006272984762
25,8,random,8,3.552713678800501e-15,2.6645352591003757e-15,0.6655410579343481
25,8,random,9,8.881784197001252e-16,3.552713678800501e-15,0.03151668875450753
25,8,random,10,0.0,0.0,4.3156761927542675
25,8,random,11,1.7763568394002505e-15,0.0,4.006086977850501
25,8,random,12,6.217248937900877e-15,5.329070518200751e-15,3.902361565695543
25,8,random,13,0.0,3.552713678800501e-15,2.7363126430838065
25,8,random,14,4.884981308350689e-15,1.3322676295501878e-15,11.563111550534913
25,8,random,15,8.881784197001252e-16,1.7763568394002505e-15,2.4524844524028353
25,8,random,16,1.0658141036401503e-14,0.0,0.029244279654086824
25,8,random,17,1.0658141036401503e-14,1.7763568394002505e-15,3.4350624037323882
25,8,random,18,1.7763568394002505e-15,0.0,2.8699026005330737
25,8,random,19,5.329070518200751e-15,3.552713678800501e-15,4.778839358604955
26,1,simplex,0,0.0,0.0,0.17419712545511779
26,1,simplex,1,0.0,8.881784197001252e-16,4.02291067537879
26,1,simplex,2,2.220446049250313e-16,4.440892098500626e-16,2.54601823720039
26,1,simplex,3,0.0,0.0,0.18580144183284553
26,1,simplex,4,0.0,0.0,0.25576671975225107
26,1,simplex,5,4.440892098500626e-16,4.440892098500626e-16,0.2769293828066379
26,1,simplex,6,0.0,8.881784197001252e-16,4.063745391666848
26,1,simplex,7,1.1102230246251565e-16,4.440892098500626e-16,2.595885383757155
26,1,simplex,8,0.0,0.0,0.41601119499768746
26,1,simplex,9,8.881784197001252e-16,8.881784197001252e-16,0.13642433784094266
26,1,simplex,10,9.992007221626409e-16,4.440892098500626e-16,0.16004055976867626
26,1,simplex,11,6.661338147750939e-16,2.220446049250313e-16,0.11241053674001367
26,1,simplex,12,8.881784197001252e-16,4.440892098500626e-16,3.0106587085648906
26,1,simplex,13,8.881784197001252e-16,0.0,0.030807279659290643
26,1,simplex,14,8.881784197001252e-16,4.440892098500626e-16,0.2216443052078354
26,1,simplex,15,8.881784197001252e-16,0.0,4.280973203956353
26,1,simplex,16,0.0,4.440892098500626e-16,0.35270313715947
26,1,simplex,17,4.440892098500626e-16,4.440892098500626e-16,1.7152133494280228
26,1,simplex,18,0.0,0.0,0.038597087072929526
26,1,simplex,19,0.0,4.440892098500626e-16,0.031051185330037256
26,1,random,0,1.7763568394002505e-15,8.881784197001252e-16,2.7350293355689175
26,1,random,1,2.220446049250313e-16,2.220446049250313e-16,0.45579698324699436
26,1,random,2,8.881784197001252e-16,8.881784197001252e-16,0.03265823505180965
26,1,random,3,0.0,4.440892098500626e-16,0.5876171086586055
26,1,random,4,4.440892098500626e-16,0.0,0.1484207799737014
26,1,random,5,1.1102230246251565e-16,2.220446049250313e-16,1.7985970467942467
26,1,random,6,1.7763568394002505e-15,1.7763568394002505e-15,2.3771858722102452
26,1,random,7,8.881784197001252e-16,0.0,0.2764270513365652
26,1,random,8,8.881784197001252e-16,3.3306690738754696e-16,3.9123541138640068
26,1,random,9,8.881784197001252e-16,6.661338147750939e-16,1.0337254536759923
26,1,random,10,4.440892098500626e-16,1.3322676295501878e-15,0.06256726160804238
26,1,random,11,0.0,1.7763568394002505e-15,0.8351297160413242
26,1,random,12,4.440892098500626e-16,8.881784197001252e-16,0.922571666271085
26,1,random,13,4.440892098500626e-16,4.440892098500626e-16,1.8179611840087748
26,1,random,14,0.0,0.0,0.25028935372766226
26,1,random,15,4.440892098500626e-16,8.326672684688674e-16,2.0359056463007947
26,1,random,16,3.3306690738754696e-16,7.771561172376096e-16,0.1764982860283908
26,1,random,17,4.440892098500626e-16,8.881784197001252e-16,0.07604946872047691
26,1,random,18,8.881784197001252e-16,8.881784197001252e-16,2.480145535435426
26,1,random,19,3.552713678800501e-15,3.1086244689504383e-15,0.428306311372598
26,2,simplex,0,1.9984014443252818e-15,1.5543122344752192e-15,3.3263776790151276
26,2,simplex,1,8.881784197001252e-16,0.0,0.5806155577074179
26,2,simplex,2,0.0,0.0,0.20596148673946146
26,2,simplex,3,1.7763568394002505e-15,0.0,1.086954014934065
26,2,simplex,4,3.552713678800501e-15,0.0,0.4787589561710135
26,2,simplex,5,2.220446049250313e-16,2.220446049250313e-16,0.9057190326973057
26,2,simplex,6,1.3322676295501878e-15,3.1086244689504383e-15,3.611752086731528
26,2,simplex,7,8.881784197001252e-16,1.7763568394002505e-15,0.5191554634538846
26,2,simplex,8,4.440892098500626e-16,1.1102230246251565e-15,0.9838175388610786
26,2,simplex,9,3.552713678800501e-15,1.7763568394002505e-15,1.7276426468020762
26,2,simplex,10,0.0,0.0,0.37025819098447954
26,2,simplex,11,1.7763568394002505e-15,0.0,3.3226648951611573
26,2,simplex,12,4.440892098500626e-16,4.440892098500626e-16,1.792283287143995
26,2,simplex,13,2.6645352591003757e-15,3.552713678800501e-15,3.8640294291151953
26,2,simplex,14,8.881784197001252e-16,1.5543122344752192e-15,2.3322433939525915
26,2,simplex,15,8.881784197001252e-16,8.881784197001252e-16,5.98893056205533
26,2,simplex,16,2.220446049250313e-15,1.7763568394002505e-15,1.1254444181992653
26,2,simplex,17,0.0,3.552713678800501e-15,0.9419219951206479
26,2,simplex,18,8.881784197001252e-16,2.6645352591003757e-15,0.516425987960961
26,2,simplex,19,4.440892098500626e-16,8.881784197001252e-16,0.06299491256083556
26,2,random,0,0.0,0.0,1.165764830750522
26,2,random,1,1.7763568394002505e-15,1.3322676295501878e-15,6.139325776805542
26,2,random,2,8.881784197001252e-16,4.440892098500626e-16,1.4739687158130295
26,2,random,3,2.4424906541753444e-15,2.220446049250313e-16,0.38805706798284945
26,2,random,4,8.881784197001252e-16,8.881784197001252e-16,3.7305360243734036
26,2,random,5,1.7763568394002505e-15,1.7763568394002505e-15,0.507325162082914
26,2,random,6,0.0,2.220446049250313e-16,1.1913915529721404
26,2,random,7,4.440892098500626e-16,9.992007221626409e-16,1.943632806664386
26,2,random,8,1.7763568394002505e-15,1.7763568394002505e-15,1.6934265948985612
26,2,random,9,3.552713678800501e-15,0.0,1.1162251609421716
26,2,random,10,0.0,1.7763568394002505e-15,3.1992448753487395
26,2,random,11,1.7763568394002505e-15,0.0,4.180247536147002
26,2,random,12,1.7763568394002505e-15,1.7763568394002505e-15,0.3536885835124721
26,2,random,13,4.440892098500626e-16,4.440892098500626e-16,0.6154509058505848
26,2,random,14,3.219646771412954e-15,1.3322676295501878e-15,1.3433317959055486
26,2,random,15,1.7763568394002505e-15,8.881784197001252e-16,1.4443742978181646
26,2,random,16,1.3322676295501878e-15,4.440892098500626e-16,2.7155451474617536
26,2,random,17,8.881784197001252e-16,8.881784197001252e-16,0.703175975483461
26,2,random,18,1.7763568394002505e-15,1.7763568394002505e-15,0.04855911579002381
26,2,random,19,0.0,1.7763568394002505e-15,0.7537545848522669
26,3,simplex,0,8.881784197001252e-16,1.7763568394002505e-15,0.5926230117226226
26,3,simplex,1,2.220446049250313e-16,1.7763568394002505e-15,0.23921650843174547
26,3,simplex,2,0.0,1.3322676295501878e-15,2.796220424813363
26,3,simplex,3,3.552713678800501e-15,1.7763568394002505e-15,4.3133591005986105
26,3,simplex,4,1.7763568394002505e-15,8.881784197001252e-16,1.010318641117518
26,3,simplex,5,8.881784197001252e-16,0.0,0.2943982605765427
26,3,simplex,6,1.1102230246251565e-15,4.440892098500626e-16,7.101352036187446
26,3,simplex,7,1.7763568394002505e-15,4.440892098500626e-16,3.0402240557121836
26,3,simplex,8,1.7763568394002505e-15,8.881784197001252e-16,0.6514882176920338
26,3,simplex,9,0.0,1.7763568394002505e-15,1.4354743953340758
26,3,simplex,10,8.881784197001252e-16,0.0,1.574498884489266
26,3,simplex,11,2.6645352591003757e-15,0.0,2.3711770717738645
26,3,simplex,12,1.7763568394002505e-15,3.552713678800501e-15,1.2548644275282541
26,3,simplex,13,8.881784197001252e-16,1.7763568394002505e-15,3.506714686753714
26,3,simplex,14,0.0,1.7763568394002505e-15,1.8897855746858312
26,3,simplex,15,1.7763568394002505e-15,8.881784197001252e-16,2.121116045097608
26,3,simplex,16,0.0,0.0,1.4315625041680313
26,3,simplex,17,8.881784197001252e-16,2.6645352591003757e-15,0.21540455516512935
26,3,simplex,18,0.0,1.7763568394002505e-15,0.9575255343222473
26,3,simplex,19,8.881784197001252e-16,8.881784197001252e-16,4.919534749001773
26,3,random,0,8.881784197001252e-16,0.0,2.240154822745044
26,3,random,1,3.552713678800501e-15,0.0,4.938080848084155
26,3,random,2,1.7763568394002505e-15,0.0,0.10114350056206689
26,3,random,3,8.881784197001252e-16,4.440892098500626e-16,2.4702376808402065
26,3,random,4,3.552713678800501e-15,1.7763568394002505e-15,0.3833082557945353
26,3,random,5,1.7763568394002505e-15,3.552713678800501e-15,0.14766286220109137
26,3,random,6,8.881784197001252e-16,0.0,0.09756019504127877
26,3,random,7,5.329070518200751e-15,3.552713678800501e-15,0.14997879638340095
26,3,random,8,2.6645352591003757e-15,2.6645352591003757e-15,0.8760927097593605
26,3,random,9,0.0,1.7763568394002505e-15,3.2779932026330396
26,3,random,10,0.0,2.6645352591003757e-15,0.8934148862022511
26,3,random,11,4.440892098500626e-16,1.3322676295501878e-15,0.6924406036842115
26,3,random,12,0.0,0.0,4.972745140765362
26,3,random,13,3.552713678800501e-15,0.0,2.3747372031681167
26,3,random,14,8.881784197001252e-16,4.440892098500626e-16,0.9142452655007389
26,3,random,15,3.1086244689504383e-15,8.881784197001252e-16,2.4803830434789305
26,3,random,16,3.552713678800501e-15,3.552713678800501e-15,2.01526342747934
26,3,random,17,2.6645352591003757e-15,8.881784197001252e-16,4.4393529516970816
26,3,random,18,3.552713678800501e-15,0.0,1.2334804266797867
26,3,random,19,0.0,3.552713678800501e-15,4.549708049745185
26,4,simplex,0,1.7763568394002505e-15,1.7763568394002505e-15,2.8897279790375237
26,4,simplex,1,0.0,0.0,0.2943563591504823
26,4,simplex,2,3.552713678800501e-15,3.552713678800501e-15,6.070237986072023
26,4,simplex,3,8.881784197001252e-16,1.7763568394002505e-15,6.251176868617982
26,4,simplex,4,0.0,1.7763568394002505e-15,0.3662413300392373
26,4,simplex,5,4.440892098500626e-16,2.220446049250313e-16,0.7180755738786466
26,4,simplex,6,3.552713678800501e-15,3.552713678800501e-15,1.5130403141813087
26,4,simplex,7,1.7763568394002505e-15,5.329070518200751e-15,2.021492497378418
26,4,simplex,8,3.552713678800501e-15,3.552713678800501e-15,2.3055026778497627
26,4,simplex,9,1.7763568394002505e-15,0.0,4.846019198343846
26,4,simplex,10,1.7763568394002505e-15,0.0,2.951948754223345
26,4,simplex,11,0.0,1.7763568394002505e-15,2.1966005109437106
26,4,simplex,12,1.7763568394002505e-15,1.7763568394002505e-15,0.9254878550509957
26,4,simplex,13,1.7763568394002505e-15,8.881784197001252e-16,2.2934098643846426
26,4,simplex,14,1.7763568394002505e-15,1.7763568394002505e-15,3.407161767569299
26,4,simplex,15,3.552713678800501e-15,0.0,1.3630459981325558
26,4,simplex,16,3.552713678800501e-15,0.0,1.009094776963945
26,4,simplex,17,0.0,1.7763568394002505e-15,2.383862089638974
26,4,simplex,18,8.881784197001252e-16,8.881784197001252e-16,5.351783481700124
26,4,simplex,19,3.552713678800501e-15,8.881784197001252e-16,2.8281764847482265
26,4,random,0,3.1086244689504383e-15,2.220446049250313e-15,0.246509329821194
26,4,random,1,1.7763568394002505e-15,3.9968028886505635e-15,2.3614635311932375
26,4,random,2,1.7763568394002505e-15,1.7763568394002505e-15,2.422131905902674
26,4,random,3,1.3322676295501878e-15,1.7763568394002505e-15,8.269568318386078
26,4,random,4,8.881784197001252e-16,8.881784197001252e-16,0.6076123305394177
26,4,random,5,7.105427357601002e-15,3.552713678800501e-15,0.35888035005933716
26,4,random,6,3.552713678800501e-15,3.552713678800501e-15,0.07016055005748001
26,4,random,7,3.552713678800501e-15,0.0,2.107576405372246
26,4,random,8,8.881784197001252e-16,0.0,3.90673160991658
26,4,random,9,2.6645352591003757e-15,0.0,3.8033226652459646
26,4,random,10,8.881784197001252e-16,4.440892098500626e-16,0.13636565202705953
26,4,random,11,0.0,8.881784197001252e-16,0.3512542048294378
26,4,random,12,3.552713678800501e-15,3.552713678800501e-15,2.390004102796386
26,4,random,13,0.0,1.7763568394002505e-15,0.09751889445682593
26,4,random,14,0.0,1.7763568394002505e-15,1.8386057689953645
26,4,random,15,1.7763568394002505e-15,3.552713678800501e-15,2.995769258182385
26,4,random,16,0.0,0.0,3.6238737478916754
26,4,random,17,3.9968028886505635e-15,3.1086244689504383e-15,1.0695722088509214
26,4,random,18,6.217248937900877e-15,3.552713678800501e-15,1.9210150940139101
26,4,random,19,0.0,0.0,3.4971342336754105
26,5,simplex,0,1.7763568394002505e-15,2.6645352591003757e-15,0.09764566678866515
26,5,simplex,1,1.3322676295501878e-15,1.3322676295501878e-15,6.7503609429170055
26,5,simplex,2,8.881784197001252e-16,8.881784197001252e-16,3.8895318758125157
26,5,simplex,3,3.552713678800501e-15,0.0,3.112917529473055
26,5,simplex,4,3.552713678800501e-15,3.552713678800501e-15,3.5199675143441738
26,5,simplex,5,1.7763568394002505e-15,1.7763568394002505e-15,1.1165421273421785
26,5,simplex,6,0.0,8.881784197001252e-16,7.385189799225579
26,5,simplex,7,1.7763568394002505e-15,1.7763568394002505e-15,4.906966049427183
26,5,simplex,8,7.105427357601002e-15,7.105427357601002e-15,0.18700779708017023
26,5,simplex,9,0.0,3.1086244689504383e-15,1.2015035562082694
26,5,simplex,10,3.552713678800501e-15,3.552713678800501e-15,5.536917101704837
26,5,simplex,11,0.0,1.7763568394002505e-15,0.19067727282460822
26,5,simplex,12,8.881784197001252e-16,2.6645352591003757e-15,0.6316750610783757
26,5,simplex,13,1.7763568394002505e-15,1.7763568394002505e-15,6.167370745311636
26,5,simplex,14,0.0,0.0,6.8712662129516815
26,5,simplex,15,8.881784197001252e-16,8.881784197001252e-16,0.615708860767306
26,5,simplex,16,8.881784197001252e-15,5.329070518200751e-15,4.728602703342137
26,5,simplex,17,2.220446049250313e-16,2.220446049250313e-16,3.9160561692628235
26,5,simplex,18,1.7763568394002505e-15,3.1086244689504383e-15,4.166852430688465
26,5,simplex,19,3.552713678800501e-15,0.0,6.803996411110745
26,5,random,0,1.3322676295501878e-15,1.3322676295501878e-15,2.7506717265953426
26,5,random,1,0.0,8.881784197001252e-16,4.078064056137947
26,5,random,2,4.440892098500626e-16,4.440892098500626e-16,1.2807455572984807
26,5,random,3,1.7763568394002505e-15,0.0,2.5584014486247746
26,5,random,4,8.881784197001252e-15,1.7763568394002505e-15,4.592694315464037
26,5,random,5,1.3322676295501878e-15,8.881784197001252e-16,10.35019277128697
26,5,random,6,3.552713678800501e-15,3.552713678800501e-15,2.289543850396541
26,5,random,7,2.220446049250313e-15,8.881784197001252e-16,3.9742387994856188
26,5,random,8,1.7763568394002505e-15,0.0,0.09114234559733347
26,5,random,9,3.552713678800501e-15,3.552713678800501e-15,0.4496800530586178
26,5,random,10,2.6645352591003757e-15,8.881784197001252e-16,1.588841719299026
26,5,random,11,8.881784197001252e-16,0.0,4.631976169024746
26,5,random,12,3.552713678800501e-15,0.0,1.4348877274403478
26,5,random,13,8.881784197001252e-16,0.0,1.8190262851115975
26,5,random,14,1.7763568394002505e-15,8.881784197001252e-16,2.070671746557565
26,5,random,15,3.552713678800501e-15,0.0,0.8476758600172012
26,5,random,16,2.220446049250313e-15,1.3322676295501878e-15,0.9505036318719178
26,5,random,17,3.552713678800501e-15,5.329070518200751e-15,2.1969223357493206
26,5,random,18,3.552713678800501e-15,0.0,1.2303198503339523
26,5,random,19,1.7763568394002505e-15,4.440892098500626e-16,2.7199733132525807
26,8,simplex,0,4.440892098500626e-15,6.217248937900877e-15,1.200278560688588
26,8,simplex,1,3.552713678800501e-15,7.105427357601002e-15,0.16661581117307378
26,8,simplex,2,0.0,3.552713678800501e-15,2.4294107161810814
26,8,simplex,3,4.884981308350689e-15,3.9968028886505635e-15,2.8188149210763243
26,8,simplex,4,1.7763568394002505e-15,1.7763568394002505e-15,1.7125121292867647
26,8,simplex,5,3.552713678800501e-15,3.552713678800501e-15,0.3986166103309401
26,8,simplex,6,0.0,1.7763568394002505e-15,2.651147333500731
26,8,simplex,7,0.0,5.329070518200751e-15,0.6945159941677659
26,8,simplex,8,1.7763568394002505e-15,1.7763568394002505e-15,0.7334425900446462
26,8,simplex,9,8.881784197001252e-16,8.881784197001252e-16,0.9354695736246583
26,8,simplex,10,0.0,2.6645352591003757e-15,4.280385294460515
26,8,simplex,11,0.0,0.0,6.264366249080055
26,8,simplex,12,3.552713678800501e-15,0.0,3.774381488729645
26,8,simplex,13,7.105427357601002e-15,1.7763568394002505e-15,1.7345527864534205
26,8,simplex,14,4.440892098500626e-16,8.881784197001252e-16,2.962021829542337
26,8,simplex,15,1.7763568394002505e-15,8.881784197001252e-16,5.924027993360028
26,8,simplex,16,0.0,0.0,2.0471287474810254
26,8,simplex,17,5.329070518200751e-15,3.552713678800501e-15,0.30977686268025906
26,8,simplex,18,5.329070518200751e-15,0.0,3.649951800827637
26,8,simplex,19,7.105427357601002e-15,0.0,3.651381851879343
26,8,random,0,3.552713678800501e-15,0.0,1.2669127223954177
26,8,random,1,3.552713678800501e-15,0.0,2.48929336595198
26,8,random,2,3.552713678800501e-15,1.0658141036401503e-14,6.290358704200969
26,8,random,3,1.0658141036401503e-14,8.881784197001252e-15,2.4685623098599976
26,8,random,4,8.881784197001252e-16,2.6645352591003757e-15,3.7056883868931223
26,8,random,5,1.7763568394002505e-15,1.7763568394002505e-15,4.581077837055965
26,8,random,6,2.6645352591003757e-15,3.552713678800501e-15,4.263670944306924
26,8,random,7,3.552713678800501e-15,0.0,2.9206628811327207
26,8,random,8,1.7763568394002505e-15,8.881784197001252e-16,0.3627678347235559
26,8,random,9,2.220446049250313e-16,8.881784197001252e-16,4.093695778375476
26,8,random,10,0.0,0.0,0.12745727239230575
26,8,random,11,3.552713678800501e-15,3.552713678800501e-15,3.872630583897731
26,8,random,12,1.7763568394002505e-15,6.661338147750939e-16,1.1011306375603667
26,8,random,13,1.7763568394002505e-15,0.0,1.0456239701654368
26,8,random,14,0.0,8.881784197001252e-16,4.9303978094609135
26,8,random,15,3.552713678800501e-15,0.0,0.5723556583909115
26,8,random,16,5.329070518200751e-15,5.329070518200751e-15,3.1311249452803054
26,8,random,17,1.7763568394002505e-15,1.7763568394002505e-15,2.6996228587890627
26,8,random,18,3.552713678800501e-15,1.7763568394002505e-15,0.35820263615984516
26,8,random,19,2.886579864025407e-15,6.661338147750939e-16,1.6050765469253037
27,1,simplex,0,4.440892098500626e-16,8.881784197001252e-16,0.5219877222980198
27,1,simplex,1,1.1102230246251565e-16,1.1102230246251565e-16,1.3304785058302162
27,1,simplex,2,0.0,0.0,0.31704236144566833
27,1,simplex,3,4.440892098500626e-16,4.440892098500626e-16,4.215079892014978
27,1,simplex,4,0.0,4.440892098500626e-16,0.10501100246871609
27,1,simplex,5,3.552713678800501e-15,1.7763568394002505e-15,0.02497892983600547
27,1,simplex,6,1.7763568394002505e-15,8.881784197001252e-16,0.2203392854550792
27,1,simplex,7,8.881784197001252e-16,8.881784197001252e-16,0.7435356394011627
27,1,simplex,8,1.3322676295501878e-15,0.0,2.358124212091634
27,1,simplex,9,1.1102230246251565e-16,9.992007221626409e-16,2.672964773125602
27,1,simplex,10,8.881784197001252e-16,0.0,1.1791668065311063
27,1,simplex,11,0.0,8.881784197001252e-16,0.6053796134546263
27,1,simplex,12,4.440892098500626e-16,0.0,2.0233960574498973
27,1,simplex,13,8.881784197001252e-16,8.881784197001252e-16,0.9612560543969426
27,1,simplex,14,8.881784197001252e-16,4.440892098500626e-16,0.3769660936765371
27,1,simplex,15,4.440892098500626e-16,0.0,0.10013762263224724
27,1,simplex,16,8.881784197001252e-16,8.881784197001252e-16,3.218750855797332
27,1,simplex,17,2.220446049250313e-16,6.661338147750939e-16,1.5613596220824548
27,1,simplex,18,1.3322676295501878e-15,1.7763568394002505e-15,3.139222435374476
27,1,simplex,19,8.881784197001252e-16,4.440892098500626e-16,1.3788110143309655
27,1,random,0,8.881784197001252e-16,4.440892098500626e-16,3.2494537436397257
27,1,random,1,0.0,0.0,0.020401587704508728
27,1,random,2,6.661338147750939e-16,2.220446049250313e-16,0.2941605481203027
27,1,random,3,8.881784197001252e-16,8.881784197001252e-16,0.6314342975491747
27,1,random,4,0.0,5.551115123125783e-16,0.2416586848599085
27,1,random,5,1.7763568394002505e-15,0.0,0.6040261828428708
27,1,random,6,8.881784197001252e-16,8.881784197001252e-16,0.9709630906748075
27,1,random,7,8.881784197001252e-16,1.3322676295501878e-15,0.38761095393542977
27,1,random,8,4.440892098500626e-16,4.440892098500626e-16,0.10348639072906352
27,1,random,9,4.440892098500626e-16,0.0,0.6207625218607973
27,1,random,10,4.440892098500626e-16,4.440892098500626e-16,0.6278462306593791
27,1,random,11,4.440892098500626e-16,4.440892098500626e-16,0.5285669677343803
27,1,random,12,0.0,8.881784197001252e-16,0.5168225726698061
27,1,random,13,2.220446049250313e-16,0.0,0.2515918182808594
27,1,random,14,8.881784197001252e-16,8.881784197001252e-16,0.1260690978730583
27,1,random,15,1.7763568394002505e-15,1.7763568394002505e-15,1.079796090404134
27,1,random,16,1.7763568394002505e-15,1.7763568394002505e-15,4.240931851166104
27,1,random,17,9.992007221626409e-16,6.661338147750939e-16,4.997495612523693
27,1,random,18,0.0,0.0,1.365693653731359
27,1,random,19,2.220446049250313e-16,2.220446049250313e-16,0.06645610773974298
27,2,simplex,0,0.0,0.0,2.282698322727448
27,2,simplex,1,0.0,1.7763568394002505e-15,1.4838310599281748
27,2,simplex,2,1.7763568394002505e-15,1.7763568394002505e-15,0.6450434503422215
27,2,simplex,3,1.7763568394002505e-15,0.0,0.5027035727196747
27,2,simplex,4,0.0,0.0,0.15746520975647726
27,2,simplex,5,1.7763568394002505e-15,0.0,4.084700239845471
27,2,simplex,6,1.7763568394002505e-15,0.0,3.6996822194125265
27,2,simplex,7,0.0,0.0,1.9573858554070558
27,2,simplex,8,8.881784197001252e-16,8.881784197001252e-16,3.5124200336302778
27,2,simplex,9,1.7763568394002505e-15,1.7763568394002505e-15,2.40066865342844
27,2,simplex,10,0.0,0.0,1.018564201320629
27,2,simplex,11,4.440892098500626e-16,0.0,0.8982905245534738
27,2,simplex,12,3.552713678800501e-15,0.0,0.9481175119595875
27,2,simplex,13,1.3322676295501878e-15,4.440892098500626e-16,1.1310796379845804
27,2,simplex,14,8.881784197001252e-16,3.552713678800501e-15,0.16861425061981095
27,2,simplex,15,8.881784197001252e-16,1.3322676295501878e-15,0.37567208024534793
27,2,simplex,16,1.7763568394002505e-15,3.3306690738754696e-15,2.0469253293123124
27,2,simplex,17,0.0,0.0,0.678072512881922
27,2,simplex,18,4.440892098500626e-16,4.440892098500626e-16,0.2879400381133941
27,2,simplex,19,8.881784197001252e-16,4.440892098500626e-16,2.4393994030438897
27,2,random,0,1.7763568394002505e-15,0.0,0.5124710210891692
27,2,random,1,0.0,0.0,0.15219129217313565
27,2,random,2,0.0,3.552713678800501e-15,3.681150567010369
27,2,random,3,0.0,1.7763568394002505e-15,0.15946909103028517
27,2,random,4,8.881784197001252e-16,8.881784197001252e-16,0.036671249678793316
27,2,random,5,0.0,3.552713678800501e-15,2.3315817441741657
27,2,random,6,0.0,1.7763568394002505e-15,1.60016435568651
27,2,random,7,1.7763568394002505e-15,3.552713678800501e-15,0.1702827120154886
27,2,random,8,1.7763568394002505e-15,3.552713678800501e-15,0.15019568131732086
27,2,random,9,1.6653345369377348e-15,5.551115123125783e-16,0.5139237628393012
27,2,random,10,0.0,0.0,4.857828894027747
27,2,random,11,4.440892098500626e-16,1.3322676295501878e-15,0.6794318889612008
27,2,random,12,4.6629367034256575e-15,3.3306690738754696e-15,5.106061814069289
27,2,random,13,0.0,3.552713678800501e-15,3.334129712762767
27,2,random,14,1.7763568394002505e-15,3.552713678800501e-15,0.4022306663802935
27,2,random,15,1.3322676295501878e-15,4.440892098500626e-16,0.7717982233229801
27,2,random,16,1.7763568394002505e-15,0.0,2.363653635371371
27,2,random,17,1.7763568394002505e-15,0.0,0.03585764597413199
27,2,random,18,1.7763568394002505e-15,0.0,0.5190939768431377
27,2,random,19,1.7763568394002505e-15,0.0,0.10520147157363002
27,3,simplex,0,1.7763568394002505e-15,3.552713678800501e-15,3.3769809432937983
27,3,simplex,1,8.881784197001252e-16,4.440892098500626e-16,1.3374958907437673
27,3,simplex,2,2.220446049250313e-15,4.440892098500626e-16,0.2613828677038086
27,3,simplex,3,1.3322676295501878e-15,2.220446049250313e-16,1.4788862208177491
27,3,simplex,4,9.992007221626409e-16,1.6653345369377348e-15,1.6264608030089072
27,3,simplex,5,1.3322676295501878e-15,8.881784197001252e-16,1.5469991251086732
27,3,simplex,6,0.0,3.552713678800501e-15,0.9327623057591126
27,3,simplex,7,2.6645352591003757e-15,1.7763568394002505e-15,1.9745206137238576
27,3,simplex,8,1.7763568394002505e-15,0.0,0.35810035897422665
27,3,simplex,9,1.7763568394002505e-15,1.7763568394002505e-15,5.205518657735511
27,3,simplex,10,1.7763568394002505e-15,0.0,1.0710582008480394
27,3,simplex,11,1.7763568394002505e-15,4.440892098500626e-16,1.2034890338168083
27,3,simplex,12,0.0,3.552713678800501e-15,3.1362585648526817
27,3,simplex,13,8.881784197001252e-16,4.440892098500626e-16,0.2716782481234006
27,3,simplex,14,0.0,4.440892098500626e-16,0.07836794796906688
27,3,simplex,15,4.440892098500626e-16,0.0,0.2931596550542501
27,3,simplex,16,1.7763568394002505e-15,0.0,0.3962111073821859
27,3,simplex,17,0.0,2.6645352591003757e-15,0.7622098597284754
27,3,simplex,18,8.881784197001252e-16,8.881784197001252e-16,6.24431666457895
27,3,simplex,19,0.0,8.881784197001252e-16,2.620880969024597
27,3,random,0,8.881784197001252e-16,3.1086244689504383e-15,0.6239244079319306
27,3,random,1,1.7763568394002505e-15,0.0,4.849890499573835
27,3,random,2,1.7763568394002505e-15,1.7763568394002505e-15,3.085045329729219
27,3,random,3,2.6645352591003757e-15,2.220446049250313e-16,1.3891037783341815
27,3,random,4,8.881784197001252e-16,4.440892098500626e-16,2.842108248653709
27,3,random,5,0.0,1.7763568394002505e-15,1.738887888491341
27,3,random,6,8.881784197001252e-16,8.881784197001252e-16,0.6059862086572423
27,3,random,7,2.220446049250313e-16,4.440892098500626e-16,0.4905385294685658
27,3,random,8,6.661338147750939e-16,5.551115123125783e-16,2.7944965850648735
27,3,random,9,0.0,0.0,3.733586681288891
27,3,random,10,1.7763568394002505e-15,3.552713678800501e-15,4.862012086421672
27,3,random,11,8.881784197001252e-16,0.0,0.40068348003859455
27,3,random,12,4.440892098500626e-15,8.881784197001252e-16,4.909229053835688
27,3,random,13,1.7763568394002505e-15,1.7763568394002505e-15,0.1794570045864159
27,3,random,14,8.881784197001252e-16,2.6645352591003757e-15,1.572104197804876
27,3,random,15,0.0,0.0,1.5158291375578514
27,3,random,16,8.881784197001252e-16,8.881784197001252e-16,1.0256828258816313
27,3,random,17,8.881784197001252e-16,0.0,0.5754954884829484
27,3,random,18,8.881784197001252e-16,0.0,1.7959470153853552
27,3,random,19,1.7763568394002505e-15,8.881784197001252e-16,3.0989313579815985
27,4,simplex,0,3.774758283725532e-15,4.440892098500626e-15,4.890051886584303
27,4,simplex,1,3.552713678800501e-15,3.552713678800501e-15,3.360769250014183
27,4,simplex,2,8.881784197001252e-16,1.3322676295501878e-15,2.7036885569215663
27,4,simplex,3,2.6645352591003757e-15,8.881784197001252e-16,0.7302315298517961
27,4,simplex,4,1.7763568394002505e-15,0.0,3.4248137162838788
27,4,simplex,5,1.7763568394002505e-15,1.7763568394002505e-15,0.9624540326433824
27,4,simplex,6,1.9984014443252818e-15,3.774758283725532e-15,6.04538266739997
27,4,simplex,7,0.0,1.7763568394002505e-15,1.464189232155789
27,4,simplex,8,0.0,0.0,0.9350945002828226
27,4,simplex,9,1.7763568394002505e-15,3.552713678800501e-15,0.10900205993843315
27,4,simplex,10,2.6645352591003757e-15,1.7763568394002505e-15,5.603066737751774
27,4,simplex,11,0.0,0.0,1.3433834781471212
27,4,simplex,12,1.7763568394002505e-15,0.0,0.04052395570640144
27,4,simplex,13,3.552713678800501e-15,3.552713678800501e-15,4.5054822209023655
27,4,simplex,14,0.0,0.0,0.42757182143189
27,4,simplex,15,1.7763568394002505e-15,0.0,0.6641928872794551
27,4,simplex,16,1.7763568394002505e-15,3.552713678800501e-15,3.6842274273284303
27,4,simplex,17,1.7763568394002505e-15,1.7763568394002505e-15,1.7323033546386526
27,4,simplex,18,8.881784197001252e-16,8.881784197001252e-16,1.2567964822596451
27,4,simplex,19,0.0,0.0,1.3936462759530954
27,4,random,0,0.0,1.7763568394002505e-15,0.2641844833950273
27,4,random,1,4.440892098500626e-16,0.0,2.4382586070213748
27,4,random,2,0.0,1.7763568394002505e-15,4.610969136917163
27,4,random,3,0.0,0.0,5.152848408683358
27,4,random,4,6.661338147750939e-16,3.1086244689504383e-15,0.9087149012241014
27,4,random,5,1.7763568394002505e-15,0.0,3.3251536128081653
27,4,random,6,1.7763568394002505e-15,0.0,6.120031878861489
27,4,random,7,1.3322676295501878e-15,8.881784197001252e-16,4.2419175576004875
27,4,random,8,3.3306690738754696e-15,2.886579864025407e-15,0.5737913451530545
27,4,random,9,3.552713678800501e-15,0.0,5.1013642315853005
27,4,random,10,8.881784197001252e-16,1.7763568394002505e-15,2.9434481182093393
27,4,random,11,3.552713678800501e-15,1.7763568394002505e-15,1.8216758252984775
27,4,random,12,1.7763568394002505e-15,0.0,1.0858977988095688
27,4,random,13,0.0,3.552713678800501e-15,3.641303995614642
27,4,random,14,1.7763568394002505e-15,1.7763568394002505e-15,2.3561134293342665
27,4,random,15,3.552713678800501e-15,3.552713678800501e-15,1.5373709608387784
27,4,random,16,0.0,0.0,1.1526333866555873
27,4,random,17,0.0,0.0,4.289039287639909
27,4,random,18,0.0,3.552713678800501e-15,0.09929054499662726
27,4,random,19,1.7763568394002505e-15,3.552713678800501e-15,2.4860355691972487
27,5,simplex,0,7.105427357601002e-15,3.552713678800501e-15,2.5286223941129435
27,5,simplex,1,1.7763568394002505e-15,3.552713678800501e-15,1.2811897973397066
27,5,simplex,2,3.552713678800501e-15,1.7763568394002505e-15,0.28253088849695374
27,5,simplex,3,1.7763568394002505e-15,1.7763568394002505e-15,3.502341573935496
27,5,simplex,4,1.7763568394002505e-15,3.552713678800501e-15,9.89281590987111
27,5,simplex,5,0.0,5.329070518200751e-15,4.602023105602036
27,5,simplex,6,1.7763568394002505e-15,3.552713678800501e-15,1.7066404540608247
27,5,simplex,7,1.7763568394002505e-15,0.0,2.4291256129596377
27,5,simplex,8,8.881784197001252e-16,0.0,5.367349931749686
27,5,simplex,9,4.440892098500626e-16,1.1102230246251565e-15,7.6906540711744
27,5,simplex,10,6.661338147750939e-16,7.327471962526033e-15,1.9352359696348884
27,5,simplex,11,1.7763568394002505e-15,0.0,0.22271228231902995
27,5,simplex,12,1.7763568394002505e-15,3.552713678800501e-15,2.228780817554153
27,5,simplex,13,0.0,0.0,2.50785698774024
27,5,simplex,14,1.7763568394002505e-15,0.0,3.3891999933144703
27,5,simplex,15,2.220446049250313e-15,1.3322676295501878e-15,3.1570272676941187
27,5,simplex,16,1.7763568394002505e-15,1.7763568394002505e-15,7.246072631740802
27,5,simplex,17,8.881784197001252e-16,0.0,1.0704663025850891
27,5,simplex,18,1.7763568394002505e-15,1.7763568394002505e-15,5.956773003371886
27,5,simplex,19,1.7763568394002505e-15,1.7763568394002505e-15,2.5831846195380876
27,5,random,0,2.220446049250313e-16,6.661338147750939e-16,7.514781010926463
27,5,random,1,1.7763568394002505e-15,4.440892098500626e-16,3.328081565665009
27,5,random,2,3.552713678800501e-15,1.7763568394002505e-15,0.8616391835435167
27,5,random,3,4.440892098500626e-15,3.552713678800501e-15,0.10691023129511734
27,5,random,4,0.0,0.0,4.358058986923638
27,5,random,5,1.7763568394002505e-15,5.329070518200751e-15,0.320530386338568
27,5,random,6,8.881784197001252e-16,1.7763568394002505e-15,0.6888900196115131
27,5,random,7,3.552713678800501e-15,1.5543122344752192e-15,1.1991217586282588
27,5,random,8,3.552713678800501e-15,0.0,0.9523761151419343
27,5,random,9,0.0,0.0,7.1612556947283785
27,5,random,10,1.3322676295501878e-15,8.881784197001252e-16,6.116214841926549
27,5,random,11,1.3322676295501878e-15,1.3322676295501878e-15,0.39681596474327563
27,5,random,12,1.7763568394002505e-15,1.7763568394002505e-15,1.7671883954528056
27,5,random,13,1.7763568394002505e-15,1.7763568394002505e-15,7.340852564092387
27,5,random,14,3.552713678800501e-15,3.552713678800501e-15,1.3309363049668903
27,5,random,15,5.329070518200751e-15,2.6645352591003757e-15,5.624764929116932
27,5,random,16,8.881784197001252e-16,0.0,8.36416052115866
27,5,random,17,0.0,3.552713678800501e-15,0.8307914778886314
27,5,random,18,0.0,1.7763568394002505e-15,1.709015602397855
27,5,random,19,2.6645352591003757e-15,3.9968028886505635e-15,3.384885711493183
27,8,simplex,0,3.552713678800501e-15,4.440892098500626e-15,3.1028820027902384
27,8,simplex,1,0.0,8.881784197001252e-16,2.9743095224177267
27,8,simplex,2,8.881784197001252e-16,1.7763568394002505e-15,0.846630151616452
27,8,simplex,3,0.0,7.105427357601002e-15,1.1677348023679102
27,8,simplex,4,7.993605777301127e-15,8.881784197001252e-16,3.2385717774681666
27,8,simplex,5,7.105427357601002e-15,0.0,1.9676869631921718
27,8,simplex,6,0.0,3.552713678800501e-15,3.46286879565217
27,8,simplex,7,0.0,0.0,4.925128451043449
27,8,simplex,8,1.3322676295501878e-15,3.9968028886505635e-15,3.0742330142874508
27,8,simplex,9,1.7763568394002505e-15,1.7763568394002505e-15,0.6427075718697424
27,8,simplex,10,4.440892098500626e-15,8.881784197001252e-16,0.730100717070215
27,8,simplex,11,1.4210854715202004e-14,1.4210854715202004e-14,4.862437906168779
27,8,simplex,12,0.0,7.105427357601002e-15,1.8305030090928156
27,8,simplex,13,3.1086244689504383e-15,4.884981308350689e-15,1.0863595841956055
27,8,simplex,14,0.0,7.105427357601002e-15,2.662246785675407
27,8,simplex,15,3.552713678800501e-15,0.0,1.0412916686902278
27,8,simplex,16,1.7763568394002505e-15,1.7763568394002505e-15,2.7448452424970498
27,8,simplex,17,1.3322676295501878e-15,3.1086244689504383e-15,4.227696724046183
27,8,simplex,18,1.7763568394002505e-15,5.329070518200751e-15,2.28079499657116
27,8,simplex,19,8.881784197001252e-16,0.0,3.2223808843297306
27,8,random,0,1.7763568394002505e-15,1.7763568394002505e-15,4.804920484182546
27,8,random,1,3.552713678800501e-15,0.0,0.9934571842441215
27,8,random,2,8.881784197001252e-16,0.0,4.176106927697241
27,8,random,3,4.440892098500626e-16,4.440892098500626e-15,4.147492470111473
27,8,random,4,5.773159728050814e-15,0.0,2.0818182238019887
27,8,random,5,7.105427357601002e-15,0.0,5.225784760810569
27,8,random,6,5.329070518200751e-15,0.0,1.665755726704333
27,8,random,7,0.0,3.552713678800501e-15,0.39370746355779573
27,8,random,8,1.0658141036401503e-14,9.769962616701378e-15,5.149299990665831
27,8,random,9,7.105427357601002e-15,1.7763568394002505e-15,0.3125899794523974
27,8,random,10,8.881784197001252e-16,4.440892098500626e-15,5.762873866056253
27,8,random,11,4.440892098500626e-15,1.7763568394002505e-15,6.018998745837067
27,8,random,12,5.329070518200751e-15,0.0,1.81556836902746
27,8,random,13,0.0,1.7763568394002505e-15,6.794319028625125
27,8,random,14,1.7763568394002505e-15,8.881784197001252e-16,5.676047426259544
27,8,random,15,1.7763568394002505e-15,1.7763568394002505e-15,3.688236721979102
27,8,random,16,0.0,0.0,5.811067572340583
27,8,random,17,0.0,0.0,1.2068954979881
27,8,random,18,8.881784197001252e-16,1.7763568394002505e-15,3.32457634041959
27,8,random,19,8.881784197001252e-16,4.440892098500626e-15,1.539442904173633
28,1,simplex,0,0.0,4.440892098500626e-16,1.3375321254529686
28,1,simplex,1,2.220446049250313e-16,6.661338147750939e-16,0.08748981626847296
28,1,simplex,2,4.440892098500626e-16,0.0,0.9185861380202649
28,1,simplex,3,8.881784197001252e-16,8.881784197001252e-16,1.000338566152032
28,1,simplex,4,0.0,8.881784197001252e-16,0.037756670275308046
28,1,simplex,5,3.3306690738754696e-16,5.551115123125783e-17,1.3721570213368786
28,1,simplex,6,8.881784197001252e-16,1.7763568394002505e-15,0.8840324895048539
28,1,simplex,7,4.440892098500626e-16,0.0,3.5600784927241707
28,1,simplex,8,0.0,0.0,2.035117824868537
28,1,simplex,9,0.0,8.881784197001252e-16,2.4822814694483135
28,1,simplex,10,1.7763568394002505e-15,0.0,1.8665389352194932
28,1,simplex,11,8.881784197001252e-16,0.0,0.12685036127787264
28,1,simplex,12,0.0,0.0,0.5316128053523568
28,1,simplex,13,0.0,4.440892098500626e-16,0.012088837107027572
28,1,simplex,14,8.881784197001252e-16,0.0,0.06354846094021704
28,1,simplex,15,2.220446049250313e-16,2.220446049250313e-16,1.282827522339836
28,1,simplex,16,1.7763568394002505e-15,0.0,0.035229820999409966
28,1,simplex,17,8.881784197001252e-16,8.881784197001252e-16,1.511007837877548
28,1,simplex,18,0.0,0.0,0.9926396443473813
28,1,simplex,19,8.881784197001252e-16,0.0,1.1540842659812949
28,1,random,0,7.771561172376096e-16,7.771561172376096e-16,1.0593554879683724
28,1,random,1,8.881784197001252e-16,8.881784197001252e-16,3.4911772937311008
28,1,random,2,0.0,2.220446049250313e-16,0.041701755260360684
28,1,random,3,0.0,0.0,0.3417686553954411
28,1,random,4,1.7763568394002505e-15,8.881784197001252e-16,0.25378643832280545
28,1,random,5,3.3306690738754696e-16,4.440892098500626e-16,0.2725929072023865
28,1,random,6,4.440892098500626e-16,4.440892098500626e-16,0.1401671742017392
28,1,random,7,0.0,4.440892098500626e-16,0.004888577200251376
28,1,random,8,8.881784197001252e-16,0.0,8.603151913084059
28,1,random,9,0.0,1.1102230246251565e-16,5.168098363077293
28,1,random,10,0.0,0.0,0.7840832592403508
28,1,random,11,2.220446049250313e-16,2.220446049250313e-16,0.5091727783091322
28,1,random,12,2.220446049250313e-16,2.220446049250313e-16,0.05101461769160309
28,1,random,13,0.0,0.0,0.5839567719386558
28,1,random,14,6.661338147750939e-16,4.440892098500626e-16,1.959798910778141
28,1,random,15,8.881784197001252e-16,0.0,0.39246701235670756
28,1,random,16,4.440892098500626e-16,8.881784197001252e-16,0.9923461993579412
28,1,random,17,1.7763568394002505e-15,1.7763568394002505e-15,0.608323150879315
28,1,random,18,0.0,0.0,0.10276462641456874
28,1,random,19,8.881784197001252e-16,8.881784197001252e-16,1.7045544699406836
28,2,simplex,0,0.0,8.881784197001252e-16,0.34294520393053674
28,2,simplex,1,4.440892098500626e-16,1.5543122344752192e-15,3.647402340372821
28,2,simplex,2,8.881784197001252e-16,0.0,1.0489732867000363
28,2,simplex,3,6.661338147750939e-16,8.881784197001252e-16,1.8294430924463292
28,2,simplex,4,8.881784197001252e-16,8.881784197001252e-16,0.2106693001898563
28,2,simplex,5,0.0,4.440892098500626e-16,1.5223295718921008
28,2,simplex,6,8.881784197001252e-16,1.7763568394002505e-15,0.41456183438892324
28,2,simplex,7,1.7763568394002505e-15,8.881784197001252e-16,0.9166335151922507
28,2,simplex,8,2.220446049250313e-16,1.1102230246251565e-15,1.9489166223716516
28,2,simplex,9,0.0,0.0,1.1695210077863756
28,2,simplex,10,8.881784197001252e-16,1.7763568394002505e-15,1.8925215995100082
28,2,simplex,11,1.7763568394002505e-15,1.7763568394002505e-15,0.5763674296154875
28,2,simplex,12,6.661338147750939e-16,4.440892098500626e-16,1.8112367803754879
28,2,simplex,13,4.440892098500626e-16,0.0,10.108381321854415
28,2,simplex,14,1.7763568394002505e-15,0.0,3.3785772652194215
28,2,simplex,15,2.220446049250313e-15,8.881784197001252e-16,1.6076188476554214
28,2,simplex,16,0.0,0.0,2.167395445393961
28,2,simplex,17,1.7763568394002505e-15,0.0,1.2346406329949495
28,2,simplex,18,2.220446049250313e-15,2.4424906541753444e-15,1.0870454903832893
28,2,simplex,19,3.552713678800501e-15,1.7763568394002505e-15,1.9674286837098123
28,2,random,0,8.881784197001252e-16,8.881784197001252e-16,5.534331627295774
28,2,random,1,0.0,4.440892098500626e-16,0.18898034081819048
28,2,random,2,1.7763568394002505e-15,0.0,3.977771673035381
28,2,random,3,3.552713678800501e-15,0.0,4.122769171552612
28,2,random,4,1.7763568394002505e-15,1.7763568394002505e-15,1.406226484361767
28,2,random,5,3.552713678800501e-15,8.881784197001252e-16,0.3605545253348197
28,2,random,6,8.881784197001252e-16,0.0,1.2999918740547862
28,2,random,7,0.0,0.0,1.7590157780415154
28,2,random,8,1.7763568394002505e-15,8.881784197001252e-16,0.9386864836309385
28,2,random,9,5.329070518200751e-15,5.329070518200751e-15,0.05232846308505579
28,2,random,10,1.7763568394002505e-15,3.552713678800501e-15,2.91490156087805
28,2,random,11,4.440892098500626e-16,1.3322676295501878e-15,1.5913439580277462
28,2,random,12,3.552713678800501e-15,1.7763568394002505e-15,0.8597173405969656
28,2,random,13,0.0,2.220446049250313e-16,0.730857018408976
28,2,random,14,0.0,1.7763568394002505e-15,2.7457987765865823
28,2,random,15,1.7763568394002505e-15,0.0,1.3867359441987812
28,2,random,16,1.3322676295501878e-15,2.220446049250313e-16,1.5849325576489104
28,2,random,17,0.0,0.0,0.5907639695712525
28,2,random,18,4.440892098500626e-15,4.440892098500626e-15,1.807301661112497
28,2,random,19,4.440892098500626e-16,0.0,0.9594750244088175
28,3,simplex,0,0.0,8.881784197001252e-16,1.860168990791891
28,3,simplex,1,8.881784197001252e-16,8.881784197001252e-16,0.01785486237963596
28,3,simplex,2,2.220446049250313e-15,1.3322676295501878e-15,1.0360763264807638
28,3,simplex,3,1.7763568394002505e-15,8.881784197001252e-16,0.7750718330614035
28,3,simplex,4,1.7763568394002505e-15,3.1086244689504383e-15,0.24881350888581721
28,3,simplex,5,3.552713678800501e-15,3.552713678800501e-15,1.0670995107815173
28,3,simplex,6,0.0,0.0,1.9706253947449994
28,3,simplex,7,1.7763568394002505e-15,2.220446049250313e-15,0.36606215174402124
28,3,simplex,8,0.0,0.0,0.5473698861720706
28,3,simplex,9,1.3322676295501878e-15,0.0,2.624167324676673
28,3,simplex,10,2.6645352591003757e-15,2.220446049250313e-15,0.7923350800591038
28,3,simplex,11,1.7763568394002505e-15,2.6645352591003757e-15,0.943537858086497
28,3,simplex,12,1.7763568394002505e-15,8.881784197001252e-16,1.457972181034755
28,3,simplex,13,1.7763568394002505e-15,1.7763568394002505e-15,1.4035885032816147
28,3,simplex,14,4.440892098500626e-16,2.220446049250313e-16,0.5310626296867511
28,3,simplex,15,1.7763568394002505e-15,4.440892098500626e-16,0.6398767398204015
28,3,simplex,16,8.881784197001252e-16,8.881784197001252e-16,2.8712822470099795
28,3,simplex,17,1.7763568394002505e-15,1.3322676295501878e-15,2.5449581283558835
28,3,simplex,18,1.7763568394002505e-15,0.0,1.745303289552714
28,3,simplex,19,8.881784197001252e-16,8.881784197001252e-16,0.09424094732847621
28,3,random,0,0.0,8.881784197001252e-16,1.1887928544187432
28,3,random,1,2.220446049250313e-15,0.0,0.6286913775938459
28,3,random,2,2.6645352591003757e-15,2.6645352591003757e-15,1.4217124244473354
28,3,random,3,1.7763568394002505e-15,0.0,1.126490187705354
28,3,random,4,3.552713678800501e-15,3.552713678800501e-15,1.1121676309261552
28,3,random,5,8.881784197001252e-16,1.7763568394002505e-15,1.4926075274909962
28,3,random,6,1.7763568394002505e-15,1.7763568394002505e-15,0.8351162125649125
28,3,random,7,5.329070518200751e-15,5.329070518200751e-15,1.6993854206827024
28,3,random,8,8.881784197001252e-16,1.7763568394002505e-15,0.5342030955956041
28,3,random,9,1.7763568394002505e-15,2.6645352591003757e-15,6.107777904844774
28,3,random,10,0.0,0.0,1.4223336621780618
28,3,random,11,8.881784197001252e-16,8.881784197001252e-16,1.422331412152019
28,3,random,12,8.881784197001252e-16,3.552713678800501e-15,1.5679112487945375
28,3,random,13,0.0,0.0,5.7807788802723294
28,3,random,14,1.3322676295501878e-15,0.0,2.4890053172351045
28,3,random,15,0.0,2.6645352591003757e-15,0.24617831820585323
28,3,random,16,1.3322676295501878e-15,1.7763568394002505e-15,2.6652302460883384
28,3,random,17,3.552713678800501e-15,0.0,2.8493270901444987
28,3,random,18,1.7763568394002505e-15,8.881784197001252e-16,0.960774856916764
28,3,random,19,1.7763568394002505e-15,0.0,0.04114118014817336
28,4,simplex,0,1.7763568394002505e-15,0.0,0.2674160280083058
28,4,simplex,1,8.881784197001252e-16,1.7763568394002505e-15,1.7871339014581196
28,4,simplex,2,4.440892098500626e-16,1.3322676295501878e-15,0.8779294039021028
28,4,simplex,3,0.0,0.0,3.378666912408974
28,4,simplex,4,2.6645352591003757e-15,1.7763568394002505e-15,0.3886537063706328
28,4,simplex,5,4.440892098500626e-16,3.9968028886505635e-15,0.18924427811895583
28,4,simplex,6,7.105427357601002e-15,3.552713678800501e-15,0.802478887470242
28,4,simplex,7,0.0,0.0,3.5035781111474407
28,4,simplex,8,8.881784197001252e-16,0.0,2.6398271480666224
28,4,simplex,9,8.881784197001252e-16,1.7763568394002505e-15,3.186831280907274
28,4,simplex,10,2.220446049250313e-16,1.3322676295501878e-15,0.4029288958156485
28,4,simplex,11,0.0,1.7763568394002505e-15,1.180221940432638
28,4,simplex,12,1.7763568394002505e-15,0.0,0.04754758563489858
28,4,simplex,13,1.7763568394002505e-15,8.881784197001252e-16,2.6823151982766973
28,4,simplex,14,1.7763568394002505e-15,1.7763568394002505e-15,2.46666704327815
28,4,simplex,15,4.440892098500626e-16,2.6645352591003757e-15,4.709028302177131
28,4,simplex,16,8.881784197001252e-16,8.881784197001252e-16,5.100981667089982
28,4,simplex,17,3.552713678800501e-15,0.0,1.4505821551332971
28,4,simplex,18,3.9968028886505635e-15,1.7763568394002505e-15,0.44062548122185774
28,4,simplex,19,1.7763568394002505e-15,1.3322676295501878e-15,5.295425104752503
28,4,random,0,1.7763568394002505e-15,4.440892098500626e-16,4.01193424799127
28,4,random,1,0.0,0.0,1.021749018355358
28,4,random,2,2.220446049250313e-15,2.220446049250313e-15,0.2609248600103484
28,4,random,3,8.881784197001252e-16,4.440892098500626e-16,0.7366885788953752
28,4,random,4,4.440892098500626e-15,1.9984014443252818e-15,2.2970325426462495
28,4,random,5,3.552713678800501e-15,1.7763568394002505e-15,5.301984924577795
28,4,random,6,0.0,3.552713678800501e-15,4.496364356747478
28,4,random,7,4.440892098500626e-16,0.0,0.9726340541867806
28,4,random,8,0.0,0.0,0.19920305858793697
28,4,random,9,1.7763568394002505e-15,1.7763568394002505e-15,2.4305667404691214
28,4,random,10,1.7763568394002505e-15,1.7763568394002505e-15,3.1054926463730403
28,4,random,11,2.6645352591003757e-15,2.6645352591003757e-15,2.2403987286041556
28,4,random,12,4.440892098500626e-16,2.220446049250313e-15,3.0355528443668547
28,4,random,13,3.552713678800501e-15,2.6645352591003757e-15,2.739744136265763
28,4,random,14,1.3322676295501878e-15,1.3322676295501878e-15,1.3908856948097608
28,4,random,15,0.0,1.7763568394002505e-15,1.517281885262605
28,4,random,16,0.0,1.7763568394002505e-15,5.599612946875382
28,4,random,17,1.7763568394002505e-15,1.7763568394002505e-15,2.8884597488917763
28,4,random,18,3.552713678800501e-15,3.552713678800501e-15,2.2314927482072306
28,4,random,19,0.0,0.0,3.0015908486554217
28,5,simplex,0,8.881784197001252e-16,2.6645352591003757e-15,1.8963169438808407
28,5,simplex,1,0.0,1.7763568394002505e-15,1.7353133467201225
28,5,simplex,2,3.552713678800501e-15,1.7763568394002505e-15,2.7309709508619875
28,5,simplex,3,4.440892098500626e-16,3.1086244689504383e-15,2.368601745822666
28,5,simplex,4,3.552713678800501e-15,3.552713678800501e-15,2.438125396679112
28,5,simplex,5,2.6645352591003757e-15,6.661338147750939e-16,0.5623303814053244
28,5,simplex,6,1.7763568394002505e-15,1.3322676295501878e-15,2.543304541545389
28,5,simplex,7,0.0,0.0,0.5187792009260228
28,5,simplex,8,1.7763568394002505e-15,0.0,8.612350501483746
28,5,simplex,9,2.6645352591003757e-15,4.440892098500626e-16,4.934540762688279
28,5,simplex,10,1.7763568394002505e-15,4.440892098500626e-16,0.19444403332568783
28,5,simplex,11,2.6645352591003757e-15,8.881784197001252e-16,0.07851295892217536
28,5,simplex,12,1.7763568394002505e-15,8.881784197001252e-16,0.07552182590757894
28,5,simplex,13,2.6645352591003757e-15,8.881784197001252e-16,2.199573559365554
28,5,simplex,14,5.329070518200751e-15,8.881784197001252e-16,3.733272362005547
28,5,simplex,15,5.329070518200751e-15,7.105427357601002e-15,0.08046915266260157
28,5,simplex,16,0.0,0.0,1.4651679006214877
28,5,simplex,17,1.3322676295501878e-15,3.1086244689504383e-15,0.08578705724539759
28,5,simplex,18,8.881784197001252e-16,8.881784197001252e-16,0.43543850330758005
28,5,simplex,19,1.7763568394002505e-15,1.7763568394002505e-15,1.041891280138941
28,5,random,0,4.440892098500626e-15,2.6645352591003757e-15,4.572244888725159
28,5,random,1,1.7763568394002505e-15,8.881784197001252e-16,0.6434057263795623
28,5,random,2,3.552713678800501e-15,3.552713678800501e-15,6.46201244783029
28,5,random,3,8.881784197001252e-16,8.881784197001252e-16,2.2854247053120034
28,5,random,4,2.6645352591003757e-15,4.440892098500626e-15,0.14258717889588723
28,5,random,5,3.552713678800501e-15,3.552713678800501e-15,5.241338363422351
28,5,random,6,0.0,3.552713678800501e-15,2.9954407786090584
28,5,random,7,0.0,3.552713678800501e-15,9.47506315105188
28,5,random,8,0.0,1.7763568394002505e-15,1.0783324315961664
28,5,random,9,7.105427357601002e-15,3.552713678800501e-15,0.6513108198368407
28,5,random,10,3.552713678800501e-15,0.0,0.5236672160018898
28,5,random,11,0.0,3.552713678800501e-15,2.6078681967373925
28,5,random,12,4.440892098500626e-16,4.440892098500626e-16,4.154605429121638
28,5,random,13,2.6645352591003757e-15,3.552713678800501e-15,1.4692537596587911
28,5,random,14,3.552713678800501e-15,1.7763568394002505e-15,2.884053675605152
28,5,random,15,7.105427357601002e-15,3.552713678800501e-15,3.125353909985165
28,5,random,16,7.105427357601002e-15,8.881784197001252e-16,1.6548296172443315
28,5,random,17,2.6645352591003757e-15,2.220446049250313e-15,3.4749553050941913
28,5,random,18,1.7763568394002505e-15,3.552713678800501e-15,3.113340942991428
28,5,random,19,3.552713678800501e-15,0.0,2.4869313106111406
28,8,simplex,0,4.440892098500626e-15,2.220446049250313e-15,9.431457458320565
28,8,simplex,1,3.552713678800501e-15,0.0,6.566624763713364
28,8,simplex,2,2.886579864025407e-15,8.881784197001252e-16,3.3851188629537887
28,8,simplex,3,0.0,1.7763568394002505e-15,2.9064393697396156
28,8,simplex,4,0.0,0.0,4.495367886766019
28,8,simplex,5,0.0,0.0,1.3578641864102394
28,8,simplex,6,3.552713678800501e-15,3.552713678800501e-15,0.8927285342029592
28,8,simplex,7,3.552713678800501e-15,3.552713678800501e-15,2.7631055090283354
28,8,simplex,8,1.5543122344752192e-15,4.440892098500626e-15,2.5962786672772893
28,8,simplex,9,4.440892098500626e-15,4.440892098500626e-15,5.14137480849439
28,8,simplex,10,1.7763568394002505e-15,0.0,1.0305750228032906
28,8,simplex,11,5.329070518200751e-15,1.7763568394002505e-15,2.1076916533683985
28,8,simplex,12,1.7763568394002505e-15,8.881784197001252e-16,3.7357749172334422
28,8,simplex,13,1.7763568394002505e-15,1.7763568394002505e-15,2.843024616973821
28,8,simplex,14,3.552713678800501e-15,1.7763568394002505e-15,2.2711716397981476
28,8,simplex,15,0.0,3.552713678800501e-15,2.452194720922968
28,8,simplex,16,3.552713678800501e-15,3.552713678800501e-15,0.6667969868921801
28,8,simplex,17,7.105427357601002e-15,1.7763568394002505e-15,1.093362335904068
28,8,simplex,18,7.327471962526033e-15,4.6629367034256575e-15,1.2262786505327767
28,8,simplex,19,3.1086244689504383e-15,6.661338147750939e-15,3.4953273679198986
28,8,random,0,2.220446049250313e-15,4.440892098500626e-16,5.125096988513718
28,8,random,1,0.0,1.7763568394002505e-15,4.401744234071451
28,8,random,2,0.0,0.0,7.215238151812386
28,8,random,3,1.7763568394002505e-15,8.881784197001252e-16,2.1850619869048273
28,8,random,4,4.884981308350689e-15,3.552713678800501e-15,0.678422338105392
28,8,random,5,3.552713678800501e-15,3.552713678800501e-15,1.0872534012037534
28,8,random,6,1.7763568394002505e-15,4.440892098500626e-15,6.273010855803875
28,8,random,7,7.105427357601002e-15,7.105427357601002e-15,3.62472978195661
28,8,random,8,1.7763568394002505e-15,1.7763568394002505e-15,3.5970330071513175
28,8,random,9,3.552713678800501e-15,3.552713678800501e-15,2.7752444652015527
28,8,random,10,3.552713678800501e-15,8.881784197001252e-16,2.3143651429396144
28,8,random,11,2.220446049250313e-15,4.440892098500626e-16,2.381791852202717
28,8,random,12,3.1086244689504383e-15,4.440892098500626e-16,2.4864949218017642
28,8,random,13,0.0,1.7763568394002505e-15,0.8057379352235898
28,8,random,14,1.3322676295501878e-14,8.881784197001252e-16,8.634796161188433
28,8,random,15,3.552713678800501e-15,1.7763568394002505e-15,6.087271630917087
28,8,random,16,3.552713678800501e-15,0.0,2.27463250205534
28,8,random,17,2.6645352591003757e-15,4.440892098500626e-15,0.8294305683330236
28,8,random,18,0.0,3.552713678800501e-15,5.563970693454948
28,8,random,19,7.105427357601002e-15,4.440892098500626e-15,0.48413859290398875
29,1,simplex,0,8.881784197001252e-16,4.440892098500626e-16,2.9058366073932382
29,1,simplex,1,4.440892098500626e-16,8.881784197001252e-16,1.0969071518727809
29,1,simplex,2,8.881784197001252e-16,0.0,1.7566006605207019
29,1,simplex,3,4.440892098500626e-16,0.0,3.733521052240311
29,1,simplex,4,0.0,8.881784197001252e-16,0.9762749378650462
29,1,simplex,5,0.0,4.440892098500626e-16,3.870080943606874
29,1,simplex,6,0.0,2.220446049250313e-16,0.8943595911008178
29,1,simplex,7,4.440892098500626e-16,4.440892098500626e-16,0.02833986288814927
29,1,simplex,8,4.440892098500626e-16,2.220446049250313e-16,1.1404021730381753
29,1,simplex,9,8.881784197001252e-16,4.440892098500626e-16,0.9338352246912542
29,1,simplex,10,0.0,0.0,0.22984671790831612
29,1,simplex,11,8.881784197001252e-16,8.881784197001252e-16,2.997448878110725
29,1,simplex,12,0.0,8.881784197001252e-16,0.1377581091575113
29,1,simplex,13,1.1102230246251565e-15,1.887379141862766e-15,0.06963974243698345
29,1,simplex,14,0.0,1.7763568394002505e-15,0.1543098894926378
29,1,simplex,15,2.220446049250313e-16,4.440892098500626e-16,0.034965247089839835
29,1,simplex,16,2.220446049250313e-16,2.220446049250313e-16,1.8083425314407866
29,1,simplex,17,4.440892098500626e-16,0.0,0.8974850921537403
29,1,simplex,18,1.3322676295501878e-15,8.881784197001252e-16,1.417518294264764
29,1,simplex,19,6.661338147750939e-16,6.661338147750939e-16,0.09755681197774457
29,1,random,0,1.7763568394002505e-15,0.0,1.7064216792745137
29,1,random,1,8.326672684688674e-16,6.106226635438361e-16,0.28096910139337083
29,1,random,2,0.0,0.0,0.12391757494532973
29,1,random,3,4.440892098500626e-16,4.440892098500626e-16,0.13585703301155716
29,1,random,4,2.220446049250313e-16,0.0,0.588066353484642
29,1,random,5,4.440892098500626e-16,4.440892098500626e-16,2.2525099947965295
29,1,random,6,4.440892098500626e-16,4.440892098500626e-16,1.3348083680148584
29,1,random,7,4.440892098500626e-16,8.881784197001252e-16,3.4723300204881262
29,1,random,8,0.0,0.0,0.5929857704474308
29,1,random,9,8.881784197001252e-16,8.881784197001252e-16,0.9063677141130326
29,1,random,10,4.440892098500626e-16,4.440892098500626e-16,0.08728807945049866
29,1,random,11,5.551115123125783e-16,2.220446049250313e-16,1.385496911420593
29,1,random,12,0.0,8.881784197001252e-16,1.6438941953904744
29,1,random,13,6.661338147750939e-16,6.661338147750939e-16,0.44695379082068154
29,1,random,14,5.551115123125783e-16,6.661338147750939e-16,0.9959928141298082
29,1,random,15,4.440892098500626e-16,4.440892098500626e-16,1.1601262535785946
29,1,random,16,1.1102230246251565e-15,0.0,0.9630733135665488
29,1,random,17,4.440892098500626e-16,8.881784197001252e-16,0.8407892677540509
29,1,random,18,1.7763568394002505e-15,8.881784197001252e-16,0.13879449461102666
29,1,random,19,8.881784197001252e-16,0.0,0.7421757612896842
29,2,simplex,0,4.440892098500626e-16,1.7763568394002505e-15,0.08910673102268518
29,2,simplex,1,0.0,1.7763568394002505e-15,6.296598455337825
29,2,simplex,2,0.0,3.552713678800501e-15,0.3530701283338975
29,2,simplex,3,1.7763568394002505e-15,2.6645352591003757e-15,1.1643368059677606
29,2,simplex,4,2.220446049250313e-15,8.881784197001252e-16,1.8884193800705624
29,2,simplex,5,3.552713678800501e-15,1.7763568394002505e-15,1.0674598564635538
29,2,simplex,6,3.552713678800501e-15,0.0,0.5513880490165732
29,2,simplex,7,8.881784197001252e-16,8.881784197001252e-16,1.6860891312078365
29,2,simplex,8,3.552713678800501e-15,0.0,1.270253249388162
29,2,simplex,9,8.881784197001252e-16,4.440892098500626e-16,0.37114881708824754
29,2,simplex,10,0.0,1.7763568394002505e-15,1.4873273823888482
29,2,simplex,11,4.440892098500626e-16,8.881784197001252e-16,0.6234519440883162
29,2,simplex,12,8.881784197001252e-16,8.881784197001252e-16,0.10962877967764584
29,2,simplex,13,1.7763568394002505e-15,3.552713678800501e-15,0.6770830684448654
29,2,simplex,14,8.881784197001252e-16,8.881784197001252e-16,1.0358032168341857
29,2,simplex,15,4.440892098500626e-16,4.440892098500626e-16,2.7050369030127754
29,2,simplex,16,0.0,1.7763568394002505e-15,0.6218512969992034
29,2,simplex,17,3.552713678800501e-15,0.0,2.2711601665010566
29,2,simplex,18,8.881784197001252e-16,1.7763568394002505e-15,0.40990765138326424
29,2,simplex,19,8.881784197001252e-16,0.0,2.4702993756586906
29,2,random,0,8.881784197001252e-16,8.881784197001252e-16,1.4705585196750626
29,2,random,1,1.1102230246251565e-15,1.1102230246251565e-15,2.1980794736765255
29,2,random,2,1.7763568394002505e-15,2.6645352591003757e-15,1.3839427292627065
29,2,random,3,0.0,0.0,0.9443234047189293
29,2,random,4,1.7763568394002505e-15,0.0,0.6515214029463934
29,2,random,5,8.881784197001252e-16,0.0,1.7841496121057077
29,2,random,6,0.0,0.0,0.06608042709388862
29,2,random,7,4.440892098500626e-16,4.440892098500626e-16,1.1360712209292103
29,2,random,8,0.0,0.0,0.03906262900603075
29,2,random,9,1.7763568394002505e-15,1.7763568394002505e-15,1.6101019014722766
29,2,random,10,1.7763568394002505e-15,1.3322676295501878e-15,0.2975712491600113
29,2,random,11,9.992007221626409e-16,2.220446049250313e-16,1.8825488143949656
29,2,random,12,6.661338147750939e-16,2.220446049250313e-16,2.490306122720039
29,2,random,13,1.1102230246251565e-15,4.440892098500626e-16,0.41679610917791976
29,2,random,14,1.7763568394002505e-15,0.0,6.8888328121879
29,2,random,15,3.1086244689504383e-15,2.220446049250313e-15,2.928983010277122
29,2,random,16,0.0,3.552713678800501e-15,0.7879214543483393
29,2,random,17,0.0,0.0,2.0183423900439124
29,2,random,18,0.0,1.7763568394002505e-15,0.9365297108787036
29,2,random,19,0.0,8.881784197001252e-16,2.155997594675336
29,3,simplex,0,3.552713678800501e-15,1.7763568394002505e-15,1.9075466802056127
29,3,simplex,1,0.0,3.552713678800501e-15,0.7212264644693143
29,3,simplex,2,3.552713678800501e-15,1.7763568394002505e-15,0.8024753702252525
29,3,simplex,3,1.7763568394002505e-15,0.0,0.3620848930913425
29,3,simplex,4,3.552713678800501e-15,1.7763568394002505e-15,0.9070366741600964
29,3,simplex,5,2.220446049250313e-15,4.440892098500626e-16,0.6322311827806573
29,3,simplex,6,4.440892098500626e-16,4.440892098500626e-16,1.0205703270114945
29,3,simplex,7,0.0,0.0,2.19564745299013
29,3,simplex,8,1.1102230246251565e-15,7.771561172376096e-16,5.683017193196804
29,3,simplex,9,3.552713678800501e-15,3.552713678800501e-15,2.7852576267343423
29,3,simplex,10,1.7763568394002505e-15,1.3322676295501878e-15,1.9040561920114705
29,3,simplex,11,4.6629367034256575e-15,3.552713678800501e-15,0.5215607105031772
29,3,simplex,12,0.0,3.552713678800501e-15,1.4064791404123156
29,3,simplex,13,2.220446049250313e-15,1.3322676295501878e-15,5.280354691323179
29,3,simplex,14,1.7763568394002505e-15,1.7763568394002505e-15,1.3674237375590472
29,3,simplex,15,8.881784197001252e-16,1.7763568394002505e-15,0.1320263019648671
29,3,simplex,16,8.881784197001252e-16,0.0,1.4903701931292375
29,3,simplex,17,0.0,0.0,0.4844852071704864
29,3,simplex,18,4.440892098500626e-15,1.7763568394002505e-15,2.040272866873309
29,3,simplex,19,8.881784197001252e-16,1.7763568394002505e-15,2.5617163259663727
29,3,random,0,1.7763568394002505e-15,1.7763568394002505e-15,0.49696001151156466
29,3,random,1,1.7763568394002505e-15,1.7763568394002505e-15,3.606159740040635
29,3,random,2,4.440892098500626e-16,8.881784197001252e-16,0.006902730438330451
29,3,random,3,0.0,4.440892098500626e-16,0.5514108957955486
29,3,random,4,0.0,0.0,5.418362795431015
29,3,random,5,0.0,1.7763568394002505e-15,2.3382551245119387
29,3,random,6,0.0,0.0,1.4697046149370294
29,3,random,7,8.881784197001252e-16,8.881784197001252e-16,3.771835154013914
29,3,random,8,0.0,8.881784197001252e-16,5.035884971903791
29,3,random,9,0.0,3.552713678800501e-15,4.736069078418211
29,3,random,10,1.7763568394002505e-15,8.881784197001252e-16,3.817565334475564
29,3,random,11,1.7763568394002505e-15,1.7763568394002505e-15,1.5860581227493142
29,3,random,12,0.0,1.7763568394002505e-15,1.477919361191983
29,3,random,13,1.7763568394002505e-15,8.881784197001252e-16,0.21630671510907717
29,3,random,14,2.6645352591003757e-15,3.552713678800501e-15,0.15811454657351476
29,3,random,15,8.881784197001252e-16,0.0,1.3439238810426595
29,3,random,16,5.329070518200751e-15,3.552713678800501e-15,2.361665588329487
29,3,random,17,0.0,3.552713678800501e-15,0.06468397721526564
29,3,random,18,0.0,1.7763568394002505e-15,1.8805588365544637
29,3,random,19,0.0,0.0,0.6921001423445858
29,4,simplex,0,8.881784197001252e-16,4.440892098500626e-16,0.20014203753874682
29,4,simplex,1,0.0,0.0,2.240758226254279
29,4,simplex,2,0.0,0.0,1.4161945845668384
29,4,simplex,3,0.0,0.0,1.1440576191734593
29,4,simplex,4,3.552713678800501e-15,2.886579864025407e-15,0.532981286553543
29,4,simplex,5,2.6645352591003757e-15,6.217248937900877e-15,4.39323174182482
29,4,simplex,6,0.0,1.7763568394002505e-15,0.5736943388949172
29,4,simplex,7,1.7763568394002505e-15,3.552713678800501e-15,0.3384973179578452
29,4,simplex,8,8.881784197001252e-16,8.881784197001252e-16,0.42683188298885
29,4,simplex,9,1.3322676295501878e-15,8.881784197001252e-16,1.1513181679543507
29,4,simplex,10,0.0,8.881784197001252e-16,0.052453099967607386
29,4,simplex,11,0.0,0.0,3.090859797743306
29,4,simplex,12,1.7763568394002505e-15,1.7763568394002505e-15,3.7380069380494803
29,4,simplex,13,1.7763568394002505e-15,3.1086244689504383e-15,1.5701883211145535
29,4,simplex,14,3.1086244689504383e-15,4.440892098500626e-16,0.5168193354122472
29,4,simplex,15,8.881784197001252e-16,0.0,2.415960456325557
29,4,simplex,16,3.1086244689504383e-15,4.440892098500626e-16,0.0017400808308067894
29,4,simplex,17,8.881784197001252e-16,0.0,0.7969005996868006
29,4,simplex,18,1.7763568394002505e-15,3.552713678800501e-15,2.4058147235165492
29,4,simplex,19,1.7763568394002505e-15,1.7763568394002505e-15,4.240049090779259
29,4,random,0,0.0,0.0,0.03928518164561012
29,4,random,1,1.3322676295501878e-15,1.7763568394002505e-15,0.9687663036286764
29,4,random,2,1.7763568394002505e-15,2.6645352591003757e-15,0.661827151161674
29,4,random,3,3.552713678800501e-15,2.6645352591003757e-15,1.1749979635239
29,4,random,4,8.881784197001252e-16,1.7763568394002505e-15,2.1410995624852163
29,4,random,5,1.7763568394002505e-15,0.0,0.15867470535565786
29,4,random,6,3.552713678800501e-15,3.552713678800501e-15,1.5321484240711172
29,4,random,7,0.0,1.7763568394002505e-15,0.14392475381854197
29,4,random,8,8.881784197001252e-16,8.881784197001252e-16,2.0739154397168207
29,4,random,9,0.0,1.7763568394002505e-15,1.764259926128613
29,4,random,10,0.0,0.0,2.482041243355269
29,4,random,11,0.0,0.0,3.2946756501371084
29,4,random,12,0.0,3.552713678800501e-15,0.09260964285765994
29,4,random,13,2.6645352591003757e-15,3.552713678800501e-15,6.902134704433216
29,4,random,14,3.552713678800501e-15,3.552713678800501e-15,3.1413714867569134
29,4,random,15,1.7763568394002505e-15,0.0,1.3608968824838854
29,4,random,16,0.0,1.7763568394002505e-15,0.9252921511471683
29,4,random,17,4.440892098500626e-16,4.440892098500626e-16,1.706401432591349
29,4,random,18,0.0,3.552713678800501e-15,2.2928973407799766
29,4,random,19,1.7763568394002505e-15,0.0,2.756036969164107
29,5,simplex,0,2.6645352591003757e-15,2.220446049250313e-15,3.8891628484119067
29,5,simplex,1,2.6645352591003757e-15,2.6645352591003757e-15,0.8288977862256957
29,5,simplex,2,2.6645352591003757e-15,1.7763568394002505e-15,1.3511700815564254
29,5,simplex,3,3.1086244689504383e-15,1.7763568394002505e-15,0.07907494637337464
29,5,simplex,4,8.881784197001252e-16,8.881784197001252e-16,1.4015933502504154
29,5,simplex,5,1.7763568394002505e-15,0.0,2.1049700970606224
29,5,simplex,6,1.3322676295501878e-15,2.220446049250313e-15,0.5763961993209321
29,5,simplex,7,0.0,7.105427357601002e-15,1.3889417907423862
29,5,simplex,8,1.7763568394002505e-15,0.0,0.098067413009705
29,5,simplex,9,1.7763568394002505e-15,1.7763568394002505e-15,1.3148300794752288
29,5,simplex,10,1.7763568394002505e-15,3.552713678800501e-15,2.9869582121141676
29,5,simplex,11,8.881784197001252e-16,8.881784197001252e-16,6.3290092368931
29,5,simplex,12,0.0,0.0,1.2636824526735033
29,5,simplex,13,1.7763568394002505e-15,1.7763568394002505e-15,0.5199023185214742
29,5,simplex,14,1.7763568394002505e-15,0.0,2.6752293379478544
29,5,simplex,15,3.552713678800501e-15,1.7763568394002505e-15,7.305748478040588
29,5,simplex,16,3.552713678800501e-15,3.552713678800501e-15,1.3067946343397736
29,5,simplex,17,5.329070518200751e-15,0.0,5.248420778518977
29,5,simplex,18,3.552713678800501e-15,5.329070518200751e-15,0.9712592411597427
29,5,simplex,19,3.552713678800501e-15,0.0,4.8398786349916065
29,5,random,0,8.881784197001252e-16,0.0,4.946741913508504
29,5,random,1,1.7763568394002505e-15,1.7763568394002505e-15,0.3992280562589059
29,5,random,2,1.7763568394002505e-15,0.0,2.360669005154975
29,5,random,3,1.9984014443252818e-15,2.220446049250313e-16,1.6132061309798402
29,5,random,4,8.881784197001252e-16,1.7763568394002505e-15,0.19838679848155039
29,5,random,5,2.6645352591003757e-15,2.6645352591003757e-15,4.0590615681633935
29,5,random,6,1.7763568394002505e-15,1.7763568394002505e-15,1.8266627001720437
29,5,random,7,8.881784197001252e-16,3.1086244689504383e-15,3.581527262499506
29,5,random,8,3.552713678800501e-15,8.881784197001252e-16,4.076762689129517
29,5,random,9,3.552713678800501e-15,5.329070518200751e-15,6.470963522054973
29,5,random,10,8.881784197001252e-16,8.881784197001252e-16,0.1364504082575948
29,5,random,11,8.881784197001252e-16,8.881784197001252e-16,0.13858924017235097
29,5,random,12,2.6645352591003757e-15,8.881784197001252e-16,0.1934014801175934
29,5,random,13,1.7763568394002505e-15,1.7763568394002505e-15,0.09533461187203329
29,5,random,14,1.7763568394002505e-15,1.7763568394002505e-15,0.6519701908850379
29,5,random,15,4.440892098500626e-16,4.440892098500626e-16,1.6690635604427513
29,5,random,16,1.7763568394002505e-15,1.7763568394002505e-15,0.6595520890672333
29,5,random,17,3.552713678800501e-15,0.0,2.4450630375788265
29,5,random,18,1.7763568394002505e-15,1.7763568394002505e-15,0.6475726292865787
29,5,random,19,5.329070518200751e-15,3.552713678800501e-15,1.6643438569468785
29,8,simplex,0,0.0,0.0,5.62429604263076
29,8,simplex,1,0.0,3.552713678800501e-15,2.1071389493874264
29,8,simplex,2,0.0,7.105427357601002e-15,0.6798071859524981
29,8,simplex,3,1.7763568394002505e-15,3.552713678800501e-15,3.470093005659855
29,8,simplex,4,8.881784197001252e-16,2.6645352591003757e-15,1.5308128611079113
29,8,simplex,5,3.552713678800501e-15,4.440892098500626e-15,0.9998021884918842
29,8,simplex,6,8.881784197001252e-15,1.7763568394002505e-15,4.916268672401529
29,8,simplex,7,3.552713678800501e-15,4.440892098500626e-16,1.7339577531645318
29,8,simplex,8,4.440892098500626e-15,3.552713678800501e-15,4.6140109224756
29,8,simplex,9,3.552713678800501e-15,3.552713678800501e-15,0.8845195876140082
29,8,simplex,10,1.7763568394002505e-15,1.7763568394002505e-15,2.3599053787558546
29,8,simplex,11,0.0,3.552713678800501e-15,0.9516754495429325
29,8,simplex,12,0.0,0.0,10.356694294058713
29,8,simplex,13,1.7763568394002505e-15,1.7763568394002505e-15,0.8085835654649429
29,8,simplex,14,4.440892098500626e-16,3.9968028886505635e-15,4.618769797182267
29,8,simplex,15,3.552713678800501e-15,3.552713678800501e-15,0.10099673213947824
29,8,simplex,16,1.7763568394002505e-15,8.881784197001252e-16,0.525699340160152
29,8,simplex,17,7.105427357601002e-15,3.552713678800501e-15,1.5024718719005108
29,8,simplex,18,0.0,3.552713678800501e-15,4.4595272676265765
29,8,simplex,19,3.552713678800501e-15,3.552713678800501e-15,2.6390348202306058
29,8,random,0,1.7763568394002505e-15,1.4432899320127035e-15,7.039089375895578
29,8,random,1,1.7763568394002505e-15,0.0,7.075633962943243
29,8,random,2,0.0,0.0,0.19981213247422147
29,8,random,3,8.881784197001252e-16,4.440892098500626e-16,4.909225090986553
29,8,random,4,0.0,8.881784197001252e-16,2.2890384907298795
29,8,random,5,3.552713678800501e-15,3.552713678800501e-15,5.764343457743728
29,8,random,6,0.0,3.552713678800501e-15,12.842611220193248
29,8,random,7,1.7763568394002505e-15,3.552713678800501e-15,3.871700166373955
29,8,random,8,3.552713678800501e-15,0.0,4.670965456894109
29,8,random,9,3.552713678800501e-15,3.552713678800501e-15,0.7859769099402172
29,8,random,10,1.7763568394002505e-15,1.7763568394002505e-15,1.885325900749983
29,8,random,11,3.552713678800501e-15,1.7763568394002505e-15,2.33138012655931
29,8,random,12,1.7763568394002505e-15,0.0,3.5579130841923643
29,8,random,13,4.440892098500626e-15,1.7763568394002505e-15,1.749021889768052
29,8,random,14,3.552713678800501e-15,3.552713678800501e-15,2.1027968054016952
29,8,random,15,4.884981308350689e-15,7.105427357601002e-15,3.4096254441922227
29,8,random,16,3.552713678800501e-15,0.0,1.7973635086969395
29,8,random,17,8.881784197001252e-16,5.329070518200751e-15,2.3798108623880836
29,8,random,18,4.440892098500626e-16,8.881784197001252e-16,2.1008748619722866
29,8,random,19,4.440892098500626e-16,1.7763568394002505e-15,0.3788544517849459
30,1,simplex,0,2.6645352591003757e-15,0.0,0.1355018430392647
30,1,simplex,1,2.220446049250313e-16,8.881784197001252e-16,0.12472754709578115
30,1,simplex,2,1.7763568394002505e-15,8.881784197001252e-16,0.21386451792329786
30,1,simplex,3,8.881784197001252e-16,4.440892098500626e-16,0.102819577019573
30,1,simplex,4,1.7763568394002505e-15,1.7763568394002505e-15,0.2366908332684856
30,1,simplex,5,0.0,0.0,0.050379229659415437
30,1,simplex,6,1.7763568394002505e-15,3.552713678800501e-15,5.983012990870002
30,1,simplex,7,1.3322676295501878e-15,1.3322676295501878e-15,0.3120558892193017
30,1,simplex,8,2.220446049250313e-16,2.220446049250313e-16,1.541406926122276
30,1,simplex,9,0.0,8.881784197001252e-16,2.940154754848603
30,1,simplex,10,1.7763568394002505e-15,0.0,2.4002653040551865
30,1,simplex,11,8.881784197001252e-16,0.0,0.42546728176230797
30,1,simplex,12,4.440892098500626e-16,5.551115123125783e-16,0.4326202602568703
30,1,simplex,13,4.440892098500626e-16,8.881784197001252e-16,1.4820569734683886
30,1,simplex,14,0.0,0.0,0.1543095608830818
30,1,simplex,15,0.0,4.440892098500626e-16,0.506382352373612
30,1,simplex,16,4.440892098500626e-16,8.881784197001252e-16,0.35610066417120834
30,1,simplex,17,0.0,0.0,0.4567808406193361
30,1,simplex,18,0.0,2.220446049250313e-16,0.009528874997642767
30,1,simplex,19,0.0,4.440892098500626e-16,3.0414460652087394
30,1,random,0,6.661338147750939e-16,2.220446049250313e-16,1.7204776925867211
30,1,random,1,8.881784197001252e-16,8.881784197001252e-16,0.4487663232612089
30,1,random,2,3.3306690738754696e-16,6.661338147750939e-16,1.7150042912021854
30,1,random,3,1.1102230246251565e-15,2.220446049250313e-16,1.0791965036884559
30,1,random,4,0.0,3.3306690738754696e-16,0.2701575268023326
30,1,random,5,1.3322676295501878e-15,6.661338147750939e-16,0.26379047072957285
30,1,random,6,1.3322676295501878e-15,1.3322676295501878e-15,0.5277807765611655
30,1,random,7,8.881784197001252e-16,8.881784197001252e-16,1.0867579799210572
30,1,random,8,0.0,0.0,0.009262230500118651
30,1,random,9,0.0,0.0,0.3136496810910341
30,1,random,10,2.6645352591003757e-15,2.6645352591003757e-15,8.968076633614224
30,1,random,11,0.0,0.0,0.4802782325200816
30,1,random,12,0.0,4.440892098500626e-16,0.1364535484765632
30,1,random,13,6.661338147750939e-16,4.440892098500626e-16,1.9657983178023306
30,1,random,14,8.881784197001252e-16,0.0,0.16967832956662576
30,1,random,15,8.881784197001252e-16,2.220446049250313e-16,0.5112682113112987
30,1,random,16,6.661338147750939e-16,1.5543122344752192e-15,1.9806788330622762
30,1,random,17,1.7763568394002505e-15,8.881784197001252e-16,4.946526599718796
30,1,random,18,4.440892098500626e-16,0.0,0.2588471154195098
30,1,random,19,0.0,0.0,1.0695924879247896
30,2,simplex,0,3.552713678800501e-15,0.0,0.053842073009922053
30,2,simplex,1,1.7763568394002505e-15,8.881784197001252e-16,5.921606482774797
30,2,simplex,2,1.3322676295501878e-15,4.440892098500626e-16,0.8900116665475721
30,2,simplex,3,3.1086244689504383e-15,4.440892098500626e-16,3.4459111890270258
30,2,simplex,4,8.881784197001252e-16,8.881784197001252e-16,0.4889802188220074
30,2,simplex,5,0.0,1.7763568394002505e-15,3.4118423785320076
30,2,simplex,6,0.0,4.440892098500626e-16,0.7262714429913153
30,2,simplex,7,2.220446049250313e-16,2.220446049250313e-16,1.6030101576064908
30,2,simplex,8,0.0,1.7763568394002505e-15,3.3884859664545957
30,2,simplex,9,0.0,0.0,6.738200092136665
30,2,simplex,10,0.0,8.881784197001252e-16,1.362570443692423
30,2,simplex,11,3.552713678800501e-15,1.7763568394002505e-15,1.0963626716122903
30,2,simplex,12,8.881784197001252e-16,0.0,1.4716522467664497
30,2,simplex,13,1.7763568394002505e-15,3.552713678800501e-15,0.6012991595892192
30,2,simplex,14,4.440892098500626e-16,0.0,0.5285146231132343
30,2,simplex,15,0.0,2.6645352591003757e-15,3.3749303758434603
30,2,simplex,16,1.7763568394002505e-15,0.0,1.0361880818116767
30,2,simplex,17,8.881784197001252e-16,4.440892098500626e-16,2.5036363647139694
30,2,simplex,18,2.886579864025407e-15,4.440892098500626e-16,2.0227529198034
30,2,simplex,19,8.881784197001252e-16,1.1102230246251565e-15,1.0190950581381557
30,2,random,0,8.881784197001252e-16,8.881784197001252e-16,0.8833387631721088
30,2,random,1,8.881784197001252e-16,8.881784197001252e-16,2.549262649321065
30,2,random,2,6.661338147750939e-16,4.440892098500626e-16,0.8885649729688723
30,2,random,3,1.7763568394002505e-15,0.0,2.201010235089548
30,2,random,4,4.440892098500626e-16,2.220446049250313e-16,2.221733850583977
30,2,random,5,0.0,1.7763568394002505e-15,1.0824913383860153
30,2,random,6,0.0,0.0,3.801967711663579
30,2,random,7,4.440892098500626e-16,4.440892098500626e-16,1.34235766095121
30,2,random,8,8.881784197001252e-16,8.881784197001252e-16,1.4197018589255421
30,2,random,9,3.1086244689504383e-15,1.7763568394002505e-15,7.9524987112533445
30,2,random,10,8.881784197001252e-16,1.7763568394002505e-15,1.9292340687004996
30,2,random,11,4.440892098500626e-16,0.0,1.0730915735949296
30,2,random,12,1.7763568394002505e-15,0.0,0.1756521766468424
30,2,random,13,1.7763568394002505e-15,0.0,1.3416485638394775
30,2,random,14,0.0,3.552713678800501e-15,4.350781118708733
30,2,random,15,1.7763568394002505e-15,2.6645352591003757e-15,1.942743513538442
30,2,random,16,0.0,1.5543122344752192e-15,3.5945736834800286
30,2,random,17,1.9984014443252818e-15,1.9984014443252818e-15,2.3643410098034465
30,2,random,18,8.881784197001252e-16,4.440892098500626e-16,0.2764017415652358
30,2,random,19,0.0,1.7763568394002505e-15,3.740148126279742
30,3,simplex,0,0.0,0.0,4.62818325479544
30,3,simplex,1,0.0,1.7763568394002505e-15,1.8933431864638237
30,3,simplex,2,3.9968028886505635e-15,3.552713678800501e-15,0.5401587563719268
30,3,simplex,3,1.3322676295501878e-15,2.220446049250313e-15,1.4919376451004744
30,3,simplex,4,0.0,1.7763568394002505e-15,2.0491868381759275
30,3,simplex,5,0.0,4.440892098500626e-16,2.6409657252420864
30,3,simplex,6,2.6645352591003757e-15,0.0,3.872288414703874
30,3,simplex,7,1.7763568394002505e-15,3.552713678800501e-15,2.2408175064398037
30,3,simplex,8,2.220446049250313e-15,1.3322676295501878e-15,1.5771426183981347
30,3,simplex,9,4.440892098500626e-16,4.440892098500626e-16,3.9117617718189948
30,3,simplex,10,1.7763568394002505e-15,1.7763568394002505e-15,0.8471312958048856
30,3,simplex,11,8.881784197001252e-16,8.881784197001252e-16,0.2796501567208338
30,3,simplex,12,8.881784197001252e-16,2.220446049250313e-16,3.856898806156366
30,3,simplex,13,8.881784197001252e-16,2.220446049250313e-15,2.230667155782246
30,3,simplex,14,1.7763568394002505e-15,2.6645352591003757e-15,3.4441715628723344
30,3,simplex,15,6.661338147750939e-16,0.0,5.0508088137202005
30,3,simplex,16,8.881784197001252e-16,3.552713678800501e-15,5.5496434934927485
30,3,simplex,17,3.552713678800501e-15,1.7763568394002505e-15,1.8541237029303872
30,3,simplex,18,1.7763568394002505e-15,1.7763568394002505e-15,1.1704336586584603
30,3,simplex,19,0.0,0.0,1.1379804116588943
30,3,random,0,0.0,0.0,0.9575892815898683
30,3,random,1,1.7763568394002505e-15,4.440892098500626e-16,0.15006033120970486
30,3,random,2,1.7763568394002505e-15,0.0,0.35040190472346566
30,3,random,3,0.0,0.0,2.959364393806837
30,3,random,4,0.0,0.0,1.5658868751498574
30,3,random,5,8.881784197001252e-16,4.440892098500626e-16,4.740755163791839
30,3,random,6,1.7763568394002505e-15,3.552713678800501e-15,2.358487147763338
30,3,random,7,8.881784197001252e-16,1.7763568394002505e-15,0.3319470989460953
30,3,random,8,4.440892098500626e-16,8.881784197001252e-16,3.872639758235465
30,3,random,9,1.3322676295501878e-15,2.220446049250313e-16,1.367738716302533
30,3,random,10,1.7763568394002505e-15,3.552713678800501e-15,5.841616133691943
30,3,random,11,0.0,0.0,2.369712315055583
30,3,random,12,1.7763568394002505e-15,1.7763568394002505e-15,0.13334379141452501
30,3,random,13,1.7763568394002505e-15,1.7763568394002505e-15,0.3546756467966077
30,3,random,14,8.881784197001252e-16,2.6645352591003757e-15,0.10255010202748593
30,3,random,15,2.6645352591003757e-15,4.440892098500626e-16,0.3714028430207392
30,3,random,16,8.881784197001252e-16,1.7763568394002505e-15,0.1863255702662201
30,3,random,17,0.0,1.7763568394002505e-15,0.09851364008925145
30,3,random,18,1.3322676295501878e-15,4.440892098500626e-16,1.291405489856679
30,3,random,19,8.881784197001252e-16,1.3322676295501878e-15,2.6483590165912396
30,4,simplex,0,1.7763568394002505e-15,1.7763568394002505e-15,2.1161557062347853
30,4,simplex,1,8.881784197001252e-16,6.661338147750939e-16,0.6886095400525605
30,4,simplex,2,8.881784197001252e-16,8.881784197001252e-16,0.9415995964286807
30,4,simplex,3,0.0,1.7763568394002505e-15,5.459803337414627
30,4,simplex,4,0.0,8.881784197001252e-16,3.1086722791241854
30,4,simplex,5,1.7763568394002505e-15,1.7763568394002505e-15,1.069322560012889
30,4,simplex,6,2.6645352591003757e-15,2.4424906541753444e-15,1.5123669965079607
30,4,simplex,7,1.7763568394002505e-15,2.220446049250313e-15,1.0329552068530674
30,4,simplex,8,3.552713678800501e-15,0.0,0.29963470923703284
30,4,simplex,9,0.0,0.0,3.4137363573984274
30,4,simplex,10,1.7763568394002505e-15,8.881784197001252e-16,1.7815684262172624
30,4,simplex,11,0.0,0.0,1.9438373122309152
30,4,simplex,12,5.329070518200751e-15,1.7763568394002505e-15,6.01210805803818
30,4,simplex,13,8.881784197001252e-16,4.440892098500626e-16,0.4303076961110719
30,4,simplex,14,0.0,4.440892098500626e-16,3.418135631015744
30,4,simplex,15,3.552713678800501e-15,3.552713678800501e-15,3.764735816935561
30,4,simplex,16,3.9968028886505635e-15,1.3322676295501878e-15,1.8609546118138667
30,4,simplex,17,0.0,0.0,0.264481823128385
30,4,simplex,18,8.881784197001252e-16,0.0,0.46497417288675535
30,4,simplex,19,3.552713678800501e-15,3.552713678800501e-15,2.2618614138169235
30,4,random,0,3.552713678800501e-15,3.552713678800501e-15,3.152172563202061
30,4,random,1,3.552713678800501e-15,7.105427357601002e-15,3.446543712974183
30,4,random,2,1.7763568394002505e-15,0.0,3.535786090967388
30,4,random,3,2.220446049250313e-15,1.7763568394002505e-15,0.32406519350870155
30,4,random,4,8.881784197001252e-16,3.9968028886505635e-15,5.369194926233661
30,4,random,5,7.105427357601002e-15,0.0,0.1572246597347302
30,4,random,6,0.0,1.7763568394002505e-15,1.4892955463732314
30,4,random,7,8.881784197001252e-16,0.0,1.401043578202664
30,4,random,8,1.7763568394002505e-15,2.220446049250313e-15,6.640223259454547
30,4,random,9,8.881784197001252e-16,1.7763568394002505e-15,2.997766137425643
30,4,random,10,2.220446049250313e-15,1.3322676295501878e-15,6.688891400126394
30,4,random,11,1.7763568394002505e-15,0.0,2.067771016942473
30,4,random,12,1.7763568394002505e-15,8.881784197001252e-16,0.35717140306238804
30,4,random,13,1.7763568394002505e-15,3.552713678800501e-15,1.2721333282778247
30,4,random,14,8.881784197001252e-16,2.6645352591003757e-15,0.7004494199289191
30,4,random,15,5.329070518200751e-15,1.7763568394002505e-15,1.049321114520886
30,4,random,16,2.220446049250313e-15,2.220446049250313e-16,2.9760413685192617
30,4,random,17,1.7763568394002505e-15,2.6645352591003757e-15,3.2129188136875797
30,4,random,18,3.552713678800501e-15,1.7763568394002505e-15,1.1888697040206182
30,4,random,19,0.0,0.0,4.958568874339907
30,5,simplex,0,0.0,3.552713678800501e-15,0.8333512110662724
30,5,simplex,1,1.7763568394002505e-15,0.0,0.8798290698508495
30,5,simplex,2,1.3322676295501878e-15,4.440892098500626e-15,0.9098091494408749
30,5,simplex,3,1.7763568394002505e-15,1.7763568394002505e-15,5.063290257429074
30,5,simplex,4,3.552713678800501e-15,0.0,1.2898641973365361
30,5,simplex,5,3.552713678800501e-15,0.0,2.331368480290145
30,5,simplex,6,3.552713678800501e-15,1.7763568394002505e-15,1.5580549423454073
30,5,simplex,7,1.7763568394002505e-15,4.440892098500626e-16,4.1183155478967635
30,5,simplex,8,1.7763568394002505e-15,3.552713678800501e-15,0.599878253208189
30,5,simplex,9,0.0,0.0,3.2233247980482744
30,5,simplex,10,4.440892098500626e-16,2.6645352591003757e-15,2.4851922545924054
30,5,simplex,11,1.7763568394002505e-15,1.7763568394002505e-15,0.9619776779981919
30,5,simplex,12,8.881784197001252e-16,2.6645352591003757e-15,0.22827361038108762
30,5,simplex,13,1.7763568394002505e-15,0.0,0.7496355386396658
30,5,simplex,14,1.3322676295501878e-15,8.881784197001252e-16,2.4687647150840135
30,5,simplex,15,1.7763568394002505e-15,1.7763568394002505e-15,1.029459161743624
30,5,simplex,16,4.440892098500626e-16,1.3322676295501878e-15,1.2070249974329386
30,5,simplex,17,3.552713678800501e-15,0.0,4.243719645554492
30,5,simplex,18,1.7763568394002505e-15,1.7763568394002505e-15,5.826863768016835
30,5,simplex,19,2.6645352591003757e-15,1.7763568394002505e-15,4.7952525922471025
30,5,random,0,1.7763568394002505e-15,1.7763568394002505e-15,1.0006250186582548
30,5,random,1,1.7763568394002505e-15,3.552713678800501e-15,0.29522908992714036
30,5,random,2,3.552713678800501e-15,1.7763568394002505e-15,2.062934733356961
30,5,random,3,3.552713678800501e-15,0.0,2.159475002573771
30,5,random,4,3.1086244689504383e-15,4.440892098500626e-16,4.750365406649429
30,5,random,5,0.0,3.552713678800501e-15,2.3237728936542617
30,5,random,6,3.552713678800501e-15,3.552713678800501e-15,3.345564407543904
30,5,random,7,0.0,0.0,2.9914861033873024
30,5,random,8,3.552713678800501e-15,1.7763568394002505e-15,1.0178548655280508
30,5,random,9,0.0,7.105427357601002e-15,0.4533300442052379
30,5,random,10,8.881784197001252e-16,8.881784197001252e-16,3.5486658938058326
30,5,random,11,0.0,1.7763568394002505e-15,1.5548927791825946
30,5,random,12,1.7763568394002505e-15,1.7763568394002505e-15,0.8749294038479434
30,5,random,13,1.7763568394002505e-15,0.0,4.60781062305923
30,5,random,14,3.552713678800501e-15,0.0,2.593201564659463
30,5,random,15,3.552713678800501e-15,1.7763568394002505e-15,2.638866866983527
30,5,random,16,1.7763568394002505e-15,0.0,0.25952708736130603
30,5,random,17,1.3322676295501878e-15,4.440892098500626e-16,3.9443553810355496
30,5,random,18,4.440892098500626e-16,3.1086244689504383e-15,4.720827011337349
30,5,random,19,0.0,3.552713678800501e-15,3.7658496962587122
30,8,simplex,0,3.552713678800501e-15,1.7763568394002505e-15,2.0871261780378063
30,8,simplex,1,2.6645352591003757e-15,0.0,6.856485416757323
30,8,simplex,2,8.881784197001252e-16,1.7763568394002505e-15,0.4646898088048488
30,8,simplex,3,1.7763568394002505e-15,3.552713678800501e-15,1.7886990776273137
30,8,simplex,4,3.552713678800501e-15,7.105427357601002e-15,0.1561456168068034
30,8,simplex,5,0.0,0.0,2.751249456731628
30,8,simplex,6,8.881784197001252e-16,2.6645352591003757e-15,2.4844930460918846
30,8,simplex,7,3.552713678800501e-15,3.552713678800501e-15,0.240742715139163
30,8,simplex,8,1.7763568394002505e-15,0.0,9.453855500647713
30,8,simplex,9,1.7763568394002505e-15,1.7763568394002505e-15,2.6691368006262834
30,8,simplex,10,7.105427357601002e-15,5.329070518200751e-15,0.8480780115756374
30,8,simplex,11,3.552713678800501e-15,0.0,2.2963308238750813
30,8,simplex,12,4.440892098500626e-15,3.1086244689504383e-15,0.5081563209588609
30,8,simplex,13,8.881784197001252e-15,7.105427357601002e-15,6.319300606680343
30,8,simplex,14,0.0,3.552713678800501e-15,3.615433903565375
30,8,simplex,15,3.1086244689504383e-15,8.881784197001252e-16,3.4015384153867743
30,8,simplex,16,7.993605777301127e-15,2.6645352591003757e-15,3.4749279903317998
30,8,simplex,17,7.105427357601002e-15,7.993605777301127e-15,1.0045842280204624
30,8,simplex,18,1.7763568394002505e-15,5.329070518200751e-15,1.8124068639250197
30,8,simplex,19,3.552713678800501e-15,1.5543122344752192e-15,3.1799505189502355
30,8,random,0,0.0,3.552713678800501e-15,3.732133247651703
30,8,random,1,3.552713678800501e-15,3.552713678800501e-15,3.848787267581997
30,8,random,2,3.608224830031759e-15,1.7763568394002505e-15,0.6887148647497838
30,8,random,3,2.6645352591003757e-15,0.0,4.730849426261138
30,8,random,4,3.1086244689504383e-15,1.3322676295501878e-15,2.989296402649032
30,8,random,5,4.884981308350689e-15,1.3322676295501878e-15,0.6152485651893684
30,8,random,6,1.7763568394002505e-15,8.881784197001252e-16,2.77563510664082
30,8,random,7,0.0,8.881784197001252e-16,0.9637635092171379
30,8,random,8,3.552713678800501e-15,5.329070518200751e-15,1.7141050094123642
30,8,random,9,0.0,0.0,2.6978704160336164
30,8,random,10,0.0,3.552713678800501e-15,3.5687244676241505
30,8,random,11,1.7763568394002505e-15,7.105427357601002e-15,1.657041061902639
30,8,random,12,4.440892098500626e-16,4.440892098500626e-16,0.8683607335981378
30,8,random,13,3.552713678800501e-15,1.7763568394002505e-15,4.725006071956912
30,8,random,14,5.329070518200751e-15,3.552713678800501e-15,5.757162186605711
30,8,random,15,1.1102230246251565e-15,1.3322676295501878e-15,2.53969048827517
30,8,random,16,3.552713678800501e-15,3.552713678800501e-15,6.8402490574205785
30,8,random,17,1.7763568394002505e-15,8.881784197001252e-16,3.8707823949749667
30,8,random,18,1.3322676295501878e-15,3.1086244689504383e-15,1.8942689531370576
30,8,random,19,1.5543122344752192e-15,1.3322676295501878e-15,5.294777593505501
31,1,simplex,0,0.0,0.0,0.01602938772585194
31,1,simplex,1,0.0,8.881784197001252e-16,1.2245013337738198
31,1,simplex,2,0.0,4.440892098500626e-16,0.52991606733511
31,1,simplex,3,6.661338147750939e-16,0.0,0.2479704954520745
31,1,simplex,4,8.881784197001252e-16,0.0,2.1069903649822077
31,1,simplex,5,8.881784197001252e-16,8.881784197001252e-16,0.7047673449108629
31,1,simplex,6,0.0,0.0,0.21236011521096643
31,1,simplex,7,2.220446049250313e-16,0.0,0.001325932948487818
31,1,simplex,8,8.881784197001252e-16,8.881784197001252e-16,0.12373916742184576
31,1,simplex,9,6.661338147750939e-16,4.440892098500626e-16,6.492580126735877
31,1,simplex,10,0.0,0.0,5.503020098935655
31,1,simplex,11,0.0,2.220446049250313e-16,0.12749650856291694
31,1,simplex,12,8.881784197001252e-16,0.0,1.7673475104876104
31,1,simplex,13,8.881784197001252e-16,8.881784197001252e-16,1.3077655215519108
31,1,simplex,14,8.881784197001252e-16,0.0,1.4763084507065196
31,1,simplex,15,6.661338147750939e-16,6.661338147750939e-16,1.000521056115601
31,1,simplex,16,0.0,0.0,3.22097730572294
31,1,simplex,17,8.881784197001252e-16,8.881784197001252e-16,0.4698815574640096
31,1,simplex,18,2.220446049250313e-16,8.881784197001252e-16,1.8515529582814483
31,1,simplex,19,0.0,0.0,1.0383856429204457
31,1,random,0,4.440892098500626e-16,8.881784197001252e-16,0.5947462171074234
31,1,random,1,1.3322676295501878e-15,2.220446049250313e-15,0.41726448013018835
31,1,random,2,8.881784197001252e-16,1.7763568394002505e-15,3.5894734513268727
31,1,random,3,0.0,0.0,0.21889023120136208
31,1,random,4,0.0,1.3322676295501878e-15,3.0620360807240568
31,1,random,5,0.0,0.0,0.025195178808128382
31,1,random,6,0.0,1.7763568394002505e-15,1.9396914521903144
31,1,random,7,1.7763568394002505e-15,1.7763568394002505e-15,1.4228280812489849
31,1,random,8,0.0,0.0,1.3855910807301859
31,1,random,9,4.440892098500626e-16,4.440892098500626e-16,0.13811765867933978
31,1,random,10,0.0,0.0,0.29908979919643564
31,1,random,11,8.881784197001252e-16,0.0,1.1314063576451119
31,1,random,12,0.0,4.440892098500626e-16,0.03930085999858424
31,1,random,13,0.0,8.881784197001252e-16,0.31335587435398615
31,1,random,14,8.881784197001252e-16,8.881784197001252e-16,0.7936147690392161
31,1,random,15,0.0,0.0,0.6924995458700933
31,1,random,16,0.0,4.440892098500626e-16,0.571361165315702
31,1,random,17,1.1102230246251565e-15,1.0547118733938987e-15,0.7754364183479598
31,1,random,18,0.0,1.1102230246251565e-15,6.22100903870978
31,1,random,19,3.3306690738754696e-16,3.3306690738754696e-16,0.11556655243305514
31,2,simplex,0,2.6645352591003757e-15,4.440892098500626e-15,1.30024463731435
31,2,simplex,1,1.7763568394002505e-15,4.440892098500626e-16,1.9269570827891016
31,2,simplex,2,8.881784197001252e-16,0.0,0.8876736644526311
31,2,simplex,3,4.440892098500626e-16,4.440892098500626e-16,2.9554219494538927
31,2,simplex,4,8.881784197001252e-16,8.881784197001252e-16,0.6938160525933341
31,2,simplex,5,0.0,0.0,0.9224157526847616
31,2,simplex,6,0.0,1.7763568394002505e-15,0.784753173011346
31,2,simplex,7,8.881784197001252e-16,0.0,0.8012307336460864
31,2,simplex,8,3.552713678800501e-15,1.7763568394002505e-15,3.571550651421454
31,2,simplex,9,2.220446049250313e-16,7.771561172376096e-16,2.6353475938877224
31,2,simplex,10,2.220446049250313e-15,4.440892098500626e-16,0.7111223036810106
31,2,simplex,11,3.1086244689504383e-15,3.1086244689504383e-15,1.8756118285748116
31,2,simplex,12,0.0,0.0,0.4261563310412839
31,2,simplex,13,8.881784197001252e-16,0.0,1.2526624005046472
31,2,simplex,14,8.881784197001252e-16,4.440892098500626e-16,0.30233803321197783
31,2,simplex,15,4.440892098500626e-15,3.552713678800501e-15,1.1086560791000615
31,2,simplex,16,1.7763568394002505e-15,0.0,7.607510232430863
31,2,simplex,17,1.3322676295501878e-15,8.881784197001252e-16,7.1430097190073205
31,2,simplex,18,0.0,1.3322676295501878e-15,0.3480642363910533
31,2,simplex,19,8.881784197001252e-16,2.220446049250313e-16,1.1330119888937116
31,2,random,0,3.9968028886505635e-15,8.881784197001252e-16,2.49893961002401
31,2,random,1,3.552713678800501e-15,3.552713678800501e-15,1.4741500348230403
31,2,random,2,3.552713678800501e-15,3.552713678800501e-15,3.2318831168029334
31,2,random,3,8.881784197001252e-16,0.0,3.321600933711373
31,2,random,4,1.7763568394002505e-15,1.7763568394002505e-15,0.18262479065028003
31,2,random,5,3.552713678800501e-15,3.552713678800501e-15,0.8040507439075029
31,2,random,6,1.9984014443252818e-15,8.881784197001252e-16,0.014307362999730344
31,2,random,7,8.881784197001252e-16,2.6645352591003757e-15,0.14174348323756902
31,2,random,8,6.661338147750939e-16,2.220446049250313e-16,0.5706979967951682
31,2,random,9,4.440892098500626e-16,8.881784197001252e-16,0.06857702919189279
31,2,random,10,0.0,1.7763568394002505e-15,0.8314938157968044
31,2,random,11,0.0,1.7763568394002505e-15,1.8799398736465136
31,2,random,12,0.0,1.7763568394002505e-15,2.096298935391051
31,2,random,13,1.1102230246251565e-16,1.1102230246251565e-16,1.4251267827400902
31,2,random,14,8.881784197001252e-16,0.0,3.3488797984089302
31,2,random,15,2.220446049250313e-16,1.9984014443252818e-15,0.43091294291948756
31,2,random,16,4.440892098500626e-16,4.440892098500626e-16,6.10844095574156
31,2,random,17,3.552713678800501e-15,0.0,0.1252334427039088
31,2,random,18,0.0,8.881784197001252e-16,1.2573545345183774
31,2,random,19,0.0,1.7763568394002505e-15,1.597069575326529
31,3,simplex,0,1.7763568394002505e-15,1.7763568394002505e-15,2.7930205810132342
31,3,simplex,1,1.7763568394002505e-15,1.7763568394002505e-15,0.9938049133477129
31,3,simplex,2,4.440892098500626e-16,4.440892098500626e-16,4.508465665797669
31,3,simplex,3,1.7763568394002505e-15,8.881784197001252e-16,3.599602328134079
31,3,simplex,4,8.881784197001252e-16,0.0,3.898987777982974
31,3,simplex,5,1.7763568394002505e-15,0.0,1.335414649464326
31,3,simplex,6,0.0,0.0,0.4137620524794965
31,3,simplex,7,1.7763568394002505e-15,8.881784197001252e-16,0.6534238354526423
31,3,simplex,8,0.0,8.881784197001252e-16,1.8109424560055487
31,3,simplex,9,8.881784197001252e-16,8.881784197001252e-16,0.049073757564229936
31,3,simplex,10,1.7763568394002505e-15,1.7763568394002505e-15,11.399812141277945
31,3,simplex,11,3.552713678800501e-15,2.6645352591003757e-15,1.9577643304101855
31,3,simplex,12,1.7763568394002505e-15,1.7763568394002505e-15,2.327360770562464
31,3,simplex,13,0.0,4.440892098500626e-16,1.0849958868426803
31,3,simplex,14,8.881784197001252e-16,2.1094237467877974e-15,0.7307859116424744
31,3,simplex,15,0.0,0.0,0.35271653101438005
31,3,simplex,16,1.7763568394002505e-15,1.7763568394002505e-15,0.3076720797107413
31,3,simplex,17,1.7763568394002505e-15,0.0,2.4761109938341264
31,3,simplex,18,1.7763568394002505e-15,4.440892098500626e-16,1.243590884029203
31,3,simplex,19,0.0,3.552713678800501e-15,0.8832664162357631
31,3,random,0,1.7763568394002505e-15,1.7763568394002505e-15,3.7991445115351254
31,3,random,1,1.5543122344752192e-15,1.9984014443252818e-15,3.0337449060650528
31,3,random,2,0.0,0.0,3.112699159517412
31,3,random,3,0.0,8.881784197001252e-16,2.1002178655385393
31,3,random,4,4.440892098500626e-16,4.440892098500626e-16,2.1644920835138706
31,3,random,5,2.220446049250313e-15,1.3322676295501878e-15,2.953650123289581
31,3,random,6,1.7763568394002505e-15,1.7763568394002505e-15,2.115321278547576
31,3,random,7,1.7763568394002505e-15,1.7763568394002505e-15,1.9810396946020816
31,3,random,8,0.0,0.0,4.573748547502724
31,3,random,9,1.7763568394002505e-15,8.881784197001252e-16,1.1365566321134608
31,3,random,10,1.7763568394002505e-15,1.7763568394002505e-15,2.125158180645464
31,3,random,11,8.881784197001252e-16,8.881784197001252e-16,1.6319708025610282
31,3,random,12,1.7763568394002505e-15,8.881784197001252e-16,1.3526500718619303
31,3,random,13,1.7763568394002505e-15,3.552713678800501e-15,0.17492149427011228
31,3,random,14,1.7763568394002505e-15,0.0,3.1958000652840735
31,3,random,15,1.7763568394002505e-15,0.0,1.1558722445486147
31,3,random,16,0.0,1.7763568394002505e-15,3.760348395706046
31,3,random,17,3.552713678800501e-15,1.7763568394002505e-15,2.5744180649390813
31,3,random,18,0.0,8.881784197001252e-16,0.028555919875309144
31,3,random,19,4.440892098500626e-16,2.220446049250313e-16,1.8152159790306683
31,4,simplex,0,0.0,3.552713678800501e-15,3.5029241898198933
31,4,simplex,1,8.881784197001252e-16,4.440892098500626e-16,3.171175859887935
31,4,simplex,2,2.220446049250313e-15,4.440892098500626e-16,1.4429341973227068
31,4,simplex,3,3.552713678800501e-15,0.0,1.2077241598153918
31,4,simplex,4,8.881784197001252e-16,8.881784197001252e-16,0.6640244154070452
31,4,simplex,5,8.881784197001252e-15,1.7763568394002505e-15,1.447073166589412
31,4,simplex,6,8.881784197001252e-16,8.881784197001252e-16,3.157800703179227
31,4,simplex,7,1.7763568394002505e-15,0.0,1.243202314327597
31,4,simplex,8,4.440892098500626e-16,8.881784197001252e-16,0.19339005226219186
31,4,simplex,9,0.0,0.0,0.2851415061339253
31,4,simplex,10,1.7763568394002505e-15,0.0,4.901881997851895
31,4,simplex,11,2.6645352591003757e-15,1.7763568394002505e-15,2.4014668106654184
31,4,simplex,12,3.1086244689504383e-15,1.3322676295501878e-15,0.1920690850422666
31,4,simplex,13,3.774758283725532e-15,2.886579864025407e-15,0.03195604431818211
31,4,simplex,14,5.329070518200751e-15,1.7763568394002505e-15,0.3110373224840117
31,4,simplex,15,8.881784197001252e-16,1.7763568394002505e-15,2.560052128162617
31,4,simplex,16,3.552713678800501e-15,4.440892098500626e-16,0.11965043311077395
31,4,simplex,17,3.1086244689504383e-15,3.9968028886505635e-15,3.494177384114181
31,4,simplex,18,8.881784197001252e-16,1.7763568394002505e-15,3.377009679344823
31,4,simplex,19,2.6645352591003757e-15,8.881784197001252e-16,1.6421405997326417
31,4,random,0,1.7763568394002505e-15,0.0,2.9932206846905274
31,4,random,1,3.552713678800501e-15,1.7763568394002505e-15,1.9178518497902175
31,4,random,2,6.217248937900877e-15,2.6645352591003757e-15,0.5772108245554008
31,4,random,3,8.881784197001252e-16,0.0,6.788515352302081
31,4,random,4,1.1102230246251565e-16,1.6653345369377348e-15,1.251524516403947
31,4,random,5,6.217248937900877e-15,1.7763568394002505e-15,1.6697877919552901
31,4,random,6,1.7763568394002505e-15,1.7763568394002505e-15,6.259291496088078
31,4,random,7,3.552713678800501e-15,8.881784197001252e-16,5.356222362837897
31,4,random,8,8.881784197001252e-16,0.0,0.3665238957343746
31,4,random,9,1.7763568394002505e-15,8.881784197001252e-16,2.952832380306326
31,4,random,10,1.1102230246251565e-15,1.1102230246251565e-15,0.5775726642212895
31,4,random,11,1.7763568394002505e-15,1.7763568394002505e-15,1.6516584249627648
31,4,random,12,4.440892098500626e-15,2.220446049250313e-15,3.189252875730304
31,4,random,13,4.884981308350689e-15,8.881784197001252e-16,0.35374092223340625
31,4,random,14,0.0,0.0,0.3791198453707665
31,4,random,15,3.552713678800501e-15,3.552713678800501e-15,0.27469772109112256
31,4,random,16,1.7763568394002505e-15,0.0,6.272393021544801
31,4,random,17,3.9968028886505635e-15,1.3322676295501878e-15,8.612777000004208
31,4,random,18,5.329070518200751e-15,3.552713678800501e-15,2.5554481722917473
31,4,random,19,1.9984014443252818e-15,2.6645352591003757e-15,2.471453562031261
31,5,simplex,0,3.552713678800501e-15,1.7763568394002505e-15,1.9783559918446443
31,5,simplex,1,0.0,0.0,2.2494298023493045
31,5,simplex,2,8.881784197001252e-16,4.440892098500626e-16,1.848813089595179
31,5,simplex,3,2.4424906541753444e-15,3.3306690738754696e-15,0.42012766525348155
31,5,simplex,4,0.0,0.0,2.6922865579181376
31,5,simplex,5,3.552713678800501e-15,3.552713678800501e-15,2.3576114443807086
31,5,simplex,6,8.881784197001252e-16,1.7763568394002505e-15,0.9762796879384226
31,5,simplex,7,2.886579864025407e-15,3.552713678800501e-15,4.269504923578715
31,5,simplex,8,3.552713678800501e-15,1.7763568394002505e-15,3.1445995102625375
31,5,simplex,9,1.7763568394002505e-15,1.7763568394002505e-15,2.070865371217451
31,5,simplex,10,4.440892098500626e-15,4.440892098500626e-15,3.492058845763104
31,5,simplex,11,1.7763568394002505e-15,8.881784197001252e-16,1.050659765663628
31,5,simplex,12,7.105427357601002e-15,0.0,2.7297293274552743
31,5,simplex,13,2.6645352591003757e-15,5.329070518200751e-15,1.368544678016704
31,5,simplex,14,3.552713678800501e-15,1.7763568394002505e-15,8.20688312050082
31,5,simplex,15,5.329070518200751e-15,1.7763568394002505e-15,8.721961304647802
31,5,simplex,16,5.329070518200751e-15,3.552713678800501e-15,0.9848155121523163
31,5,simplex,17,3.552713678800501e-15,0.0,1.847848350309107
31,5,simplex,18,0.0,3.552713678800501e-15,2.7866394186159624
31,5,simplex,19,0.0,0.0,1.4714612376951095
31,5,random,0,1.7763568394002505e-15,5.329070518200751e-15,0.2070818410931956
31,5,random,1,3.552713678800501e-15,0.0,0.6540242464914598
31,5,random,2,1.7763568394002505e-15,1.7763568394002505e-15,0.13259672051751892
31,5,random,3,1.7763568394002505e-15,0.0,0.7428066074587889
31,5,random,4,2.220446049250313e-15,5.773159728050814e-15,1.232199504137398
31,5,random,5,1.7763568394002505e-15,0.0,1.520224956805862
31,5,random,6,0.0,4.440892098500626e-15,2.0227387646371042
31,5,random,7,1.7763568394002505e-15,0.0,2.081788439169692
31,5,random,8,0.0,3.552713678800501e-15,0.05624268043693803
31,5,random,9,1.7763568394002505e-15,0.0,3.072308122333748
31,5,random,10,2.6645352591003757e-15,1.7763568394002505e-15,3.5162480127438656
31,5,random,11,3.552713678800501e-15,1.1102230246251565e-15,1.544408074816829
31,5,random,12,3.552713678800501e-15,3.552713678800501e-15,0.8667958841152625
31,5,random,13,3.552713678800501e-15,3.552713678800501e-15,6.078058953039765
31,5,random,14,0.0,0.0,4.391591269372498
31,5,random,15,1.7763568394002505e-15,3.552713678800501e-15,7.515474103017077
31,5,random,16,7.105427357601002e-15,1.7763568394002505e-15,0.5263793890177197
31,5,random,17,1.3322676295501878e-15,8.881784197001252e-16,0.46413659259065554
31,5,random,18,1.7763568394002505e-15,1.7763568394002505e-15,1.9273864026970315
31,5,random,19,3.552713678800501e-15,0.0,7.6968998996894555
31,8,simplex,0,1.7763568394002505e-15,1.7763568394002505e-15,1.759287664297645
31,8,simplex,1,0.0,3.552713678800501e-15,0.7841309138898183
31,8,simplex,2,4.884981308350689e-15,8.881784197001252e-16,6.423136057951979
31,8,simplex,3,0.0,0.0,0.18818596636197782
31,8,simplex,4,3.552713678800501e-15,3.552713678800501e-15,2.1129953152197416
31,8,simplex,5,0.0,0.0,3.78858441695337
31,8,simplex,6,0.0,5.329070518200751e-15,7.953618340107411
31,8,simplex,7,3.552713678800501e-15,7.105427357601002e-15,1.8278992617395389
31,8,simplex,8,3.552713678800501e-15,3.552713678800501e-15,2.0071900011196675
31,8,simplex,9,0.0,0.0,3.972108050923154
31,8,simplex,10,1.7763568394002505e-15,1.7763568394002505e-15,2.248545790405757
31,8,simplex,11,1.7763568394002505e-15,1.7763568394002505e-15,1.839361371632144
31,8,simplex,12,3.1086244689504383e-15,4.884981308350689e-15,1.5234033996480036
31,8,simplex,13,7.105427357601002e-15,3.552713678800501e-15,6.2480282070342525
31,8,simplex,14,3.552713678800501e-15,0.0,0.9829871845102574
31,8,simplex,15,1.7763568394002505e-15,1.7763568394002505e-15,1.9955261542223894
31,8,simplex,16,2.6645352591003757e-15,1.7763568394002505e-15,1.0680524509537292
31,8,simplex,17,0.0,1.3322676295501878e-15,3.927761853544702
31,8,simplex,18,1.3322676295501878e-15,1.7763568394002505e-15,8.383560278657214
31,8,simplex,19,2.220446049250313e-15,1.3322676295501878e-15,2.5860044274721616
31,8,random,0,1.7763568394002505e-15,0.0,4.470422982309913
31,8,random,1,5.329070518200751e-15,6.217248937900877e-15,0.3081723338111857
31,8,random,2,0.0,1.7763568394002505e-15,4.054291638471398
31,8,random,3,0.0,0.0,10.984360392060637
31,8,random,4,4.440892098500626e-15,2.220446049250313e-15,2.9667286551273264
31,8,random,5,1.7763568394002505e-15,0.0,8.364151222055469
31,8,random,6,3.552713678800501e-15,8.881784197001252e-16,1.023851047445845
31,8,random,7,1.3322676295501878e-15,3.552713678800501e-15,2.3634567579552623
31,8,random,8,0.0,0.0,0.23562156488434738
31,8,random,9,3.552713678800501e-15,8.881784197001252e-16,0.11407931828914286
31,8,random,10,3.552713678800501e-15,3.552713678800501e-15,0.046462598041784986
31,8,random,11,1.7763568394002505e-15,5.329070518200751e-15,1.3690160571036785
31,8,random,12,0.0,3.552713678800501e-15,1.0275657878893156
31,8,random,13,7.105427357601002e-15,3.552713678800501e-15,2.2190595871556695
31,8,random,14,8.881784197001252e-16,4.440892098500626e-16,2.645355283402253
31,8,random,15,3.552713678800501e-15,1.7763568394002505e-15,4.344516017411003
31,8,random,16,3.552713678800501e-15,0.0,0.922362584435632
31,8,random,17,4.440892098500626e-16,2.220446049250313e-15,0.04926037253841287
31,8,random,18,7.105427357601002e-15,5.329070518200751e-15,6.814354945011836
31,8,random,19,2.6645352591003757e-15,1.3322676295501878e-15,3.0959355601958976
